ISO-10303-21;
HEADER;
FILE_DESCRIPTION(('STEP AP242'),'1');
FILE_NAME('0731711900.stp','2024-12-06T19:08:50',('TraceParts'),('TraceParts S.A.'),'Spatial InterOp 3D',' ',' ');
FILE_SCHEMA(('AP242_MANAGED_MODEL_BASED_3D_ENGINEERING_MIM_LF  {1 0 10303 442 1 1 4}'));
ENDSEC;
DATA;
#1=PRODUCT_DEFINITION_CONTEXT('',#11,'design');
#2=APPLICATION_PROTOCOL_DEFINITION('INTERNATIONAL STANDARD','ap242_managed_model_based_3d_engineering',2014,#11);
#3=PRODUCT_CATEGORY_RELATIONSHIP('NONE','NONE',#12,#13);
#4=SHAPE_DEFINITION_REPRESENTATION(#14,#15);
#5=SHAPE_DEFINITION_REPRESENTATION(#14,#16);
#6=SHAPE_DEFINITION_REPRESENTATION(#14,#17);
#7= (GEOMETRIC_REPRESENTATION_CONTEXT(3)GLOBAL_UNCERTAINTY_ASSIGNED_CONTEXT((#20))GLOBAL_UNIT_ASSIGNED_CONTEXT((#22,#23,#24))REPRESENTATION_CONTEXT('NONE','WORKSPACE'));
#11=APPLICATION_CONTEXT('managed model based 3d engineering');
#12=PRODUCT_CATEGORY('part','NONE');
#13=PRODUCT_RELATED_PRODUCT_CATEGORY('detail',' ',(#26));
#14=PRODUCT_DEFINITION_SHAPE('NONE','NONE',#27);
#15=ADVANCED_BREP_SHAPE_REPRESENTATION('0731711900_1',(#28,#29),#7);
#16=ADVANCED_BREP_SHAPE_REPRESENTATION('0731711900_2',(#30,#31),#7);
#17=GEOMETRICALLY_BOUNDED_SURFACE_SHAPE_REPRESENTATION('1',(#32,#33),#7);
#20=UNCERTAINTY_MEASURE_WITH_UNIT(LENGTH_MEASURE(1.0E-06),#22,'','');
#22= (CONVERSION_BASED_UNIT('MILLIMETRE',#36)LENGTH_UNIT()NAMED_UNIT(#39));
#23= (NAMED_UNIT(#41)PLANE_ANGLE_UNIT()SI_UNIT($,.RADIAN.));
#24= (NAMED_UNIT(#41)SOLID_ANGLE_UNIT()SI_UNIT($,.STERADIAN.));
#26=PRODUCT('0731711900_1','0731711900_1','PART-0731711900_1-DESC',(#47));
#27=PRODUCT_DEFINITION('','NONE',#48,#1);
#28=MANIFOLD_SOLID_BREP('0731711900_1',#49);
#29=AXIS2_PLACEMENT_3D('',#50,#51,#52);
#30=MANIFOLD_SOLID_BREP('0731711900_2',#53);
#31=AXIS2_PLACEMENT_3D('',#54,#55,#56);
#32=GEOMETRIC_SET('1',(#57,#58,#59,#60,#61,#62,#63,#64,#65,#66));
#33=AXIS2_PLACEMENT_3D('',#67,#68,#69);
#36=LENGTH_MEASURE_WITH_UNIT(LENGTH_MEASURE(1.0),#70);
#39=DIMENSIONAL_EXPONENTS(1.0,0.0,0.0,0.0,0.0,0.0,0.0);
#41=DIMENSIONAL_EXPONENTS(0.0,0.0,0.0,0.0,0.0,0.0,0.0);
#47=PRODUCT_CONTEXT('',#11,'mechanical');
#48=PRODUCT_DEFINITION_FORMATION_WITH_SPECIFIED_SOURCE(' ','NONE',#26,.NOT_KNOWN.);
#49=CLOSED_SHELL('',(#71,#72,#73,#74,#75,#76,#77,#78,#79,#80,#81,#82,#83,#84,#85,#86,#87,#88,#89,#90,#91,#92,#93,#94,#95,#96,#97,#98,#99,#100,#101,#102,#103,#104,#105,#106,#107,#108,#109,#110,#111,#112,#113,#114,#115,#116,#117,#118,#119,#120,#121,#122,#123,#124,#125,#126,#127,#128,#129,#130,#131,#132,#133,#134,#135,#136,#137,#138,#139,#140,#141,#142,#143,#144,#145,#146,#147,#148,#149));
#50=CARTESIAN_POINT('',(0.0,0.0,0.0));
#51=DIRECTION('',(0.0,0.0,1.0));
#52=DIRECTION('',(1.0,0.0,0.0));
#53=CLOSED_SHELL('',(#150,#151,#152,#153));
#54=CARTESIAN_POINT('',(0.0,0.0,0.0));
#55=DIRECTION('',(0.0,0.0,1.0));
#56=DIRECTION('',(1.0,0.0,0.0));
#57=COMPOSITE_CURVE('0731711900_3',(#154),.U.);
#58=COMPOSITE_CURVE('0731711900_4',(#155),.U.);
#59=COMPOSITE_CURVE('0731711900_5',(#156),.U.);
#60=COMPOSITE_CURVE('0731711900_6',(#157),.U.);
#61=COMPOSITE_CURVE('0731711900_7',(#158),.U.);
#62=COMPOSITE_CURVE('0731711900_8',(#159),.U.);
#63=COMPOSITE_CURVE('0731711900_9',(#160),.U.);
#64=COMPOSITE_CURVE('0731711900_10',(#161),.U.);
#65=COMPOSITE_CURVE('0731711900_11',(#162),.U.);
#66=COMPOSITE_CURVE('0731711900_12',(#163),.U.);
#67=CARTESIAN_POINT('',(0.0,0.0,0.0));
#68=DIRECTION('',(0.0,0.0,1.0));
#69=DIRECTION('',(1.0,0.0,0.0));
#70= (NAMED_UNIT(#39)LENGTH_UNIT()SI_UNIT(.MILLI.,.METRE.));
#71=ADVANCED_FACE('',(#165),#166,.F.);
#72=ADVANCED_FACE('',(#167),#168,.T.);
#73=ADVANCED_FACE('',(#169),#170,.T.);
#74=ADVANCED_FACE('',(#171),#172,.T.);
#75=ADVANCED_FACE('',(#173),#174,.T.);
#76=ADVANCED_FACE('',(#175),#176,.F.);
#77=ADVANCED_FACE('',(#177),#178,.F.);
#78=ADVANCED_FACE('',(#179),#180,.T.);
#79=ADVANCED_FACE('',(#181),#182,.T.);
#80=ADVANCED_FACE('',(#183),#184,.T.);
#81=ADVANCED_FACE('',(#185),#186,.T.);
#82=ADVANCED_FACE('',(#187),#188,.F.);
#83=ADVANCED_FACE('',(#189),#190,.F.);
#84=ADVANCED_FACE('',(#191),#192,.F.);
#85=ADVANCED_FACE('',(#193),#194,.T.);
#86=ADVANCED_FACE('',(#195),#196,.T.);
#87=ADVANCED_FACE('',(#197),#198,.T.);
#88=ADVANCED_FACE('',(#199),#200,.F.);
#89=ADVANCED_FACE('',(#201),#202,.T.);
#90=ADVANCED_FACE('',(#203),#204,.F.);
#91=ADVANCED_FACE('',(#205),#206,.T.);
#92=ADVANCED_FACE('',(#207),#208,.T.);
#93=ADVANCED_FACE('',(#209),#210,.T.);
#94=ADVANCED_FACE('',(#211),#212,.F.);
#95=ADVANCED_FACE('',(#213),#214,.F.);
#96=ADVANCED_FACE('',(#215),#216,.F.);
#97=ADVANCED_FACE('',(#217),#218,.T.);
#98=ADVANCED_FACE('',(#219),#220,.T.);
#99=ADVANCED_FACE('',(#221),#222,.T.);
#100=ADVANCED_FACE('',(#223),#224,.F.);
#101=ADVANCED_FACE('',(#225),#226,.F.);
#102=ADVANCED_FACE('',(#227),#228,.F.);
#103=ADVANCED_FACE('',(#229),#230,.T.);
#104=ADVANCED_FACE('',(#231),#232,.T.);
#105=ADVANCED_FACE('',(#233),#234,.T.);
#106=ADVANCED_FACE('',(#235,#236),#237,.T.);
#107=ADVANCED_FACE('',(#238,#239),#240,.T.);
#108=ADVANCED_FACE('',(#241,#242),#243,.T.);
#109=ADVANCED_FACE('',(#244),#245,.F.);
#110=ADVANCED_FACE('',(#246),#247,.F.);
#111=ADVANCED_FACE('',(#248),#249,.F.);
#112=ADVANCED_FACE('',(#250,#251),#252,.T.);
#113=ADVANCED_FACE('',(#253),#254,.T.);
#114=ADVANCED_FACE('',(#255,#256),#257,.T.);
#115=ADVANCED_FACE('',(#258),#259,.T.);
#116=ADVANCED_FACE('',(#260),#261,.F.);
#117=ADVANCED_FACE('',(#262),#263,.F.);
#118=ADVANCED_FACE('',(#264),#265,.T.);
#119=ADVANCED_FACE('',(#266),#267,.F.);
#120=ADVANCED_FACE('',(#268),#269,.F.);
#121=ADVANCED_FACE('',(#270),#271,.F.);
#122=ADVANCED_FACE('',(#272),#273,.F.);
#123=ADVANCED_FACE('',(#274),#275,.F.);
#124=ADVANCED_FACE('',(#276),#277,.F.);
#125=ADVANCED_FACE('',(#278),#279,.T.);
#126=ADVANCED_FACE('',(#280),#281,.F.);
#127=ADVANCED_FACE('',(#282),#283,.T.);
#128=ADVANCED_FACE('',(#284),#285,.F.);
#129=ADVANCED_FACE('',(#286),#287,.F.);
#130=ADVANCED_FACE('',(#288),#289,.T.);
#131=ADVANCED_FACE('',(#290),#291,.F.);
#132=ADVANCED_FACE('',(#292),#293,.F.);
#133=ADVANCED_FACE('',(#294),#295,.F.);
#134=ADVANCED_FACE('',(#296),#297,.T.);
#135=ADVANCED_FACE('',(#298),#299,.F.);
#136=ADVANCED_FACE('',(#300),#301,.T.);
#137=ADVANCED_FACE('',(#302),#303,.F.);
#138=ADVANCED_FACE('',(#304),#305,.F.);
#139=ADVANCED_FACE('',(#306),#307,.F.);
#140=ADVANCED_FACE('',(#308),#309,.T.);
#141=ADVANCED_FACE('',(#310),#311,.F.);
#142=ADVANCED_FACE('',(#312),#313,.T.);
#143=ADVANCED_FACE('',(#314),#315,.F.);
#144=ADVANCED_FACE('',(#316),#317,.T.);
#145=ADVANCED_FACE('',(#318),#319,.T.);
#146=ADVANCED_FACE('',(#320),#321,.F.);
#147=ADVANCED_FACE('',(#322),#323,.T.);
#148=ADVANCED_FACE('',(#324),#325,.T.);
#149=ADVANCED_FACE('',(#326),#327,.T.);
#150=ADVANCED_FACE('',(#328),#329,.T.);
#151=ADVANCED_FACE('',(#330),#331,.F.);
#152=ADVANCED_FACE('',(#332),#333,.T.);
#153=ADVANCED_FACE('',(#334),#335,.T.);
#154=COMPOSITE_CURVE_SEGMENT(.CONTINUOUS.,.T.,#336);
#155=COMPOSITE_CURVE_SEGMENT(.CONTINUOUS.,.T.,#337);
#156=COMPOSITE_CURVE_SEGMENT(.CONTINUOUS.,.T.,#338);
#157=COMPOSITE_CURVE_SEGMENT(.CONTINUOUS.,.T.,#339);
#158=COMPOSITE_CURVE_SEGMENT(.CONTINUOUS.,.T.,#340);
#159=COMPOSITE_CURVE_SEGMENT(.CONTINUOUS.,.T.,#341);
#160=COMPOSITE_CURVE_SEGMENT(.CONTINUOUS.,.T.,#342);
#161=COMPOSITE_CURVE_SEGMENT(.CONTINUOUS.,.T.,#343);
#162=COMPOSITE_CURVE_SEGMENT(.CONTINUOUS.,.T.,#344);
#163=COMPOSITE_CURVE_SEGMENT(.CONTINUOUS.,.T.,#345);
#165=FACE_OUTER_BOUND('',#346,.T.);
#166=CYLINDRICAL_SURFACE('',#347,3.7973);
#167=FACE_OUTER_BOUND('',#348,.T.);
#168=CYLINDRICAL_SURFACE('',#349,0.95);
#169=FACE_OUTER_BOUND('',#350,.T.);
#170=CYLINDRICAL_SURFACE('',#351,0.95);
#171=FACE_OUTER_BOUND('',#352,.T.);
#172=CYLINDRICAL_SURFACE('',#353,0.95);
#173=FACE_OUTER_BOUND('',#354,.T.);
#174=CYLINDRICAL_SURFACE('',#355,0.95);
#175=FACE_OUTER_BOUND('',#356,.T.);
#176=CYLINDRICAL_SURFACE('',#357,3.7973);
#177=FACE_OUTER_BOUND('',#358,.T.);
#178=CYLINDRICAL_SURFACE('',#359,3.7973);
#179=FACE_OUTER_BOUND('',#360,.T.);
#180=PLANE('',#361);
#181=FACE_OUTER_BOUND('',#362,.T.);
#182=CYLINDRICAL_SURFACE('',#363,5.5);
#183=FACE_OUTER_BOUND('',#364,.T.);
#184=CYLINDRICAL_SURFACE('',#365,0.95);
#185=FACE_OUTER_BOUND('',#366,.T.);
#186=PLANE('',#367);
#187=FACE_OUTER_BOUND('',#368,.T.);
#188=PLANE('',#369);
#189=FACE_OUTER_BOUND('',#370,.T.);
#190=CYLINDRICAL_SURFACE('',#371,3.7973);
#191=FACE_OUTER_BOUND('',#372,.T.);
#192=PLANE('',#373);
#193=FACE_OUTER_BOUND('',#374,.T.);
#194=PLANE('',#375);
#195=FACE_OUTER_BOUND('',#376,.T.);
#196=CYLINDRICAL_SURFACE('',#377,0.95);
#197=FACE_OUTER_BOUND('',#378,.T.);
#198=PLANE('',#379);
#199=FACE_OUTER_BOUND('',#380,.T.);
#200=PLANE('',#381);
#201=FACE_OUTER_BOUND('',#382,.T.);
#202=PLANE('',#383);
#203=FACE_OUTER_BOUND('',#384,.T.);
#204=PLANE('',#385);
#205=FACE_OUTER_BOUND('',#386,.T.);
#206=CYLINDRICAL_SURFACE('',#387,5.5);
#207=FACE_OUTER_BOUND('',#388,.T.);
#208=CYLINDRICAL_SURFACE('',#389,0.95);
#209=FACE_OUTER_BOUND('',#390,.T.);
#210=PLANE('',#391);
#211=FACE_OUTER_BOUND('',#392,.T.);
#212=PLANE('',#393);
#213=FACE_OUTER_BOUND('',#394,.T.);
#214=CYLINDRICAL_SURFACE('',#395,3.7973);
#215=FACE_OUTER_BOUND('',#396,.T.);
#216=PLANE('',#397);
#217=FACE_OUTER_BOUND('',#398,.T.);
#218=PLANE('',#399);
#219=FACE_OUTER_BOUND('',#400,.T.);
#220=CYLINDRICAL_SURFACE('',#401,0.95);
#221=FACE_OUTER_BOUND('',#402,.T.);
#222=PLANE('',#403);
#223=FACE_OUTER_BOUND('',#404,.T.);
#224=PLANE('',#405);
#225=FACE_OUTER_BOUND('',#406,.T.);
#226=CYLINDRICAL_SURFACE('',#407,3.7973);
#227=FACE_OUTER_BOUND('',#408,.T.);
#228=PLANE('',#409);
#229=FACE_OUTER_BOUND('',#410,.T.);
#230=PLANE('',#411);
#231=FACE_OUTER_BOUND('',#412,.T.);
#232=CONICAL_SURFACE('',#413,5.163,0.7853981633973);
#233=FACE_OUTER_BOUND('',#414,.T.);
#234=CONICAL_SURFACE('',#415,5.163,0.7853981633973);
#235=FACE_OUTER_BOUND('',#416,.T.);
#236=FACE_BOUND('',#417,.T.);
#237=CYLINDRICAL_SURFACE('',#418,4.826);
#238=FACE_OUTER_BOUND('',#419,.T.);
#239=FACE_BOUND('',#420,.T.);
#240=CYLINDRICAL_SURFACE('',#421,4.826);
#241=FACE_OUTER_BOUND('',#422,.T.);
#242=FACE_BOUND('',#423,.T.);
#243=PLANE('',#424);
#244=FACE_OUTER_BOUND('',#425,.T.);
#245=CONICAL_SURFACE('',#426,4.32435,0.7853981633973);
#246=FACE_OUTER_BOUND('',#427,.T.);
#247=CONICAL_SURFACE('',#428,4.1275,0.0155993585859535);
#248=FACE_OUTER_BOUND('',#429,.T.);
#249=CONICAL_SURFACE('',#430,4.1275,0.0155993585859535);
#250=FACE_OUTER_BOUND('',#431,.T.);
#251=FACE_BOUND('',#432,.T.);
#252=PLANE('',#433);
#253=FACE_OUTER_BOUND('',#434,.T.);
#254=CYLINDRICAL_SURFACE('',#435,1.524);
#255=FACE_OUTER_BOUND('',#436,.T.);
#256=FACE_BOUND('',#437,.T.);
#257=PLANE('',#438);
#258=FACE_OUTER_BOUND('',#439,.T.);
#259=CYLINDRICAL_SURFACE('',#440,1.524);
#260=FACE_OUTER_BOUND('',#441,.T.);
#261=CYLINDRICAL_SURFACE('',#442,1.0541);
#262=FACE_OUTER_BOUND('',#443,.T.);
#263=PLANE('',#444);
#264=FACE_OUTER_BOUND('',#445,.T.);
#265=CYLINDRICAL_SURFACE('',#446,1.0541);
#266=FACE_OUTER_BOUND('',#447,.T.);
#267=PLANE('',#448);
#268=FACE_OUTER_BOUND('',#449,.T.);
#269=CYLINDRICAL_SURFACE('',#450,0.7112);
#270=FACE_OUTER_BOUND('',#451,.T.);
#271=PLANE('',#452);
#272=FACE_OUTER_BOUND('',#453,.T.);
#273=PLANE('',#454);
#274=FACE_OUTER_BOUND('',#455,.T.);
#275=CYLINDRICAL_SURFACE('',#456,0.7112);
#276=FACE_OUTER_BOUND('',#457,.T.);
#277=CONICAL_SURFACE('',#458,0.7747,0.7853981633973);
#278=FACE_OUTER_BOUND('',#459,.T.);
#279=PLANE('',#460);
#280=FACE_OUTER_BOUND('',#461,.T.);
#281=PLANE('',#462);
#282=FACE_OUTER_BOUND('',#463,.T.);
#283=CYLINDRICAL_SURFACE('',#464,1.0541);
#284=FACE_OUTER_BOUND('',#465,.T.);
#285=CYLINDRICAL_SURFACE('',#466,1.0541);
#286=FACE_OUTER_BOUND('',#467,.T.);
#287=PLANE('',#468);
#288=FACE_OUTER_BOUND('',#469,.T.);
#289=CYLINDRICAL_SURFACE('',#470,1.0541);
#290=FACE_OUTER_BOUND('',#471,.T.);
#291=PLANE('',#472);
#292=FACE_OUTER_BOUND('',#473,.T.);
#293=CYLINDRICAL_SURFACE('',#474,0.7112);
#294=FACE_OUTER_BOUND('',#475,.T.);
#295=CONICAL_SURFACE('',#476,0.7747,0.7853981633973);
#296=FACE_OUTER_BOUND('',#477,.T.);
#297=PLANE('',#478);
#298=FACE_OUTER_BOUND('',#479,.T.);
#299=PLANE('',#480);
#300=FACE_OUTER_BOUND('',#481,.T.);
#301=CYLINDRICAL_SURFACE('',#482,1.0541);
#302=FACE_OUTER_BOUND('',#483,.T.);
#303=PLANE('',#484);
#304=FACE_OUTER_BOUND('',#485,.T.);
#305=CYLINDRICAL_SURFACE('',#486,0.7112);
#306=FACE_OUTER_BOUND('',#487,.T.);
#307=CONICAL_SURFACE('',#488,0.7747,0.7853981633973);
#308=FACE_OUTER_BOUND('',#489,.T.);
#309=PLANE('',#490);
#310=FACE_OUTER_BOUND('',#491,.T.);
#311=CONICAL_SURFACE('',#492,0.7747,0.7853981633973);
#312=FACE_OUTER_BOUND('',#493,.T.);
#313=PLANE('',#494);
#314=FACE_OUTER_BOUND('',#495,.T.);
#315=CONICAL_SURFACE('',#496,4.32435,0.7853981633973);
#316=FACE_OUTER_BOUND('',#497,.T.);
#317=CYLINDRICAL_SURFACE('',#498,0.9906);
#318=FACE_OUTER_BOUND('',#499,.T.);
#319=CYLINDRICAL_SURFACE('',#500,0.9906);
#320=FACE_OUTER_BOUND('',#501,.T.);
#321=PLANE('',#502);
#322=FACE_OUTER_BOUND('',#503,.T.);
#323=CYLINDRICAL_SURFACE('',#504,0.9906);
#324=FACE_OUTER_BOUND('',#505,.T.);
#325=CYLINDRICAL_SURFACE('',#506,0.9906);
#326=FACE_OUTER_BOUND('',#507,.T.);
#327=PLANE('',#508);
#328=FACE_OUTER_BOUND('',#509,.T.);
#329=CYLINDRICAL_SURFACE('',#510,0.45);
#330=FACE_OUTER_BOUND('',#511,.T.);
#331=PLANE('',#512);
#332=FACE_OUTER_BOUND('',#513,.T.);
#333=CYLINDRICAL_SURFACE('',#514,0.45);
#334=FACE_OUTER_BOUND('',#515,.T.);
#335=PLANE('',#516);
#336=TRIMMED_CURVE('',#517,(PARAMETER_VALUE(0.0)),(PARAMETER_VALUE(3.1415926535892)),.T.,.UNSPECIFIED.);
#337=TRIMMED_CURVE('',#518,(PARAMETER_VALUE(0.0)),(PARAMETER_VALUE(3.1415926535892)),.T.,.UNSPECIFIED.);
#338=TRIMMED_CURVE('',#519,(PARAMETER_VALUE(0.0)),(PARAMETER_VALUE(3.1415926535892)),.T.,.UNSPECIFIED.);
#339=TRIMMED_CURVE('',#520,(PARAMETER_VALUE(0.0)),(PARAMETER_VALUE(3.1415926535892)),.T.,.UNSPECIFIED.);
#340=TRIMMED_CURVE('',#521,(PARAMETER_VALUE(0.0)),(PARAMETER_VALUE(3.1415926535892)),.T.,.UNSPECIFIED.);
#341=TRIMMED_CURVE('',#522,(PARAMETER_VALUE(0.0)),(PARAMETER_VALUE(3.1415926535892)),.T.,.UNSPECIFIED.);
#342=TRIMMED_CURVE('',#523,(PARAMETER_VALUE(0.0)),(PARAMETER_VALUE(3.1415926535892)),.T.,.UNSPECIFIED.);
#343=TRIMMED_CURVE('',#524,(PARAMETER_VALUE(0.0)),(PARAMETER_VALUE(3.1415926535892)),.T.,.UNSPECIFIED.);
#344=TRIMMED_CURVE('',#525,(PARAMETER_VALUE(0.0)),(PARAMETER_VALUE(3.1415926535892)),.T.,.UNSPECIFIED.);
#345=TRIMMED_CURVE('',#526,(PARAMETER_VALUE(0.0)),(PARAMETER_VALUE(3.1415926535892)),.T.,.UNSPECIFIED.);
#346=EDGE_LOOP('',(#527,#528,#529,#530));
#347=AXIS2_PLACEMENT_3D('',#531,#532,#533);
#348=EDGE_LOOP('',(#534,#535,#536,#537));
#349=AXIS2_PLACEMENT_3D('',#538,#539,#540);
#350=EDGE_LOOP('',(#541,#542,#543,#544));
#351=AXIS2_PLACEMENT_3D('',#545,#546,#547);
#352=EDGE_LOOP('',(#548,#549,#550,#551));
#353=AXIS2_PLACEMENT_3D('',#552,#553,#554);
#354=EDGE_LOOP('',(#555,#556,#557,#558));
#355=AXIS2_PLACEMENT_3D('',#559,#560,#561);
#356=EDGE_LOOP('',(#562,#563,#564,#565));
#357=AXIS2_PLACEMENT_3D('',#566,#567,#568);
#358=EDGE_LOOP('',(#569,#570,#571,#572));
#359=AXIS2_PLACEMENT_3D('',#573,#574,#575);
#360=EDGE_LOOP('',(#576,#577,#578,#579,#580,#581,#582,#583,#584,#585,#586,#587,#588,#589,#590,#591,#592,#593,#594,#595,#596,#597,#598,#599,#600,#601,#602,#603,#604,#605));
#361=AXIS2_PLACEMENT_3D('',#606,#607,#608);
#362=EDGE_LOOP('',(#609,#610,#611,#612,#613,#614,#615,#616,#617,#618,#619,#620,#621,#622,#623,#624,#625,#626,#627,#628,#629));
#363=AXIS2_PLACEMENT_3D('',#630,#631,#632);
#364=EDGE_LOOP('',(#633,#634,#635,#636));
#365=AXIS2_PLACEMENT_3D('',#637,#638,#639);
#366=EDGE_LOOP('',(#640,#641,#642));
#367=AXIS2_PLACEMENT_3D('',#643,#644,#645);
#368=EDGE_LOOP('',(#646,#647,#648,#649));
#369=AXIS2_PLACEMENT_3D('',#650,#651,#652);
#370=EDGE_LOOP('',(#653,#654,#655,#656));
#371=AXIS2_PLACEMENT_3D('',#657,#658,#659);
#372=EDGE_LOOP('',(#660,#661,#662,#663));
#373=AXIS2_PLACEMENT_3D('',#664,#665,#666);
#374=EDGE_LOOP('',(#667,#668,#669,#670));
#375=AXIS2_PLACEMENT_3D('',#671,#672,#673);
#376=EDGE_LOOP('',(#674,#675,#676,#677));
#377=AXIS2_PLACEMENT_3D('',#678,#679,#680);
#378=EDGE_LOOP('',(#681,#682,#683));
#379=AXIS2_PLACEMENT_3D('',#684,#685,#686);
#380=EDGE_LOOP('',(#687,#688,#689,#690));
#381=AXIS2_PLACEMENT_3D('',#691,#692,#693);
#382=EDGE_LOOP('',(#694,#695,#696,#697,#698,#699));
#383=AXIS2_PLACEMENT_3D('',#700,#701,#702);
#384=EDGE_LOOP('',(#703,#704,#705,#706));
#385=AXIS2_PLACEMENT_3D('',#707,#708,#709);
#386=EDGE_LOOP('',(#710,#711,#712,#713,#714,#715,#716,#717,#718,#719,#720,#721,#722,#723,#724,#725,#726,#727,#728,#729,#730));
#387=AXIS2_PLACEMENT_3D('',#731,#732,#733);
#388=EDGE_LOOP('',(#734,#735,#736,#737));
#389=AXIS2_PLACEMENT_3D('',#738,#739,#740);
#390=EDGE_LOOP('',(#741,#742,#743));
#391=AXIS2_PLACEMENT_3D('',#744,#745,#746);
#392=EDGE_LOOP('',(#747,#748,#749,#750));
#393=AXIS2_PLACEMENT_3D('',#751,#752,#753);
#394=EDGE_LOOP('',(#754,#755,#756,#757));
#395=AXIS2_PLACEMENT_3D('',#758,#759,#760);
#396=EDGE_LOOP('',(#761,#762,#763,#764));
#397=AXIS2_PLACEMENT_3D('',#765,#766,#767);
#398=EDGE_LOOP('',(#768,#769,#770,#771));
#399=AXIS2_PLACEMENT_3D('',#772,#773,#774);
#400=EDGE_LOOP('',(#775,#776,#777,#778));
#401=AXIS2_PLACEMENT_3D('',#779,#780,#781);
#402=EDGE_LOOP('',(#782,#783,#784));
#403=AXIS2_PLACEMENT_3D('',#785,#786,#787);
#404=EDGE_LOOP('',(#788,#789,#790,#791));
#405=AXIS2_PLACEMENT_3D('',#792,#793,#794);
#406=EDGE_LOOP('',(#795,#796,#797,#798));
#407=AXIS2_PLACEMENT_3D('',#799,#800,#801);
#408=EDGE_LOOP('',(#802,#803,#804,#805));
#409=AXIS2_PLACEMENT_3D('',#806,#807,#808);
#410=EDGE_LOOP('',(#809,#810,#811,#812,#813,#814));
#411=AXIS2_PLACEMENT_3D('',#815,#816,#817);
#412=EDGE_LOOP('',(#818,#819,#820,#821,#822,#823));
#413=AXIS2_PLACEMENT_3D('',#824,#825,#826);
#414=EDGE_LOOP('',(#827,#828,#829,#830,#831,#832));
#415=AXIS2_PLACEMENT_3D('',#833,#834,#835);
#416=EDGE_LOOP('',(#836,#837,#838,#839,#840));
#417=EDGE_LOOP('',(#841,#842,#843));
#418=AXIS2_PLACEMENT_3D('',#844,#845,#846);
#419=EDGE_LOOP('',(#847,#848,#849,#850,#851));
#420=EDGE_LOOP('',(#852,#853));
#421=AXIS2_PLACEMENT_3D('',#854,#855,#856);
#422=EDGE_LOOP('',(#857,#858));
#423=EDGE_LOOP('',(#859,#860));
#424=AXIS2_PLACEMENT_3D('',#861,#862,#863);
#425=EDGE_LOOP('',(#864,#865,#866,#867));
#426=AXIS2_PLACEMENT_3D('',#868,#869,#870);
#427=EDGE_LOOP('',(#871,#872,#873,#874));
#428=AXIS2_PLACEMENT_3D('',#875,#876,#877);
#429=EDGE_LOOP('',(#878,#879,#880,#881));
#430=AXIS2_PLACEMENT_3D('',#882,#883,#884);
#431=EDGE_LOOP('',(#885,#886));
#432=EDGE_LOOP('',(#887,#888));
#433=AXIS2_PLACEMENT_3D('',#889,#890,#891);
#434=EDGE_LOOP('',(#892,#893,#894,#895));
#435=AXIS2_PLACEMENT_3D('',#896,#897,#898);
#436=EDGE_LOOP('',(#899,#900));
#437=EDGE_LOOP('',(#901,#902));
#438=AXIS2_PLACEMENT_3D('',#903,#904,#905);
#439=EDGE_LOOP('',(#906,#907,#908,#909));
#440=AXIS2_PLACEMENT_3D('',#910,#911,#912);
#441=EDGE_LOOP('',(#913,#914,#915,#916,#917,#918,#919,#920,#921,#922,#923,#924));
#442=AXIS2_PLACEMENT_3D('',#925,#926,#927);
#443=EDGE_LOOP('',(#928,#929,#930,#931,#932,#933));
#444=AXIS2_PLACEMENT_3D('',#934,#935,#936);
#445=EDGE_LOOP('',(#937,#938,#939,#940));
#446=AXIS2_PLACEMENT_3D('',#941,#942,#943);
#447=EDGE_LOOP('',(#944,#945,#946,#947,#948,#949));
#448=AXIS2_PLACEMENT_3D('',#950,#951,#952);
#449=EDGE_LOOP('',(#953,#954,#955,#956));
#450=AXIS2_PLACEMENT_3D('',#957,#958,#959);
#451=EDGE_LOOP('',(#960,#961,#962,#963,#964,#965,#966,#967,#968,#969,#970,#971,#972,#973,#974,#975,#976,#977));
#452=AXIS2_PLACEMENT_3D('',#978,#979,#980);
#453=EDGE_LOOP('',(#981,#982,#983,#984,#985,#986));
#454=AXIS2_PLACEMENT_3D('',#987,#988,#989);
#455=EDGE_LOOP('',(#990,#991,#992,#993));
#456=AXIS2_PLACEMENT_3D('',#994,#995,#996);
#457=EDGE_LOOP('',(#997,#998,#999,#1000));
#458=AXIS2_PLACEMENT_3D('',#1001,#1002,#1003);
#459=EDGE_LOOP('',(#1004,#1005,#1006,#1007));
#460=AXIS2_PLACEMENT_3D('',#1008,#1009,#1010);
#461=EDGE_LOOP('',(#1011,#1012,#1013,#1014,#1015,#1016));
#462=AXIS2_PLACEMENT_3D('',#1017,#1018,#1019);
#463=EDGE_LOOP('',(#1020,#1021,#1022,#1023));
#464=AXIS2_PLACEMENT_3D('',#1024,#1025,#1026);
#465=EDGE_LOOP('',(#1027,#1028,#1029,#1030,#1031,#1032,#1033,#1034,#1035,#1036,#1037,#1038));
#466=AXIS2_PLACEMENT_3D('',#1039,#1040,#1041);
#467=EDGE_LOOP('',(#1042,#1043,#1044,#1045,#1046,#1047));
#468=AXIS2_PLACEMENT_3D('',#1048,#1049,#1050);
#469=EDGE_LOOP('',(#1051,#1052,#1053,#1054));
#470=AXIS2_PLACEMENT_3D('',#1055,#1056,#1057);
#471=EDGE_LOOP('',(#1058,#1059,#1060,#1061,#1062,#1063));
#472=AXIS2_PLACEMENT_3D('',#1064,#1065,#1066);
#473=EDGE_LOOP('',(#1067,#1068,#1069,#1070));
#474=AXIS2_PLACEMENT_3D('',#1071,#1072,#1073);
#475=EDGE_LOOP('',(#1074,#1075,#1076,#1077));
#476=AXIS2_PLACEMENT_3D('',#1078,#1079,#1080);
#477=EDGE_LOOP('',(#1081,#1082,#1083,#1084));
#478=AXIS2_PLACEMENT_3D('',#1085,#1086,#1087);
#479=EDGE_LOOP('',(#1088,#1089,#1090,#1091,#1092,#1093));
#480=AXIS2_PLACEMENT_3D('',#1094,#1095,#1096);
#481=EDGE_LOOP('',(#1097,#1098,#1099,#1100));
#482=AXIS2_PLACEMENT_3D('',#1101,#1102,#1103);
#483=EDGE_LOOP('',(#1104,#1105,#1106,#1107,#1108,#1109));
#484=AXIS2_PLACEMENT_3D('',#1110,#1111,#1112);
#485=EDGE_LOOP('',(#1113,#1114,#1115,#1116));
#486=AXIS2_PLACEMENT_3D('',#1117,#1118,#1119);
#487=EDGE_LOOP('',(#1120,#1121,#1122,#1123));
#488=AXIS2_PLACEMENT_3D('',#1124,#1125,#1126);
#489=EDGE_LOOP('',(#1127,#1128,#1129,#1130));
#490=AXIS2_PLACEMENT_3D('',#1131,#1132,#1133);
#491=EDGE_LOOP('',(#1134,#1135,#1136,#1137));
#492=AXIS2_PLACEMENT_3D('',#1138,#1139,#1140);
#493=EDGE_LOOP('',(#1141,#1142,#1143,#1144));
#494=AXIS2_PLACEMENT_3D('',#1145,#1146,#1147);
#495=EDGE_LOOP('',(#1148,#1149,#1150,#1151));
#496=AXIS2_PLACEMENT_3D('',#1152,#1153,#1154);
#497=EDGE_LOOP('',(#1155,#1156,#1157,#1158));
#498=AXIS2_PLACEMENT_3D('',#1159,#1160,#1161);
#499=EDGE_LOOP('',(#1162,#1163,#1164,#1165));
#500=AXIS2_PLACEMENT_3D('',#1166,#1167,#1168);
#501=EDGE_LOOP('',(#1169,#1170));
#502=AXIS2_PLACEMENT_3D('',#1171,#1172,#1173);
#503=EDGE_LOOP('',(#1174,#1175,#1176,#1177,#1178));
#504=AXIS2_PLACEMENT_3D('',#1179,#1180,#1181);
#505=EDGE_LOOP('',(#1182,#1183,#1184,#1185));
#506=AXIS2_PLACEMENT_3D('',#1186,#1187,#1188);
#507=EDGE_LOOP('',(#1189,#1190));
#508=AXIS2_PLACEMENT_3D('',#1191,#1192,#1193);
#509=EDGE_LOOP('',(#1194,#1195,#1196,#1197));
#510=AXIS2_PLACEMENT_3D('',#1198,#1199,#1200);
#511=EDGE_LOOP('',(#1201,#1202));
#512=AXIS2_PLACEMENT_3D('',#1203,#1204,#1205);
#513=EDGE_LOOP('',(#1206,#1207,#1208,#1209));
#514=AXIS2_PLACEMENT_3D('',#1210,#1211,#1212);
#515=EDGE_LOOP('',(#1213,#1214));
#516=AXIS2_PLACEMENT_3D('',#1215,#1216,#1217);
#517=CIRCLE('',#1218,0.66);
#518=CIRCLE('',#1219,0.66);
#519=CIRCLE('',#1220,1.08);
#520=CIRCLE('',#1221,1.08);
#521=CIRCLE('',#1222,1.08);
#522=CIRCLE('',#1223,1.08);
#523=CIRCLE('',#1224,1.08);
#524=CIRCLE('',#1225,1.08);
#525=CIRCLE('',#1226,1.08);
#526=CIRCLE('',#1227,1.08);
#527=ORIENTED_EDGE('',*,*,#1228,.F.);
#528=ORIENTED_EDGE('',*,*,#1229,.F.);
#529=ORIENTED_EDGE('',*,*,#1230,.F.);
#530=ORIENTED_EDGE('',*,*,#1231,.F.);
#531=CARTESIAN_POINT('',(0.0,0.0,-16.1));
#532=DIRECTION('',(-0.0,0.0,1.0));
#533=DIRECTION('',(1.0,0.0,0.0));
#534=ORIENTED_EDGE('',*,*,#1232,.F.);
#535=ORIENTED_EDGE('',*,*,#1233,.F.);
#536=ORIENTED_EDGE('',*,*,#1234,.F.);
#537=ORIENTED_EDGE('',*,*,#1235,.F.);
#538=CARTESIAN_POINT('',(-3.43,-3.43,-16.1));
#539=DIRECTION('',(-0.0,0.0,1.0));
#540=DIRECTION('',(1.0,0.0,0.0));
#541=ORIENTED_EDGE('',*,*,#1236,.F.);
#542=ORIENTED_EDGE('',*,*,#1237,.F.);
#543=ORIENTED_EDGE('',*,*,#1238,.F.);
#544=ORIENTED_EDGE('',*,*,#1239,.F.);
#545=CARTESIAN_POINT('',(3.43,-3.43,-16.1));
#546=DIRECTION('',(-0.0,0.0,1.0));
#547=DIRECTION('',(1.0,0.0,0.0));
#548=ORIENTED_EDGE('',*,*,#1240,.F.);
#549=ORIENTED_EDGE('',*,*,#1241,.F.);
#550=ORIENTED_EDGE('',*,*,#1242,.F.);
#551=ORIENTED_EDGE('',*,*,#1243,.F.);
#552=CARTESIAN_POINT('',(3.43,3.43,-16.1));
#553=DIRECTION('',(-0.0,0.0,1.0));
#554=DIRECTION('',(1.0,0.0,0.0));
#555=ORIENTED_EDGE('',*,*,#1244,.F.);
#556=ORIENTED_EDGE('',*,*,#1245,.F.);
#557=ORIENTED_EDGE('',*,*,#1246,.F.);
#558=ORIENTED_EDGE('',*,*,#1247,.F.);
#559=CARTESIAN_POINT('',(-3.43,3.43,-16.1));
#560=DIRECTION('',(-0.0,0.0,1.0));
#561=DIRECTION('',(1.0,0.0,0.0));
#562=ORIENTED_EDGE('',*,*,#1248,.F.);
#563=ORIENTED_EDGE('',*,*,#1249,.F.);
#564=ORIENTED_EDGE('',*,*,#1250,.T.);
#565=ORIENTED_EDGE('',*,*,#1251,.F.);
#566=CARTESIAN_POINT('',(0.0,0.0,-16.1));
#567=DIRECTION('',(-0.0,0.0,1.0));
#568=DIRECTION('',(1.0,0.0,0.0));
#569=ORIENTED_EDGE('',*,*,#1248,.T.);
#570=ORIENTED_EDGE('',*,*,#1252,.F.);
#571=ORIENTED_EDGE('',*,*,#1253,.F.);
#572=ORIENTED_EDGE('',*,*,#1254,.F.);
#573=CARTESIAN_POINT('',(0.0,0.0,-16.1));
#574=DIRECTION('',(-0.0,0.0,1.0));
#575=DIRECTION('',(1.0,0.0,0.0));
#576=ORIENTED_EDGE('',*,*,#1245,.T.);
#577=ORIENTED_EDGE('',*,*,#1255,.T.);
#578=ORIENTED_EDGE('',*,*,#1256,.T.);
#579=ORIENTED_EDGE('',*,*,#1257,.T.);
#580=ORIENTED_EDGE('',*,*,#1258,.T.);
#581=ORIENTED_EDGE('',*,*,#1259,.T.);
#582=ORIENTED_EDGE('',*,*,#1260,.T.);
#583=ORIENTED_EDGE('',*,*,#1261,.T.);
#584=ORIENTED_EDGE('',*,*,#1243,.T.);
#585=ORIENTED_EDGE('',*,*,#1262,.T.);
#586=ORIENTED_EDGE('',*,*,#1263,.T.);
#587=ORIENTED_EDGE('',*,*,#1252,.T.);
#588=ORIENTED_EDGE('',*,*,#1251,.T.);
#589=ORIENTED_EDGE('',*,*,#1264,.T.);
#590=ORIENTED_EDGE('',*,*,#1265,.T.);
#591=ORIENTED_EDGE('',*,*,#1266,.T.);
#592=ORIENTED_EDGE('',*,*,#1239,.T.);
#593=ORIENTED_EDGE('',*,*,#1267,.T.);
#594=ORIENTED_EDGE('',*,*,#1268,.T.);
#595=ORIENTED_EDGE('',*,*,#1269,.T.);
#596=ORIENTED_EDGE('',*,*,#1270,.T.);
#597=ORIENTED_EDGE('',*,*,#1271,.T.);
#598=ORIENTED_EDGE('',*,*,#1233,.T.);
#599=ORIENTED_EDGE('',*,*,#1272,.T.);
#600=ORIENTED_EDGE('',*,*,#1273,.T.);
#601=ORIENTED_EDGE('',*,*,#1274,.T.);
#602=ORIENTED_EDGE('',*,*,#1229,.T.);
#603=ORIENTED_EDGE('',*,*,#1275,.T.);
#604=ORIENTED_EDGE('',*,*,#1276,.T.);
#605=ORIENTED_EDGE('',*,*,#1277,.T.);
#606=CARTESIAN_POINT('',(0.0,0.0,-16.0));
#607=DIRECTION('',(0.0,0.0,-1.0));
#608=DIRECTION('',(0.0,-1.0,0.0));
#609=ORIENTED_EDGE('',*,*,#1278,.T.);
#610=ORIENTED_EDGE('',*,*,#1279,.F.);
#611=ORIENTED_EDGE('',*,*,#1280,.T.);
#612=ORIENTED_EDGE('',*,*,#1281,.F.);
#613=ORIENTED_EDGE('',*,*,#1282,.F.);
#614=ORIENTED_EDGE('',*,*,#1283,.F.);
#615=ORIENTED_EDGE('',*,*,#1284,.F.);
#616=ORIENTED_EDGE('',*,*,#1285,.T.);
#617=ORIENTED_EDGE('',*,*,#1262,.F.);
#618=ORIENTED_EDGE('',*,*,#1242,.T.);
#619=ORIENTED_EDGE('',*,*,#1286,.F.);
#620=ORIENTED_EDGE('',*,*,#1287,.T.);
#621=ORIENTED_EDGE('',*,*,#1260,.F.);
#622=ORIENTED_EDGE('',*,*,#1288,.T.);
#623=ORIENTED_EDGE('',*,*,#1289,.F.);
#624=ORIENTED_EDGE('',*,*,#1290,.T.);
#625=ORIENTED_EDGE('',*,*,#1256,.F.);
#626=ORIENTED_EDGE('',*,*,#1291,.T.);
#627=ORIENTED_EDGE('',*,*,#1292,.F.);
#628=ORIENTED_EDGE('',*,*,#1246,.T.);
#629=ORIENTED_EDGE('',*,*,#1277,.F.);
#630=CARTESIAN_POINT('',(0.0,0.0,-16.1));
#631=DIRECTION('',(-0.0,0.0,1.0));
#632=DIRECTION('',(1.0,0.0,0.0));
#633=ORIENTED_EDGE('',*,*,#1244,.T.);
#634=ORIENTED_EDGE('',*,*,#1293,.F.);
#635=ORIENTED_EDGE('',*,*,#1291,.F.);
#636=ORIENTED_EDGE('',*,*,#1255,.F.);
#637=CARTESIAN_POINT('',(-3.43,3.43,-16.1));
#638=DIRECTION('',(-0.0,0.0,1.0));
#639=DIRECTION('',(1.0,0.0,0.0));
#640=ORIENTED_EDGE('',*,*,#1293,.T.);
#641=ORIENTED_EDGE('',*,*,#1247,.T.);
#642=ORIENTED_EDGE('',*,*,#1292,.T.);
#643=CARTESIAN_POINT('',(1.431974832053,1.172973691023,-19.78));
#644=DIRECTION('',(0.0,0.0,-1.0));
#645=DIRECTION('',(0.0,-1.0,0.0));
#646=ORIENTED_EDGE('',*,*,#1294,.F.);
#647=ORIENTED_EDGE('',*,*,#1295,.T.);
#648=ORIENTED_EDGE('',*,*,#1257,.F.);
#649=ORIENTED_EDGE('',*,*,#1290,.F.);
#650=CARTESIAN_POINT('',(-1.857473593823,6.932185825866,-19.78));
#651=DIRECTION('',(0.965925826289076,0.258819045102493,0.0));
#652=DIRECTION('',(0.0,0.0,-1.0));
#653=ORIENTED_EDGE('',*,*,#1296,.F.);
#654=ORIENTED_EDGE('',*,*,#1297,.T.);
#655=ORIENTED_EDGE('',*,*,#1258,.F.);
#656=ORIENTED_EDGE('',*,*,#1295,.F.);
#657=CARTESIAN_POINT('',(0.0,0.0,-16.1));
#658=DIRECTION('',(-0.0,0.0,1.0));
#659=DIRECTION('',(1.0,0.0,0.0));
#660=ORIENTED_EDGE('',*,*,#1298,.F.);
#661=ORIENTED_EDGE('',*,*,#1288,.F.);
#662=ORIENTED_EDGE('',*,*,#1259,.F.);
#663=ORIENTED_EDGE('',*,*,#1297,.F.);
#664=CARTESIAN_POINT('',(0.6771200106842,2.527046282695,-19.78));
#665=DIRECTION('',(-0.965925826289076,0.258819045102493,0.0));
#666=DIRECTION('',(0.0,0.0,1.0));
#667=ORIENTED_EDGE('',*,*,#1296,.T.);
#668=ORIENTED_EDGE('',*,*,#1294,.T.);
#669=ORIENTED_EDGE('',*,*,#1289,.T.);
#670=ORIENTED_EDGE('',*,*,#1298,.T.);
#671=CARTESIAN_POINT('',(1.431974832053,1.172973691023,-16.6));
#672=DIRECTION('',(0.0,0.0,-1.0));
#673=DIRECTION('',(0.0,-1.0,0.0));
#674=ORIENTED_EDGE('',*,*,#1240,.T.);
#675=ORIENTED_EDGE('',*,*,#1261,.F.);
#676=ORIENTED_EDGE('',*,*,#1287,.F.);
#677=ORIENTED_EDGE('',*,*,#1299,.F.);
#678=CARTESIAN_POINT('',(3.43,3.43,-16.1));
#679=DIRECTION('',(-0.0,0.0,1.0));
#680=DIRECTION('',(1.0,0.0,0.0));
#681=ORIENTED_EDGE('',*,*,#1286,.T.);
#682=ORIENTED_EDGE('',*,*,#1241,.T.);
#683=ORIENTED_EDGE('',*,*,#1299,.T.);
#684=CARTESIAN_POINT('',(1.431974832053,1.172973691023,-19.78));
#685=DIRECTION('',(0.0,0.0,-1.0));
#686=DIRECTION('',(0.0,-1.0,0.0));
#687=ORIENTED_EDGE('',*,*,#1300,.F.);
#688=ORIENTED_EDGE('',*,*,#1253,.T.);
#689=ORIENTED_EDGE('',*,*,#1263,.F.);
#690=ORIENTED_EDGE('',*,*,#1285,.F.);
#691=CARTESIAN_POINT('',(6.932185825866,1.857473593823,-19.78));
#692=DIRECTION('',(0.258819045102493,-0.965925826289076,0.0));
#693=DIRECTION('',(0.0,0.0,-1.0));
#694=ORIENTED_EDGE('',*,*,#1300,.T.);
#695=ORIENTED_EDGE('',*,*,#1284,.T.);
#696=ORIENTED_EDGE('',*,*,#1301,.T.);
#697=ORIENTED_EDGE('',*,*,#1302,.T.);
#698=ORIENTED_EDGE('',*,*,#1249,.T.);
#699=ORIENTED_EDGE('',*,*,#1254,.T.);
#700=CARTESIAN_POINT('',(1.431974832053,1.172973691023,-16.6));
#701=DIRECTION('',(0.0,0.0,-1.0));
#702=DIRECTION('',(0.0,-1.0,0.0));
#703=ORIENTED_EDGE('',*,*,#1302,.F.);
#704=ORIENTED_EDGE('',*,*,#1303,.F.);
#705=ORIENTED_EDGE('',*,*,#1264,.F.);
#706=ORIENTED_EDGE('',*,*,#1250,.F.);
#707=CARTESIAN_POINT('',(2.527046282695,-0.6771200106842,-19.78));
#708=DIRECTION('',(0.258819045102493,0.965925826289076,0.0));
#709=DIRECTION('',(0.0,0.0,-1.0));
#710=ORIENTED_EDGE('',*,*,#1303,.T.);
#711=ORIENTED_EDGE('',*,*,#1301,.F.);
#712=ORIENTED_EDGE('',*,*,#1283,.T.);
#713=ORIENTED_EDGE('',*,*,#1304,.F.);
#714=ORIENTED_EDGE('',*,*,#1305,.F.);
#715=ORIENTED_EDGE('',*,*,#1280,.F.);
#716=ORIENTED_EDGE('',*,*,#1306,.F.);
#717=ORIENTED_EDGE('',*,*,#1307,.T.);
#718=ORIENTED_EDGE('',*,*,#1273,.F.);
#719=ORIENTED_EDGE('',*,*,#1308,.T.);
#720=ORIENTED_EDGE('',*,*,#1309,.F.);
#721=ORIENTED_EDGE('',*,*,#1234,.T.);
#722=ORIENTED_EDGE('',*,*,#1271,.F.);
#723=ORIENTED_EDGE('',*,*,#1310,.T.);
#724=ORIENTED_EDGE('',*,*,#1311,.F.);
#725=ORIENTED_EDGE('',*,*,#1312,.T.);
#726=ORIENTED_EDGE('',*,*,#1267,.F.);
#727=ORIENTED_EDGE('',*,*,#1238,.T.);
#728=ORIENTED_EDGE('',*,*,#1313,.F.);
#729=ORIENTED_EDGE('',*,*,#1314,.T.);
#730=ORIENTED_EDGE('',*,*,#1265,.F.);
#731=CARTESIAN_POINT('',(0.0,0.0,-16.1));
#732=DIRECTION('',(-0.0,0.0,1.0));
#733=DIRECTION('',(1.0,0.0,0.0));
#734=ORIENTED_EDGE('',*,*,#1236,.T.);
#735=ORIENTED_EDGE('',*,*,#1266,.F.);
#736=ORIENTED_EDGE('',*,*,#1314,.F.);
#737=ORIENTED_EDGE('',*,*,#1315,.F.);
#738=CARTESIAN_POINT('',(3.43,-3.43,-16.1));
#739=DIRECTION('',(-0.0,0.0,1.0));
#740=DIRECTION('',(1.0,0.0,0.0));
#741=ORIENTED_EDGE('',*,*,#1313,.T.);
#742=ORIENTED_EDGE('',*,*,#1237,.T.);
#743=ORIENTED_EDGE('',*,*,#1315,.T.);
#744=CARTESIAN_POINT('',(1.431974832053,1.172973691023,-19.78));
#745=DIRECTION('',(0.0,0.0,-1.0));
#746=DIRECTION('',(0.0,-1.0,0.0));
#747=ORIENTED_EDGE('',*,*,#1316,.F.);
#748=ORIENTED_EDGE('',*,*,#1317,.T.);
#749=ORIENTED_EDGE('',*,*,#1268,.F.);
#750=ORIENTED_EDGE('',*,*,#1312,.F.);
#751=CARTESIAN_POINT('',(1.857473593823,-6.932185825866,-19.78));
#752=DIRECTION('',(-0.965925826289076,-0.258819045102493,0.0));
#753=DIRECTION('',(-0.258819045102493,0.965925826289076,0.0));
#754=ORIENTED_EDGE('',*,*,#1318,.F.);
#755=ORIENTED_EDGE('',*,*,#1319,.T.);
#756=ORIENTED_EDGE('',*,*,#1269,.F.);
#757=ORIENTED_EDGE('',*,*,#1317,.F.);
#758=CARTESIAN_POINT('',(0.0,0.0,-16.1));
#759=DIRECTION('',(-0.0,0.0,1.0));
#760=DIRECTION('',(1.0,0.0,0.0));
#761=ORIENTED_EDGE('',*,*,#1320,.F.);
#762=ORIENTED_EDGE('',*,*,#1310,.F.);
#763=ORIENTED_EDGE('',*,*,#1270,.F.);
#764=ORIENTED_EDGE('',*,*,#1319,.F.);
#765=CARTESIAN_POINT('',(-0.6771200106842,-2.527046282695,-19.78));
#766=DIRECTION('',(0.965925826289076,-0.258819045102493,0.0));
#767=DIRECTION('',(0.0,0.0,-1.0));
#768=ORIENTED_EDGE('',*,*,#1316,.T.);
#769=ORIENTED_EDGE('',*,*,#1311,.T.);
#770=ORIENTED_EDGE('',*,*,#1320,.T.);
#771=ORIENTED_EDGE('',*,*,#1318,.T.);
#772=CARTESIAN_POINT('',(1.431974832053,1.172973691023,-16.6));
#773=DIRECTION('',(0.0,0.0,-1.0));
#774=DIRECTION('',(0.0,-1.0,0.0));
#775=ORIENTED_EDGE('',*,*,#1232,.T.);
#776=ORIENTED_EDGE('',*,*,#1321,.F.);
#777=ORIENTED_EDGE('',*,*,#1308,.F.);
#778=ORIENTED_EDGE('',*,*,#1272,.F.);
#779=CARTESIAN_POINT('',(-3.43,-3.43,-16.1));
#780=DIRECTION('',(-0.0,0.0,1.0));
#781=DIRECTION('',(1.0,0.0,0.0));
#782=ORIENTED_EDGE('',*,*,#1321,.T.);
#783=ORIENTED_EDGE('',*,*,#1235,.T.);
#784=ORIENTED_EDGE('',*,*,#1309,.T.);
#785=CARTESIAN_POINT('',(1.431974832053,1.172973691023,-19.78));
#786=DIRECTION('',(0.0,0.0,-1.0));
#787=DIRECTION('',(0.0,-1.0,0.0));
#788=ORIENTED_EDGE('',*,*,#1322,.F.);
#789=ORIENTED_EDGE('',*,*,#1230,.T.);
#790=ORIENTED_EDGE('',*,*,#1274,.F.);
#791=ORIENTED_EDGE('',*,*,#1307,.F.);
#792=CARTESIAN_POINT('',(-6.932185825866,-1.857473593823,-19.78));
#793=DIRECTION('',(-0.258819045102493,0.965925826289076,0.0));
#794=DIRECTION('',(0.0,0.0,1.0));
#795=ORIENTED_EDGE('',*,*,#1228,.T.);
#796=ORIENTED_EDGE('',*,*,#1323,.F.);
#797=ORIENTED_EDGE('',*,*,#1324,.T.);
#798=ORIENTED_EDGE('',*,*,#1275,.F.);
#799=CARTESIAN_POINT('',(0.0,0.0,-16.1));
#800=DIRECTION('',(-0.0,0.0,1.0));
#801=DIRECTION('',(1.0,0.0,0.0));
#802=ORIENTED_EDGE('',*,*,#1325,.F.);
#803=ORIENTED_EDGE('',*,*,#1278,.F.);
#804=ORIENTED_EDGE('',*,*,#1276,.F.);
#805=ORIENTED_EDGE('',*,*,#1324,.F.);
#806=CARTESIAN_POINT('',(-2.527046282695,0.6771200106842,-19.78));
#807=DIRECTION('',(-0.258819045102493,-0.965925826289076,0.0));
#808=DIRECTION('',(-0.965925826289076,0.258819045102493,0.0));
#809=ORIENTED_EDGE('',*,*,#1322,.T.);
#810=ORIENTED_EDGE('',*,*,#1306,.T.);
#811=ORIENTED_EDGE('',*,*,#1279,.T.);
#812=ORIENTED_EDGE('',*,*,#1325,.T.);
#813=ORIENTED_EDGE('',*,*,#1323,.T.);
#814=ORIENTED_EDGE('',*,*,#1231,.T.);
#815=CARTESIAN_POINT('',(1.431974832053,1.172973691023,-16.6));
#816=DIRECTION('',(0.0,0.0,-1.0));
#817=DIRECTION('',(0.0,-1.0,0.0));
#818=ORIENTED_EDGE('',*,*,#1281,.T.);
#819=ORIENTED_EDGE('',*,*,#1305,.T.);
#820=ORIENTED_EDGE('',*,*,#1326,.T.);
#821=ORIENTED_EDGE('',*,*,#1327,.T.);
#822=ORIENTED_EDGE('',*,*,#1328,.T.);
#823=ORIENTED_EDGE('',*,*,#1329,.F.);
#824=CARTESIAN_POINT('',(0.0,0.0,-11.183));
#825=DIRECTION('',(0.0,-0.0,-1.0));
#826=DIRECTION('',(0.0,1.0,0.0));
#827=ORIENTED_EDGE('',*,*,#1326,.F.);
#828=ORIENTED_EDGE('',*,*,#1304,.T.);
#829=ORIENTED_EDGE('',*,*,#1282,.T.);
#830=ORIENTED_EDGE('',*,*,#1329,.T.);
#831=ORIENTED_EDGE('',*,*,#1330,.T.);
#832=ORIENTED_EDGE('',*,*,#1331,.T.);
#833=CARTESIAN_POINT('',(0.0,0.0,-11.183));
#834=DIRECTION('',(0.0,-0.0,-1.0));
#835=DIRECTION('',(0.0,1.0,0.0));
#836=ORIENTED_EDGE('',*,*,#1332,.F.);
#837=ORIENTED_EDGE('',*,*,#1333,.F.);
#838=ORIENTED_EDGE('',*,*,#1334,.T.);
#839=ORIENTED_EDGE('',*,*,#1327,.F.);
#840=ORIENTED_EDGE('',*,*,#1331,.F.);
#841=ORIENTED_EDGE('',*,*,#1335,.F.);
#842=ORIENTED_EDGE('',*,*,#1336,.F.);
#843=ORIENTED_EDGE('',*,*,#1337,.F.);
#844=CARTESIAN_POINT('',(0.0,0.0,0.0));
#845=DIRECTION('',(-0.0,0.0,-1.0));
#846=DIRECTION('',(-1.0,0.0,0.0));
#847=ORIENTED_EDGE('',*,*,#1330,.F.);
#848=ORIENTED_EDGE('',*,*,#1328,.F.);
#849=ORIENTED_EDGE('',*,*,#1334,.F.);
#850=ORIENTED_EDGE('',*,*,#1338,.F.);
#851=ORIENTED_EDGE('',*,*,#1332,.T.);
#852=ORIENTED_EDGE('',*,*,#1339,.F.);
#853=ORIENTED_EDGE('',*,*,#1340,.F.);
#854=CARTESIAN_POINT('',(0.0,0.0,0.0));
#855=DIRECTION('',(-0.0,0.0,-1.0));
#856=DIRECTION('',(-1.0,0.0,0.0));
#857=ORIENTED_EDGE('',*,*,#1338,.T.);
#858=ORIENTED_EDGE('',*,*,#1333,.T.);
#859=ORIENTED_EDGE('',*,*,#1341,.T.);
#860=ORIENTED_EDGE('',*,*,#1342,.T.);
#861=CARTESIAN_POINT('',(0.0,0.0,0.0));
#862=DIRECTION('',(0.0,0.0,1.0));
#863=DIRECTION('',(1.0,0.0,0.0));
#864=ORIENTED_EDGE('',*,*,#1343,.F.);
#865=ORIENTED_EDGE('',*,*,#1342,.F.);
#866=ORIENTED_EDGE('',*,*,#1344,.T.);
#867=ORIENTED_EDGE('',*,*,#1345,.T.);
#868=CARTESIAN_POINT('',(0.0,0.0,-0.13335));
#869=DIRECTION('',(0.0,-0.0,1.0));
#870=DIRECTION('',(-1.0,0.0,0.0));
#871=ORIENTED_EDGE('',*,*,#1346,.T.);
#872=ORIENTED_EDGE('',*,*,#1347,.F.);
#873=ORIENTED_EDGE('',*,*,#1348,.F.);
#874=ORIENTED_EDGE('',*,*,#1345,.F.);
#875=CARTESIAN_POINT('',(0.0,0.0,-4.33705));
#876=DIRECTION('',(0.0,-0.0,1.0));
#877=DIRECTION('',(-1.0,0.0,0.0));
#878=ORIENTED_EDGE('',*,*,#1346,.F.);
#879=ORIENTED_EDGE('',*,*,#1349,.F.);
#880=ORIENTED_EDGE('',*,*,#1348,.T.);
#881=ORIENTED_EDGE('',*,*,#1350,.F.);
#882=CARTESIAN_POINT('',(0.0,0.0,-4.33705));
#883=DIRECTION('',(0.0,-0.0,1.0));
#884=DIRECTION('',(-1.0,0.0,0.0));
#885=ORIENTED_EDGE('',*,*,#1347,.T.);
#886=ORIENTED_EDGE('',*,*,#1350,.T.);
#887=ORIENTED_EDGE('',*,*,#1351,.T.);
#888=ORIENTED_EDGE('',*,*,#1352,.T.);
#889=CARTESIAN_POINT('',(0.0,0.0,-8.4074));
#890=DIRECTION('',(0.0,0.0,1.0));
#891=DIRECTION('',(1.0,0.0,0.0));
#892=ORIENTED_EDGE('',*,*,#1353,.T.);
#893=ORIENTED_EDGE('',*,*,#1352,.F.);
#894=ORIENTED_EDGE('',*,*,#1354,.F.);
#895=ORIENTED_EDGE('',*,*,#1355,.F.);
#896=CARTESIAN_POINT('',(0.0,0.0,-3.3782));
#897=DIRECTION('',(0.0,0.0,-1.0));
#898=DIRECTION('',(-0.707106781186548,0.707106781186548,0.0));
#899=ORIENTED_EDGE('',*,*,#1356,.T.);
#900=ORIENTED_EDGE('',*,*,#1355,.T.);
#901=ORIENTED_EDGE('',*,*,#1357,.T.);
#902=ORIENTED_EDGE('',*,*,#1358,.T.);
#903=CARTESIAN_POINT('',(0.0,0.0,-3.3782));
#904=DIRECTION('',(0.0,0.0,1.0));
#905=DIRECTION('',(1.0,0.0,0.0));
#906=ORIENTED_EDGE('',*,*,#1351,.F.);
#907=ORIENTED_EDGE('',*,*,#1353,.F.);
#908=ORIENTED_EDGE('',*,*,#1356,.F.);
#909=ORIENTED_EDGE('',*,*,#1354,.T.);
#910=CARTESIAN_POINT('',(0.0,0.0,-3.3782));
#911=DIRECTION('',(0.0,0.0,-1.0));
#912=DIRECTION('',(-0.707106781186548,0.707106781186548,0.0));
#913=ORIENTED_EDGE('',*,*,#1359,.F.);
#914=ORIENTED_EDGE('',*,*,#1360,.T.);
#915=ORIENTED_EDGE('',*,*,#1361,.T.);
#916=ORIENTED_EDGE('',*,*,#1362,.T.);
#917=ORIENTED_EDGE('',*,*,#1363,.F.);
#918=ORIENTED_EDGE('',*,*,#1364,.F.);
#919=ORIENTED_EDGE('',*,*,#1358,.F.);
#920=ORIENTED_EDGE('',*,*,#1365,.T.);
#921=ORIENTED_EDGE('',*,*,#1366,.F.);
#922=ORIENTED_EDGE('',*,*,#1367,.T.);
#923=ORIENTED_EDGE('',*,*,#1368,.T.);
#924=ORIENTED_EDGE('',*,*,#1369,.T.);
#925=CARTESIAN_POINT('',(0.0,0.0,-21.7580024));
#926=DIRECTION('',(0.0,0.0,-1.0));
#927=DIRECTION('',(-0.707106781186547,0.707106781186547,0.0));
#928=ORIENTED_EDGE('',*,*,#1370,.F.);
#929=ORIENTED_EDGE('',*,*,#1371,.T.);
#930=ORIENTED_EDGE('',*,*,#1372,.F.);
#931=ORIENTED_EDGE('',*,*,#1373,.F.);
#932=ORIENTED_EDGE('',*,*,#1369,.F.);
#933=ORIENTED_EDGE('',*,*,#1374,.F.);
#934=CARTESIAN_POINT('',(-1.522120178503,-1.606777072264,-3.399521055596));
#935=DIRECTION('',(0.707106781186547,-0.706840091334946,0.0194186838278513));
#936=DIRECTION('',(0.0,-0.0274621660327823,-0.999622843594917));
#937=ORIENTED_EDGE('',*,*,#1375,.F.);
#938=ORIENTED_EDGE('',*,*,#1374,.T.);
#939=ORIENTED_EDGE('',*,*,#1368,.F.);
#940=ORIENTED_EDGE('',*,*,#1376,.T.);
#941=CARTESIAN_POINT('',(0.0,0.1302138887025,-3.447240587491));
#942=DIRECTION('',(9.33614983724612E-16,-0.0274621660327814,-0.999622843594917));
#943=DIRECTION('',(0.707106781186547,-0.706840091334946,0.0194186838278513));
#944=ORIENTED_EDGE('',*,*,#1377,.T.);
#945=ORIENTED_EDGE('',*,*,#1378,.F.);
#946=ORIENTED_EDGE('',*,*,#1376,.F.);
#947=ORIENTED_EDGE('',*,*,#1367,.F.);
#948=ORIENTED_EDGE('',*,*,#1379,.F.);
#949=ORIENTED_EDGE('',*,*,#1380,.F.);
#950=CARTESIAN_POINT('',(0.1870156014882,-0.2721760384927,-3.436185919161));
#951=DIRECTION('',(-0.707106781186547,-0.706840091334946,0.0194186838278513));
#952=DIRECTION('',(-0.706973398534714,0.707240138682948,1.07795349467983E-18));
#953=ORIENTED_EDGE('',*,*,#1372,.T.);
#954=ORIENTED_EDGE('',*,*,#1381,.F.);
#955=ORIENTED_EDGE('',*,*,#1380,.T.);
#956=ORIENTED_EDGE('',*,*,#1382,.F.);
#957=CARTESIAN_POINT('',(0.0,0.4074856480525,6.645451452865));
#958=DIRECTION('',(9.32858265553038E-16,-0.0274621660327814,-0.999622843594917));
#959=DIRECTION('',(0.707106781186546,-0.706840091334946,0.0194186838278513));
#960=ORIENTED_EDGE('',*,*,#1379,.T.);
#961=ORIENTED_EDGE('',*,*,#1366,.T.);
#962=ORIENTED_EDGE('',*,*,#1383,.T.);
#963=ORIENTED_EDGE('',*,*,#1384,.T.);
#964=ORIENTED_EDGE('',*,*,#1385,.T.);
#965=ORIENTED_EDGE('',*,*,#1386,.T.);
#966=ORIENTED_EDGE('',*,*,#1387,.T.);
#967=ORIENTED_EDGE('',*,*,#1388,.T.);
#968=ORIENTED_EDGE('',*,*,#1389,.T.);
#969=ORIENTED_EDGE('',*,*,#1390,.T.);
#970=ORIENTED_EDGE('',*,*,#1391,.T.);
#971=ORIENTED_EDGE('',*,*,#1363,.T.);
#972=ORIENTED_EDGE('',*,*,#1392,.T.);
#973=ORIENTED_EDGE('',*,*,#1393,.T.);
#974=ORIENTED_EDGE('',*,*,#1394,.T.);
#975=ORIENTED_EDGE('',*,*,#1359,.T.);
#976=ORIENTED_EDGE('',*,*,#1373,.T.);
#977=ORIENTED_EDGE('',*,*,#1382,.T.);
#978=CARTESIAN_POINT('',(4.35423,2.500106698218,-8.1788));
#979=DIRECTION('',(0.0,0.0,-1.0));
#980=DIRECTION('',(0.0,-1.0,0.0));
#981=ORIENTED_EDGE('',*,*,#1395,.T.);
#982=ORIENTED_EDGE('',*,*,#1396,.F.);
#983=ORIENTED_EDGE('',*,*,#1397,.F.);
#984=ORIENTED_EDGE('',*,*,#1360,.F.);
#985=ORIENTED_EDGE('',*,*,#1394,.F.);
#986=ORIENTED_EDGE('',*,*,#1398,.F.);
#987=CARTESIAN_POINT('',(-0.2721760384927,-0.1870156014882,-3.436185919161));
#988=DIRECTION('',(-0.706840091334946,0.707106781186547,0.0194186838278513));
#989=DIRECTION('',(0.0274621660327823,0.0,0.999622843594917));
#990=ORIENTED_EDGE('',*,*,#1399,.T.);
#991=ORIENTED_EDGE('',*,*,#1400,.F.);
#992=ORIENTED_EDGE('',*,*,#1398,.T.);
#993=ORIENTED_EDGE('',*,*,#1393,.F.);
#994=CARTESIAN_POINT('',(0.4074856480525,0.0,6.645451452865));
#995=DIRECTION('',(-0.0274621660327814,-9.32858265553038E-16,-0.999622843594917));
#996=DIRECTION('',(-0.706840091334946,-0.707106781186546,0.0194186838278513));
#997=ORIENTED_EDGE('',*,*,#1401,.F.);
#998=ORIENTED_EDGE('',*,*,#1402,.F.);
#999=ORIENTED_EDGE('',*,*,#1395,.F.);
#1000=ORIENTED_EDGE('',*,*,#1400,.T.);
#1001=CARTESIAN_POINT('',(0.1284700411594,0.0,-3.510716638059));
#1002=DIRECTION('',(0.0274621660327814,-9.27829499273361E-16,0.999622843594917));
#1003=DIRECTION('',(0.706840091334946,-0.707106781186546,-0.0194186838278513));
#1004=ORIENTED_EDGE('',*,*,#1403,.T.);
#1005=ORIENTED_EDGE('',*,*,#1396,.T.);
#1006=ORIENTED_EDGE('',*,*,#1402,.T.);
#1007=ORIENTED_EDGE('',*,*,#1404,.T.);
#1008=CARTESIAN_POINT('',(0.1302138887025,0.0,-3.447240587491));
#1009=DIRECTION('',(0.0274621660327805,0.0,0.999622843594917));
#1010=DIRECTION('',(0.0,-1.0,0.0));
#1011=ORIENTED_EDGE('',*,*,#1404,.F.);
#1012=ORIENTED_EDGE('',*,*,#1401,.T.);
#1013=ORIENTED_EDGE('',*,*,#1399,.F.);
#1014=ORIENTED_EDGE('',*,*,#1392,.F.);
#1015=ORIENTED_EDGE('',*,*,#1362,.F.);
#1016=ORIENTED_EDGE('',*,*,#1405,.F.);
#1017=CARTESIAN_POINT('',(-1.606777072264,1.522120178503,-3.399521055596));
#1018=DIRECTION('',(-0.706840091334946,-0.707106781186547,0.0194186838278513));
#1019=DIRECTION('',(-0.707240138682948,0.706973398534714,-1.07795349467983E-18));
#1020=ORIENTED_EDGE('',*,*,#1403,.F.);
#1021=ORIENTED_EDGE('',*,*,#1405,.T.);
#1022=ORIENTED_EDGE('',*,*,#1361,.F.);
#1023=ORIENTED_EDGE('',*,*,#1397,.T.);
#1024=CARTESIAN_POINT('',(0.1302138887025,0.0,-3.447240587491));
#1025=DIRECTION('',(-0.0274621660327814,-9.33614983724612E-16,-0.999622843594917));
#1026=DIRECTION('',(-0.706840091334946,-0.707106781186547,0.0194186838278513));
#1027=ORIENTED_EDGE('',*,*,#1357,.F.);
#1028=ORIENTED_EDGE('',*,*,#1364,.T.);
#1029=ORIENTED_EDGE('',*,*,#1391,.F.);
#1030=ORIENTED_EDGE('',*,*,#1406,.T.);
#1031=ORIENTED_EDGE('',*,*,#1407,.T.);
#1032=ORIENTED_EDGE('',*,*,#1408,.T.);
#1033=ORIENTED_EDGE('',*,*,#1387,.F.);
#1034=ORIENTED_EDGE('',*,*,#1409,.T.);
#1035=ORIENTED_EDGE('',*,*,#1410,.T.);
#1036=ORIENTED_EDGE('',*,*,#1411,.T.);
#1037=ORIENTED_EDGE('',*,*,#1383,.F.);
#1038=ORIENTED_EDGE('',*,*,#1365,.F.);
#1039=CARTESIAN_POINT('',(0.0,0.0,-21.7580024));
#1040=DIRECTION('',(0.0,0.0,-1.0));
#1041=DIRECTION('',(-0.707106781186547,0.707106781186547,0.0));
#1042=ORIENTED_EDGE('',*,*,#1412,.F.);
#1043=ORIENTED_EDGE('',*,*,#1413,.T.);
#1044=ORIENTED_EDGE('',*,*,#1414,.F.);
#1045=ORIENTED_EDGE('',*,*,#1384,.F.);
#1046=ORIENTED_EDGE('',*,*,#1411,.F.);
#1047=ORIENTED_EDGE('',*,*,#1415,.F.);
#1048=CARTESIAN_POINT('',(1.606777072264,-1.522120178503,-3.399521055596));
#1049=DIRECTION('',(0.706840091334946,0.707106781186547,0.0194186838278513));
#1050=DIRECTION('',(0.0274621660327823,0.0,-0.999622843594917));
#1051=ORIENTED_EDGE('',*,*,#1416,.F.);
#1052=ORIENTED_EDGE('',*,*,#1415,.T.);
#1053=ORIENTED_EDGE('',*,*,#1410,.F.);
#1054=ORIENTED_EDGE('',*,*,#1417,.T.);
#1055=CARTESIAN_POINT('',(-0.1302138887025,0.0,-3.447240587491));
#1056=DIRECTION('',(0.0274621660327814,9.33614983724612E-16,-0.999622843594917));
#1057=DIRECTION('',(0.706840091334946,0.707106781186547,0.0194186838278513));
#1058=ORIENTED_EDGE('',*,*,#1418,.T.);
#1059=ORIENTED_EDGE('',*,*,#1419,.F.);
#1060=ORIENTED_EDGE('',*,*,#1417,.F.);
#1061=ORIENTED_EDGE('',*,*,#1409,.F.);
#1062=ORIENTED_EDGE('',*,*,#1386,.F.);
#1063=ORIENTED_EDGE('',*,*,#1420,.F.);
#1064=CARTESIAN_POINT('',(0.2721760384927,0.1870156014882,-3.436185919161));
#1065=DIRECTION('',(0.706840091334946,-0.707106781186547,0.0194186838278513));
#1066=DIRECTION('',(-2.45234420040064E-18,-0.027451816307896,-0.999623127874399));
#1067=ORIENTED_EDGE('',*,*,#1414,.T.);
#1068=ORIENTED_EDGE('',*,*,#1421,.F.);
#1069=ORIENTED_EDGE('',*,*,#1420,.T.);
#1070=ORIENTED_EDGE('',*,*,#1385,.F.);
#1071=CARTESIAN_POINT('',(-0.4074856480525,0.0,6.645451452865));
#1072=DIRECTION('',(0.0274621660327814,9.32858265553038E-16,-0.999622843594917));
#1073=DIRECTION('',(0.706840091334946,0.707106781186546,0.0194186838278513));
#1074=ORIENTED_EDGE('',*,*,#1413,.F.);
#1075=ORIENTED_EDGE('',*,*,#1422,.F.);
#1076=ORIENTED_EDGE('',*,*,#1418,.F.);
#1077=ORIENTED_EDGE('',*,*,#1421,.T.);
#1078=CARTESIAN_POINT('',(-0.1284700411594,0.0,-3.510716638059));
#1079=DIRECTION('',(-0.0274621660327814,9.27829499273361E-16,0.999622843594917));
#1080=DIRECTION('',(-0.706840091334946,0.707106781186546,-0.0194186838278513));
#1081=ORIENTED_EDGE('',*,*,#1416,.T.);
#1082=ORIENTED_EDGE('',*,*,#1419,.T.);
#1083=ORIENTED_EDGE('',*,*,#1422,.T.);
#1084=ORIENTED_EDGE('',*,*,#1412,.T.);
#1085=CARTESIAN_POINT('',(-0.1302138887025,0.0,-3.447240587491));
#1086=DIRECTION('',(-0.0274621660327805,0.0,0.999622843594917));
#1087=DIRECTION('',(0.0,1.0,0.0));
#1088=ORIENTED_EDGE('',*,*,#1423,.F.);
#1089=ORIENTED_EDGE('',*,*,#1424,.T.);
#1090=ORIENTED_EDGE('',*,*,#1425,.F.);
#1091=ORIENTED_EDGE('',*,*,#1388,.F.);
#1092=ORIENTED_EDGE('',*,*,#1408,.F.);
#1093=ORIENTED_EDGE('',*,*,#1426,.F.);
#1094=CARTESIAN_POINT('',(1.522120178503,1.606777072264,-3.399521055596));
#1095=DIRECTION('',(-0.707106781186547,0.706840091334946,0.0194186838278513));
#1096=DIRECTION('',(0.027451816307896,2.45234420040064E-18,0.999623127874399));
#1097=ORIENTED_EDGE('',*,*,#1427,.F.);
#1098=ORIENTED_EDGE('',*,*,#1426,.T.);
#1099=ORIENTED_EDGE('',*,*,#1407,.F.);
#1100=ORIENTED_EDGE('',*,*,#1428,.T.);
#1101=CARTESIAN_POINT('',(0.0,-0.1302138887025,-3.447240587491));
#1102=DIRECTION('',(-9.33614983724612E-16,0.0274621660327814,-0.999622843594917));
#1103=DIRECTION('',(-0.707106781186547,0.706840091334946,0.0194186838278513));
#1104=ORIENTED_EDGE('',*,*,#1429,.T.);
#1105=ORIENTED_EDGE('',*,*,#1430,.F.);
#1106=ORIENTED_EDGE('',*,*,#1428,.F.);
#1107=ORIENTED_EDGE('',*,*,#1406,.F.);
#1108=ORIENTED_EDGE('',*,*,#1390,.F.);
#1109=ORIENTED_EDGE('',*,*,#1431,.F.);
#1110=CARTESIAN_POINT('',(-0.1870156014882,0.2721760384927,-3.436185919161));
#1111=DIRECTION('',(0.707106781186547,0.706840091334946,0.0194186838278513));
#1112=DIRECTION('',(0.0,0.0274621660327823,-0.999622843594917));
#1113=ORIENTED_EDGE('',*,*,#1425,.T.);
#1114=ORIENTED_EDGE('',*,*,#1432,.F.);
#1115=ORIENTED_EDGE('',*,*,#1431,.T.);
#1116=ORIENTED_EDGE('',*,*,#1389,.F.);
#1117=CARTESIAN_POINT('',(0.0,-0.4074856480525,6.645451452865));
#1118=DIRECTION('',(-9.32858265553038E-16,0.0274621660327814,-0.999622843594917));
#1119=DIRECTION('',(-0.707106781186546,0.706840091334946,0.0194186838278513));
#1120=ORIENTED_EDGE('',*,*,#1424,.F.);
#1121=ORIENTED_EDGE('',*,*,#1433,.F.);
#1122=ORIENTED_EDGE('',*,*,#1429,.F.);
#1123=ORIENTED_EDGE('',*,*,#1432,.T.);
#1124=CARTESIAN_POINT('',(0.0,-0.1284700411594,-3.510716638059));
#1125=DIRECTION('',(-9.27829499273361E-16,-0.0274621660327814,0.999622843594917));
#1126=DIRECTION('',(-0.707106781186546,-0.706840091334946,-0.0194186838278513));
#1127=ORIENTED_EDGE('',*,*,#1427,.T.);
#1128=ORIENTED_EDGE('',*,*,#1430,.T.);
#1129=ORIENTED_EDGE('',*,*,#1433,.T.);
#1130=ORIENTED_EDGE('',*,*,#1423,.T.);
#1131=CARTESIAN_POINT('',(0.0,-0.1302138887025,-3.447240587491));
#1132=DIRECTION('',(0.0,-0.0274621660327805,0.999622843594917));
#1133=DIRECTION('',(-1.0,0.0,0.0));
#1134=ORIENTED_EDGE('',*,*,#1371,.F.);
#1135=ORIENTED_EDGE('',*,*,#1434,.F.);
#1136=ORIENTED_EDGE('',*,*,#1377,.F.);
#1137=ORIENTED_EDGE('',*,*,#1381,.T.);
#1138=CARTESIAN_POINT('',(0.0,0.1284700411594,-3.510716638059));
#1139=DIRECTION('',(9.27829499273361E-16,0.0274621660327814,0.999622843594917));
#1140=DIRECTION('',(0.707106781186546,0.706840091334946,-0.0194186838278513));
#1141=ORIENTED_EDGE('',*,*,#1375,.T.);
#1142=ORIENTED_EDGE('',*,*,#1378,.T.);
#1143=ORIENTED_EDGE('',*,*,#1434,.T.);
#1144=ORIENTED_EDGE('',*,*,#1370,.T.);
#1145=CARTESIAN_POINT('',(0.0,0.1302138887025,-3.447240587491));
#1146=DIRECTION('',(0.0,0.0274621660327805,0.999622843594917));
#1147=DIRECTION('',(1.0,-0.0,0.0));
#1148=ORIENTED_EDGE('',*,*,#1341,.F.);
#1149=ORIENTED_EDGE('',*,*,#1343,.T.);
#1150=ORIENTED_EDGE('',*,*,#1349,.T.);
#1151=ORIENTED_EDGE('',*,*,#1344,.F.);
#1152=CARTESIAN_POINT('',(0.0,0.0,-0.13335));
#1153=DIRECTION('',(0.0,-0.0,1.0));
#1154=DIRECTION('',(-1.0,0.0,0.0));
#1155=ORIENTED_EDGE('',*,*,#1435,.T.);
#1156=ORIENTED_EDGE('',*,*,#1436,.F.);
#1157=ORIENTED_EDGE('',*,*,#1437,.F.);
#1158=ORIENTED_EDGE('',*,*,#1340,.T.);
#1159=CARTESIAN_POINT('',(0.0,0.0,-4.2418));
#1160=DIRECTION('',(0.0,1.0,-0.0));
#1161=DIRECTION('',(-1.0,0.0,0.0));
#1162=ORIENTED_EDGE('',*,*,#1435,.F.);
#1163=ORIENTED_EDGE('',*,*,#1339,.T.);
#1164=ORIENTED_EDGE('',*,*,#1437,.T.);
#1165=ORIENTED_EDGE('',*,*,#1438,.F.);
#1166=CARTESIAN_POINT('',(0.0,0.0,-4.2418));
#1167=DIRECTION('',(0.0,1.0,-0.0));
#1168=DIRECTION('',(-1.0,0.0,0.0));
#1169=ORIENTED_EDGE('',*,*,#1436,.T.);
#1170=ORIENTED_EDGE('',*,*,#1438,.T.);
#1171=CARTESIAN_POINT('',(0.0,5.5118,0.0));
#1172=DIRECTION('',(0.0,-1.0,0.0));
#1173=DIRECTION('',(0.0,0.0,-1.0));
#1174=ORIENTED_EDGE('',*,*,#1439,.F.);
#1175=ORIENTED_EDGE('',*,*,#1440,.F.);
#1176=ORIENTED_EDGE('',*,*,#1441,.T.);
#1177=ORIENTED_EDGE('',*,*,#1335,.T.);
#1178=ORIENTED_EDGE('',*,*,#1337,.T.);
#1179=CARTESIAN_POINT('',(0.0,0.0,-4.2418));
#1180=DIRECTION('',(0.0,1.0,-0.0));
#1181=DIRECTION('',(-1.0,0.0,0.0));
#1182=ORIENTED_EDGE('',*,*,#1336,.T.);
#1183=ORIENTED_EDGE('',*,*,#1441,.F.);
#1184=ORIENTED_EDGE('',*,*,#1442,.F.);
#1185=ORIENTED_EDGE('',*,*,#1439,.T.);
#1186=CARTESIAN_POINT('',(0.0,0.0,-4.2418));
#1187=DIRECTION('',(0.0,1.0,-0.0));
#1188=DIRECTION('',(-1.0,0.0,0.0));
#1189=ORIENTED_EDGE('',*,*,#1442,.T.);
#1190=ORIENTED_EDGE('',*,*,#1440,.T.);
#1191=CARTESIAN_POINT('',(0.0,-5.5118,0.0));
#1192=DIRECTION('',(0.0,-1.0,0.0));
#1193=DIRECTION('',(0.0,0.0,-1.0));
#1194=ORIENTED_EDGE('',*,*,#1443,.F.);
#1195=ORIENTED_EDGE('',*,*,#1444,.F.);
#1196=ORIENTED_EDGE('',*,*,#1445,.T.);
#1197=ORIENTED_EDGE('',*,*,#1446,.T.);
#1198=CARTESIAN_POINT('',(0.0,0.0,-17.48823424619));
#1199=DIRECTION('',(-0.0,0.0,1.0));
#1200=DIRECTION('',(0.0,1.0,0.0));
#1201=ORIENTED_EDGE('',*,*,#1447,.F.);
#1202=ORIENTED_EDGE('',*,*,#1446,.F.);
#1203=CARTESIAN_POINT('',(0.0,0.0,-16.1));
#1204=DIRECTION('',(0.0,0.0,-1.0));
#1205=DIRECTION('',(0.0,-1.0,0.0));
#1206=ORIENTED_EDGE('',*,*,#1445,.F.);
#1207=ORIENTED_EDGE('',*,*,#1448,.F.);
#1208=ORIENTED_EDGE('',*,*,#1443,.T.);
#1209=ORIENTED_EDGE('',*,*,#1447,.T.);
#1210=CARTESIAN_POINT('',(0.0,0.0,-17.48823424619));
#1211=DIRECTION('',(-0.0,0.0,1.0));
#1212=DIRECTION('',(0.0,1.0,0.0));
#1213=ORIENTED_EDGE('',*,*,#1444,.T.);
#1214=ORIENTED_EDGE('',*,*,#1448,.T.);
#1215=CARTESIAN_POINT('',(0.0,0.225,-19.78000046393));
#1216=DIRECTION('',(0.0,0.0,-1.0));
#1217=DIRECTION('',(0.0,-1.0,0.0));
#1218=AXIS2_PLACEMENT_3D('',#1449,#1450,#1451);
#1219=AXIS2_PLACEMENT_3D('',#1452,#1453,#1454);
#1220=AXIS2_PLACEMENT_3D('',#1455,#1456,#1457);
#1221=AXIS2_PLACEMENT_3D('',#1458,#1459,#1460);
#1222=AXIS2_PLACEMENT_3D('',#1461,#1462,#1463);
#1223=AXIS2_PLACEMENT_3D('',#1464,#1465,#1466);
#1224=AXIS2_PLACEMENT_3D('',#1467,#1468,#1469);
#1225=AXIS2_PLACEMENT_3D('',#1470,#1471,#1472);
#1226=AXIS2_PLACEMENT_3D('',#1473,#1474,#1475);
#1227=AXIS2_PLACEMENT_3D('',#1476,#1477,#1478);
#1228=EDGE_CURVE('',#1479,#1480,#1481,.T.);
#1229=EDGE_CURVE('',#1482,#1479,#1483,.T.);
#1230=EDGE_CURVE('',#1484,#1482,#1485,.T.);
#1231=EDGE_CURVE('',#1480,#1484,#1486,.T.);
#1232=EDGE_CURVE('',#1487,#1488,#1489,.T.);
#1233=EDGE_CURVE('',#1490,#1487,#1491,.T.);
#1234=EDGE_CURVE('',#1492,#1490,#1493,.T.);
#1235=EDGE_CURVE('',#1488,#1492,#1494,.T.);
#1236=EDGE_CURVE('',#1495,#1496,#1497,.T.);
#1237=EDGE_CURVE('',#1498,#1495,#1499,.T.);
#1238=EDGE_CURVE('',#1500,#1498,#1501,.T.);
#1239=EDGE_CURVE('',#1496,#1500,#1502,.T.);
#1240=EDGE_CURVE('',#1503,#1504,#1505,.T.);
#1241=EDGE_CURVE('',#1506,#1503,#1507,.T.);
#1242=EDGE_CURVE('',#1508,#1506,#1509,.T.);
#1243=EDGE_CURVE('',#1504,#1508,#1510,.T.);
#1244=EDGE_CURVE('',#1511,#1512,#1513,.T.);
#1245=EDGE_CURVE('',#1514,#1511,#1515,.T.);
#1246=EDGE_CURVE('',#1516,#1514,#1517,.T.);
#1247=EDGE_CURVE('',#1512,#1516,#1518,.T.);
#1248=EDGE_CURVE('',#1519,#1520,#1521,.T.);
#1249=EDGE_CURVE('',#1522,#1519,#1523,.T.);
#1250=EDGE_CURVE('',#1522,#1524,#1525,.T.);
#1251=EDGE_CURVE('',#1520,#1524,#1526,.T.);
#1252=EDGE_CURVE('',#1527,#1520,#1528,.T.);
#1253=EDGE_CURVE('',#1529,#1527,#1530,.T.);
#1254=EDGE_CURVE('',#1519,#1529,#1531,.T.);
#1255=EDGE_CURVE('',#1511,#1532,#1533,.T.);
#1256=EDGE_CURVE('',#1532,#1534,#1535,.T.);
#1257=EDGE_CURVE('',#1534,#1536,#1537,.T.);
#1258=EDGE_CURVE('',#1536,#1538,#1539,.T.);
#1259=EDGE_CURVE('',#1538,#1540,#1541,.T.);
#1260=EDGE_CURVE('',#1540,#1542,#1543,.T.);
#1261=EDGE_CURVE('',#1542,#1504,#1544,.T.);
#1262=EDGE_CURVE('',#1508,#1545,#1546,.T.);
#1263=EDGE_CURVE('',#1545,#1527,#1547,.T.);
#1264=EDGE_CURVE('',#1524,#1548,#1549,.T.);
#1265=EDGE_CURVE('',#1548,#1550,#1551,.T.);
#1266=EDGE_CURVE('',#1550,#1496,#1552,.T.);
#1267=EDGE_CURVE('',#1500,#1553,#1554,.T.);
#1268=EDGE_CURVE('',#1553,#1555,#1556,.T.);
#1269=EDGE_CURVE('',#1555,#1557,#1558,.T.);
#1270=EDGE_CURVE('',#1557,#1559,#1560,.T.);
#1271=EDGE_CURVE('',#1559,#1490,#1561,.T.);
#1272=EDGE_CURVE('',#1487,#1562,#1563,.T.);
#1273=EDGE_CURVE('',#1562,#1564,#1565,.T.);
#1274=EDGE_CURVE('',#1564,#1482,#1566,.T.);
#1275=EDGE_CURVE('',#1479,#1567,#1568,.T.);
#1276=EDGE_CURVE('',#1567,#1569,#1570,.T.);
#1277=EDGE_CURVE('',#1569,#1514,#1571,.T.);
#1278=EDGE_CURVE('',#1569,#1572,#1573,.T.);
#1279=EDGE_CURVE('',#1574,#1572,#1575,.T.);
#1280=EDGE_CURVE('',#1574,#1576,#1577,.T.);
#1281=EDGE_CURVE('',#1578,#1576,#1579,.T.);
#1282=EDGE_CURVE('',#1580,#1578,#1581,.T.);
#1283=EDGE_CURVE('',#1582,#1580,#1583,.T.);
#1284=EDGE_CURVE('',#1584,#1582,#1585,.T.);
#1285=EDGE_CURVE('',#1584,#1545,#1586,.T.);
#1286=EDGE_CURVE('',#1587,#1506,#1588,.T.);
#1287=EDGE_CURVE('',#1587,#1542,#1589,.T.);
#1288=EDGE_CURVE('',#1540,#1590,#1591,.T.);
#1289=EDGE_CURVE('',#1592,#1590,#1593,.T.);
#1290=EDGE_CURVE('',#1592,#1534,#1594,.T.);
#1291=EDGE_CURVE('',#1532,#1595,#1596,.T.);
#1292=EDGE_CURVE('',#1516,#1595,#1597,.T.);
#1293=EDGE_CURVE('',#1595,#1512,#1598,.T.);
#1294=EDGE_CURVE('',#1599,#1592,#1600,.T.);
#1295=EDGE_CURVE('',#1599,#1536,#1601,.T.);
#1296=EDGE_CURVE('',#1602,#1599,#1603,.T.);
#1297=EDGE_CURVE('',#1602,#1538,#1604,.T.);
#1298=EDGE_CURVE('',#1590,#1602,#1605,.T.);
#1299=EDGE_CURVE('',#1503,#1587,#1606,.T.);
#1300=EDGE_CURVE('',#1529,#1584,#1607,.T.);
#1301=EDGE_CURVE('',#1582,#1608,#1609,.T.);
#1302=EDGE_CURVE('',#1608,#1522,#1610,.T.);
#1303=EDGE_CURVE('',#1548,#1608,#1611,.T.);
#1304=EDGE_CURVE('',#1612,#1580,#1613,.T.);
#1305=EDGE_CURVE('',#1576,#1612,#1614,.T.);
#1306=EDGE_CURVE('',#1615,#1574,#1616,.T.);
#1307=EDGE_CURVE('',#1615,#1564,#1617,.T.);
#1308=EDGE_CURVE('',#1562,#1618,#1619,.T.);
#1309=EDGE_CURVE('',#1492,#1618,#1620,.T.);
#1310=EDGE_CURVE('',#1559,#1621,#1622,.T.);
#1311=EDGE_CURVE('',#1623,#1621,#1624,.T.);
#1312=EDGE_CURVE('',#1623,#1553,#1625,.T.);
#1313=EDGE_CURVE('',#1626,#1498,#1627,.T.);
#1314=EDGE_CURVE('',#1626,#1550,#1628,.T.);
#1315=EDGE_CURVE('',#1495,#1626,#1629,.T.);
#1316=EDGE_CURVE('',#1630,#1623,#1631,.T.);
#1317=EDGE_CURVE('',#1630,#1555,#1632,.T.);
#1318=EDGE_CURVE('',#1633,#1630,#1634,.T.);
#1319=EDGE_CURVE('',#1633,#1557,#1635,.T.);
#1320=EDGE_CURVE('',#1621,#1633,#1636,.T.);
#1321=EDGE_CURVE('',#1618,#1488,#1637,.T.);
#1322=EDGE_CURVE('',#1484,#1615,#1638,.T.);
#1323=EDGE_CURVE('',#1639,#1480,#1640,.T.);
#1324=EDGE_CURVE('',#1639,#1567,#1641,.T.);
#1325=EDGE_CURVE('',#1572,#1639,#1642,.T.);
#1326=EDGE_CURVE('',#1612,#1643,#1644,.T.);
#1327=EDGE_CURVE('',#1643,#1645,#1646,.T.);
#1328=EDGE_CURVE('',#1645,#1647,#1648,.T.);
#1329=EDGE_CURVE('',#1578,#1647,#1649,.T.);
#1330=EDGE_CURVE('',#1647,#1650,#1651,.T.);
#1331=EDGE_CURVE('',#1650,#1643,#1652,.T.);
#1332=EDGE_CURVE('',#1653,#1650,#1654,.T.);
#1333=EDGE_CURVE('',#1655,#1653,#1656,.T.);
#1334=EDGE_CURVE('',#1655,#1645,#1657,.T.);
#1335=EDGE_CURVE('',#1658,#1659,#1660,.T.);
#1336=EDGE_CURVE('',#1661,#1658,#1662,.T.);
#1337=EDGE_CURVE('',#1659,#1661,#1663,.T.);
#1338=EDGE_CURVE('',#1653,#1655,#1664,.T.);
#1339=EDGE_CURVE('',#1665,#1666,#1667,.T.);
#1340=EDGE_CURVE('',#1666,#1665,#1668,.T.);
#1341=EDGE_CURVE('',#1669,#1670,#1671,.T.);
#1342=EDGE_CURVE('',#1670,#1669,#1672,.T.);
#1343=EDGE_CURVE('',#1669,#1673,#1674,.T.);
#1344=EDGE_CURVE('',#1670,#1675,#1676,.T.);
#1345=EDGE_CURVE('',#1675,#1673,#1677,.T.);
#1346=EDGE_CURVE('',#1675,#1678,#1679,.T.);
#1347=EDGE_CURVE('',#1680,#1678,#1681,.T.);
#1348=EDGE_CURVE('',#1673,#1680,#1682,.T.);
#1349=EDGE_CURVE('',#1673,#1675,#1683,.T.);
#1350=EDGE_CURVE('',#1678,#1680,#1684,.T.);
#1351=EDGE_CURVE('',#1685,#1686,#1687,.T.);
#1352=EDGE_CURVE('',#1686,#1685,#1688,.T.);
#1353=EDGE_CURVE('',#1689,#1685,#1690,.T.);
#1354=EDGE_CURVE('',#1691,#1686,#1692,.T.);
#1355=EDGE_CURVE('',#1689,#1691,#1693,.T.);
#1356=EDGE_CURVE('',#1691,#1689,#1694,.T.);
#1357=EDGE_CURVE('',#1695,#1696,#1697,.T.);
#1358=EDGE_CURVE('',#1696,#1695,#1698,.T.);
#1359=EDGE_CURVE('',#1699,#1700,#1701,.T.);
#1360=EDGE_CURVE('',#1699,#1702,#1703,.T.);
#1361=EDGE_CURVE('',#1702,#1704,#1705,.T.);
#1362=EDGE_CURVE('',#1704,#1706,#1707,.T.);
#1363=EDGE_CURVE('',#1708,#1706,#1709,.T.);
#1364=EDGE_CURVE('',#1695,#1708,#1710,.T.);
#1365=EDGE_CURVE('',#1696,#1711,#1712,.T.);
#1366=EDGE_CURVE('',#1713,#1711,#1714,.T.);
#1367=EDGE_CURVE('',#1713,#1715,#1716,.T.);
#1368=EDGE_CURVE('',#1715,#1717,#1718,.T.);
#1369=EDGE_CURVE('',#1717,#1700,#1719,.T.);
#1370=EDGE_CURVE('',#1720,#1721,#1722,.T.);
#1371=EDGE_CURVE('',#1720,#1723,#1724,.T.);
#1372=EDGE_CURVE('',#1725,#1723,#1726,.T.);
#1373=EDGE_CURVE('',#1700,#1725,#1727,.T.);
#1374=EDGE_CURVE('',#1721,#1717,#1728,.T.);
#1375=EDGE_CURVE('',#1721,#1729,#1730,.T.);
#1376=EDGE_CURVE('',#1715,#1729,#1731,.T.);
#1377=EDGE_CURVE('',#1732,#1733,#1734,.T.);
#1378=EDGE_CURVE('',#1729,#1733,#1735,.T.);
#1379=EDGE_CURVE('',#1736,#1713,#1737,.T.);
#1380=EDGE_CURVE('',#1732,#1736,#1738,.T.);
#1381=EDGE_CURVE('',#1732,#1723,#1739,.T.);
#1382=EDGE_CURVE('',#1725,#1736,#1740,.T.);
#1383=EDGE_CURVE('',#1711,#1741,#1742,.T.);
#1384=EDGE_CURVE('',#1741,#1743,#1744,.T.);
#1385=EDGE_CURVE('',#1743,#1745,#1746,.T.);
#1386=EDGE_CURVE('',#1745,#1747,#1748,.T.);
#1387=EDGE_CURVE('',#1747,#1749,#1750,.T.);
#1388=EDGE_CURVE('',#1749,#1751,#1752,.T.);
#1389=EDGE_CURVE('',#1751,#1753,#1754,.T.);
#1390=EDGE_CURVE('',#1753,#1755,#1756,.T.);
#1391=EDGE_CURVE('',#1755,#1708,#1757,.T.);
#1392=EDGE_CURVE('',#1706,#1758,#1759,.T.);
#1393=EDGE_CURVE('',#1758,#1760,#1761,.T.);
#1394=EDGE_CURVE('',#1760,#1699,#1762,.T.);
#1395=EDGE_CURVE('',#1763,#1764,#1765,.T.);
#1396=EDGE_CURVE('',#1766,#1764,#1767,.T.);
#1397=EDGE_CURVE('',#1702,#1766,#1768,.T.);
#1398=EDGE_CURVE('',#1763,#1760,#1769,.T.);
#1399=EDGE_CURVE('',#1758,#1770,#1771,.T.);
#1400=EDGE_CURVE('',#1763,#1770,#1772,.T.);
#1401=EDGE_CURVE('',#1773,#1770,#1774,.T.);
#1402=EDGE_CURVE('',#1764,#1773,#1775,.T.);
#1403=EDGE_CURVE('',#1776,#1766,#1777,.T.);
#1404=EDGE_CURVE('',#1773,#1776,#1778,.T.);
#1405=EDGE_CURVE('',#1776,#1704,#1779,.T.);
#1406=EDGE_CURVE('',#1755,#1780,#1781,.T.);
#1407=EDGE_CURVE('',#1780,#1782,#1783,.T.);
#1408=EDGE_CURVE('',#1782,#1749,#1784,.T.);
#1409=EDGE_CURVE('',#1747,#1785,#1786,.T.);
#1410=EDGE_CURVE('',#1785,#1787,#1788,.T.);
#1411=EDGE_CURVE('',#1787,#1741,#1789,.T.);
#1412=EDGE_CURVE('',#1790,#1791,#1792,.T.);
#1413=EDGE_CURVE('',#1790,#1793,#1794,.T.);
#1414=EDGE_CURVE('',#1743,#1793,#1795,.T.);
#1415=EDGE_CURVE('',#1791,#1787,#1796,.T.);
#1416=EDGE_CURVE('',#1791,#1797,#1798,.T.);
#1417=EDGE_CURVE('',#1785,#1797,#1799,.T.);
#1418=EDGE_CURVE('',#1800,#1801,#1802,.T.);
#1419=EDGE_CURVE('',#1797,#1801,#1803,.T.);
#1420=EDGE_CURVE('',#1800,#1745,#1804,.T.);
#1421=EDGE_CURVE('',#1800,#1793,#1805,.T.);
#1422=EDGE_CURVE('',#1801,#1790,#1806,.T.);
#1423=EDGE_CURVE('',#1807,#1808,#1809,.T.);
#1424=EDGE_CURVE('',#1807,#1810,#1811,.T.);
#1425=EDGE_CURVE('',#1751,#1810,#1812,.T.);
#1426=EDGE_CURVE('',#1808,#1782,#1813,.T.);
#1427=EDGE_CURVE('',#1808,#1814,#1815,.T.);
#1428=EDGE_CURVE('',#1780,#1814,#1816,.T.);
#1429=EDGE_CURVE('',#1817,#1818,#1819,.T.);
#1430=EDGE_CURVE('',#1814,#1818,#1820,.T.);
#1431=EDGE_CURVE('',#1817,#1753,#1821,.T.);
#1432=EDGE_CURVE('',#1817,#1810,#1822,.T.);
#1433=EDGE_CURVE('',#1818,#1807,#1823,.T.);
#1434=EDGE_CURVE('',#1733,#1720,#1824,.T.);
#1435=EDGE_CURVE('',#1665,#1825,#1826,.T.);
#1436=EDGE_CURVE('',#1827,#1825,#1828,.T.);
#1437=EDGE_CURVE('',#1666,#1827,#1829,.T.);
#1438=EDGE_CURVE('',#1825,#1827,#1830,.T.);
#1439=EDGE_CURVE('',#1831,#1661,#1832,.T.);
#1440=EDGE_CURVE('',#1833,#1831,#1834,.T.);
#1441=EDGE_CURVE('',#1833,#1658,#1835,.T.);
#1442=EDGE_CURVE('',#1831,#1833,#1836,.T.);
#1443=EDGE_CURVE('',#1837,#1838,#1839,.T.);
#1444=EDGE_CURVE('',#1840,#1837,#1841,.T.);
#1445=EDGE_CURVE('',#1840,#1842,#1843,.T.);
#1446=EDGE_CURVE('',#1842,#1838,#1844,.T.);
#1447=EDGE_CURVE('',#1838,#1842,#1845,.T.);
#1448=EDGE_CURVE('',#1837,#1840,#1846,.T.);
#1449=CARTESIAN_POINT('',(0.0,0.0,-16.6));
#1450=DIRECTION('',(0.0,0.0,-1.0));
#1451=DIRECTION('',(-1.0,0.0,0.0));
#1452=CARTESIAN_POINT('',(0.0,0.0,-16.6));
#1453=DIRECTION('',(0.0,0.0,-1.0));
#1454=DIRECTION('',(1.0,0.0,0.0));
#1455=CARTESIAN_POINT('',(3.43,3.43,-16.6));
#1456=DIRECTION('',(0.0,0.0,-1.0));
#1457=DIRECTION('',(-1.0,0.0,0.0));
#1458=CARTESIAN_POINT('',(3.43,3.43,-16.6));
#1459=DIRECTION('',(0.0,0.0,-1.0));
#1460=DIRECTION('',(1.0,0.0,0.0));
#1461=CARTESIAN_POINT('',(-3.43,3.43,-16.6));
#1462=DIRECTION('',(0.0,0.0,-1.0));
#1463=DIRECTION('',(-1.0,0.0,0.0));
#1464=CARTESIAN_POINT('',(-3.43,3.43,-16.6));
#1465=DIRECTION('',(0.0,0.0,-1.0));
#1466=DIRECTION('',(1.0,0.0,0.0));
#1467=CARTESIAN_POINT('',(3.43,-3.43,-16.6));
#1468=DIRECTION('',(0.0,0.0,-1.0));
#1469=DIRECTION('',(-1.0,0.0,0.0));
#1470=CARTESIAN_POINT('',(3.43,-3.43,-16.6));
#1471=DIRECTION('',(0.0,0.0,-1.0));
#1472=DIRECTION('',(1.0,0.0,0.0));
#1473=CARTESIAN_POINT('',(-3.43,-3.43,-16.6));
#1474=DIRECTION('',(0.0,0.0,-1.0));
#1475=DIRECTION('',(-1.0,0.0,0.0));
#1476=CARTESIAN_POINT('',(-3.43,-3.43,-16.6));
#1477=DIRECTION('',(0.0,0.0,-1.0));
#1478=DIRECTION('',(1.0,0.0,0.0));
#1479=VERTEX_POINT('',#1847);
#1480=VERTEX_POINT('',#1848);
#1481=LINE('',#1849,#1850);
#1482=VERTEX_POINT('',#1851);
#1483=CIRCLE('',#1852,3.7973);
#1484=VERTEX_POINT('',#1853);
#1485=LINE('',#1854,#1855);
#1486=CIRCLE('',#1856,3.7973);
#1487=VERTEX_POINT('',#1857);
#1488=VERTEX_POINT('',#1858);
#1489=LINE('',#1859,#1860);
#1490=VERTEX_POINT('',#1861);
#1491=CIRCLE('',#1862,0.95);
#1492=VERTEX_POINT('',#1863);
#1493=LINE('',#1864,#1865);
#1494=CIRCLE('',#1866,0.95);
#1495=VERTEX_POINT('',#1867);
#1496=VERTEX_POINT('',#1868);
#1497=LINE('',#1869,#1870);
#1498=VERTEX_POINT('',#1871);
#1499=CIRCLE('',#1872,0.95);
#1500=VERTEX_POINT('',#1873);
#1501=LINE('',#1874,#1875);
#1502=CIRCLE('',#1876,0.95);
#1503=VERTEX_POINT('',#1877);
#1504=VERTEX_POINT('',#1878);
#1505=LINE('',#1879,#1880);
#1506=VERTEX_POINT('',#1881);
#1507=CIRCLE('',#1882,0.95);
#1508=VERTEX_POINT('',#1883);
#1509=LINE('',#1884,#1885);
#1510=CIRCLE('',#1886,0.95);
#1511=VERTEX_POINT('',#1887);
#1512=VERTEX_POINT('',#1888);
#1513=LINE('',#1889,#1890);
#1514=VERTEX_POINT('',#1891);
#1515=CIRCLE('',#1892,0.95);
#1516=VERTEX_POINT('',#1893);
#1517=LINE('',#1894,#1895);
#1518=CIRCLE('',#1896,0.95);
#1519=VERTEX_POINT('',#1897);
#1520=VERTEX_POINT('',#1898);
#1521=LINE('',#1899,#1900);
#1522=VERTEX_POINT('',#1901);
#1523=CIRCLE('',#1902,3.7973);
#1524=VERTEX_POINT('',#1903);
#1525=LINE('',#1904,#1905);
#1526=CIRCLE('',#1906,3.7973);
#1527=VERTEX_POINT('',#1907);
#1528=CIRCLE('',#1908,3.7973);
#1529=VERTEX_POINT('',#1909);
#1530=LINE('',#1910,#1911);
#1531=CIRCLE('',#1912,3.7973);
#1532=VERTEX_POINT('',#1913);
#1533=CIRCLE('',#1914,0.95);
#1534=VERTEX_POINT('',#1915);
#1535=CIRCLE('',#1916,5.5);
#1536=VERTEX_POINT('',#1917);
#1537=LINE('',#1918,#1919);
#1538=VERTEX_POINT('',#1920);
#1539=CIRCLE('',#1921,3.7973);
#1540=VERTEX_POINT('',#1922);
#1541=LINE('',#1923,#1924);
#1542=VERTEX_POINT('',#1925);
#1543=CIRCLE('',#1926,5.5);
#1544=CIRCLE('',#1927,0.95);
#1545=VERTEX_POINT('',#1928);
#1546=CIRCLE('',#1929,5.5);
#1547=LINE('',#1930,#1931);
#1548=VERTEX_POINT('',#1932);
#1549=LINE('',#1933,#1934);
#1550=VERTEX_POINT('',#1935);
#1551=CIRCLE('',#1936,5.5);
#1552=CIRCLE('',#1937,0.95);
#1553=VERTEX_POINT('',#1938);
#1554=CIRCLE('',#1939,5.5);
#1555=VERTEX_POINT('',#1940);
#1556=LINE('',#1941,#1942);
#1557=VERTEX_POINT('',#1943);
#1558=CIRCLE('',#1944,3.7973);
#1559=VERTEX_POINT('',#1945);
#1560=LINE('',#1946,#1947);
#1561=CIRCLE('',#1948,5.5);
#1562=VERTEX_POINT('',#1949);
#1563=CIRCLE('',#1950,0.95);
#1564=VERTEX_POINT('',#1951);
#1565=CIRCLE('',#1952,5.5);
#1566=LINE('',#1953,#1954);
#1567=VERTEX_POINT('',#1955);
#1568=CIRCLE('',#1956,3.7973);
#1569=VERTEX_POINT('',#1957);
#1570=LINE('',#1958,#1959);
#1571=CIRCLE('',#1960,5.5);
#1572=VERTEX_POINT('',#1961);
#1573=LINE('',#1962,#1963);
#1574=VERTEX_POINT('',#1964);
#1575=CIRCLE('',#1965,5.5);
#1576=VERTEX_POINT('',#1966);
#1577=LINE('',#1967,#1968);
#1578=VERTEX_POINT('',#1969);
#1579=CIRCLE('',#1970,5.5);
#1580=VERTEX_POINT('',#1971);
#1581=CIRCLE('',#1972,5.5);
#1582=VERTEX_POINT('',#1973);
#1583=LINE('',#1974,#1975);
#1584=VERTEX_POINT('',#1976);
#1585=CIRCLE('',#1977,5.5);
#1586=LINE('',#1978,#1979);
#1587=VERTEX_POINT('',#1980);
#1588=CIRCLE('',#1981,5.5);
#1589=LINE('',#1982,#1983);
#1590=VERTEX_POINT('',#1984);
#1591=LINE('',#1985,#1986);
#1592=VERTEX_POINT('',#1987);
#1593=CIRCLE('',#1988,5.5);
#1594=LINE('',#1989,#1990);
#1595=VERTEX_POINT('',#1991);
#1596=LINE('',#1992,#1993);
#1597=CIRCLE('',#1994,5.5);
#1598=CIRCLE('',#1995,0.95);
#1599=VERTEX_POINT('',#1996);
#1600=LINE('',#1997,#1998);
#1601=LINE('',#1999,#2000);
#1602=VERTEX_POINT('',#2001);
#1603=CIRCLE('',#2002,3.7973);
#1604=LINE('',#2003,#2004);
#1605=LINE('',#2005,#2006);
#1606=CIRCLE('',#2007,0.95);
#1607=LINE('',#2008,#2009);
#1608=VERTEX_POINT('',#2010);
#1609=CIRCLE('',#2011,5.5);
#1610=LINE('',#2012,#2013);
#1611=LINE('',#2014,#2015);
#1612=VERTEX_POINT('',#2016);
#1613=CIRCLE('',#2017,5.5);
#1614=CIRCLE('',#2018,5.5);
#1615=VERTEX_POINT('',#2019);
#1616=CIRCLE('',#2020,5.5);
#1617=LINE('',#2021,#2022);
#1618=VERTEX_POINT('',#2023);
#1619=LINE('',#2024,#2025);
#1620=CIRCLE('',#2026,5.5);
#1621=VERTEX_POINT('',#2027);
#1622=LINE('',#2028,#2029);
#1623=VERTEX_POINT('',#2030);
#1624=CIRCLE('',#2031,5.5);
#1625=LINE('',#2032,#2033);
#1626=VERTEX_POINT('',#2034);
#1627=CIRCLE('',#2035,5.5);
#1628=LINE('',#2036,#2037);
#1629=CIRCLE('',#2038,0.95);
#1630=VERTEX_POINT('',#2039);
#1631=LINE('',#2040,#2041);
#1632=LINE('',#2042,#2043);
#1633=VERTEX_POINT('',#2044);
#1634=CIRCLE('',#2045,3.7973);
#1635=LINE('',#2046,#2047);
#1636=LINE('',#2048,#2049);
#1637=CIRCLE('',#2050,0.95);
#1638=LINE('',#2051,#2052);
#1639=VERTEX_POINT('',#2053);
#1640=CIRCLE('',#2054,3.7973);
#1641=LINE('',#2055,#2056);
#1642=LINE('',#2057,#2058);
#1643=VERTEX_POINT('',#2059);
#1644=LINE('',#2060,#2061);
#1645=VERTEX_POINT('',#2062);
#1646=CIRCLE('',#2063,4.826);
#1647=VERTEX_POINT('',#2064);
#1648=CIRCLE('',#2065,4.826);
#1649=LINE('',#2066,#2067);
#1650=VERTEX_POINT('',#2068);
#1651=CIRCLE('',#2069,4.826);
#1652=CIRCLE('',#2070,4.826);
#1653=VERTEX_POINT('',#2071);
#1654=LINE('',#2072,#2073);
#1655=VERTEX_POINT('',#2074);
#1656=CIRCLE('',#2075,4.826);
#1657=LINE('',#2076,#2077);
#1658=VERTEX_POINT('',#2078);
#1659=VERTEX_POINT('',#2079);
#1660=B_SPLINE_CURVE_WITH_KNOTS('',3,(#2080,#2081,#2082,#2083,#2084,#2085,#2086,#2087,#2088,#2089),.UNSPECIFIED.,.F.,.F.,(4,1,1,1,1,1,1,4),(0.0,0.1428571428571,0.2857142857143,0.4285714285714,0.5714285714286,0.7142857142857,0.8571428571429,1.0),.UNSPECIFIED.);
#1661=VERTEX_POINT('',#2090);
#1662=B_SPLINE_CURVE_WITH_KNOTS('',3,(#2091,#2092,#2093,#2094,#2095,#2096,#2097,#2098,#2099,#2100,#2101,#2102,#2103,#2104,#2105,#2106,#2107),.UNSPECIFIED.,.F.,.F.,(4,1,1,1,1,1,1,1,1,1,1,1,1,1,4),(0.0,0.07142857142857,0.1428571428571,0.2142857142857,0.2857142857143,0.3571428571429,0.4285714285714,0.5,0.5714285714286,0.6428571428571,0.7142857142857,0.7857142857143,0.8571428571429,0.9285714285714,1.0),.UNSPECIFIED.);
#1663=B_SPLINE_CURVE_WITH_KNOTS('',3,(#2108,#2109,#2110,#2111,#2112,#2113,#2114,#2115,#2116,#2117),.UNSPECIFIED.,.F.,.F.,(4,1,1,1,1,1,1,4),(0.0,0.1428571428571,0.2857142857143,0.4285714285714,0.5714285714286,0.7142857142857,0.8571428571429,1.0),.UNSPECIFIED.);
#1664=CIRCLE('',#2118,4.826);
#1665=VERTEX_POINT('',#2119);
#1666=VERTEX_POINT('',#2120);
#1667=B_SPLINE_CURVE_WITH_KNOTS('',3,(#2121,#2122,#2123,#2124,#2125,#2126,#2127,#2128,#2129,#2130,#2131,#2132,#2133,#2134,#2135,#2136,#2137),.UNSPECIFIED.,.F.,.F.,(4,1,1,1,1,1,1,1,1,1,1,1,1,1,4),(0.0,0.07142857142857,0.1428571428571,0.2142857142857,0.2857142857143,0.3571428571429,0.4285714285714,0.5,0.5714285714286,0.6428571428571,0.7142857142857,0.7857142857143,0.8571428571429,0.9285714285714,1.0),.UNSPECIFIED.);
#1668=B_SPLINE_CURVE_WITH_KNOTS('',3,(#2138,#2139,#2140,#2141,#2142,#2143,#2144,#2145,#2146,#2147,#2148,#2149,#2150,#2151,#2152,#2153,#2154),.UNSPECIFIED.,.F.,.F.,(4,1,1,1,1,1,1,1,1,1,1,1,1,1,4),(0.0,0.07142857142857,0.1428571428571,0.2142857142857,0.2857142857143,0.3571428571429,0.4285714285714,0.5,0.5714285714286,0.6428571428571,0.7142857142857,0.7857142857143,0.8571428571429,0.9285714285714,1.0),.UNSPECIFIED.);
#1669=VERTEX_POINT('',#2155);
#1670=VERTEX_POINT('',#2156);
#1671=CIRCLE('',#2157,4.4577);
#1672=CIRCLE('',#2158,4.4577);
#1673=VERTEX_POINT('',#2159);
#1674=LINE('',#2160,#2161);
#1675=VERTEX_POINT('',#2162);
#1676=LINE('',#2163,#2164);
#1677=CIRCLE('',#2165,4.191);
#1678=VERTEX_POINT('',#2166);
#1679=LINE('',#2167,#2168);
#1680=VERTEX_POINT('',#2169);
#1681=CIRCLE('',#2170,4.064);
#1682=LINE('',#2171,#2172);
#1683=CIRCLE('',#2173,4.191);
#1684=CIRCLE('',#2174,4.064);
#1685=VERTEX_POINT('',#2175);
#1686=VERTEX_POINT('',#2176);
#1687=CIRCLE('',#2177,1.524);
#1688=CIRCLE('',#2178,1.524);
#1689=VERTEX_POINT('',#2179);
#1690=LINE('',#2180,#2181);
#1691=VERTEX_POINT('',#2182);
#1692=LINE('',#2183,#2184);
#1693=CIRCLE('',#2185,1.524);
#1694=CIRCLE('',#2186,1.524);
#1695=VERTEX_POINT('',#2187);
#1696=VERTEX_POINT('',#2188);
#1697=CIRCLE('',#2189,1.0541);
#1698=CIRCLE('',#2190,1.0541);
#1699=VERTEX_POINT('',#2191);
#1700=VERTEX_POINT('',#2192);
#1701=CIRCLE('',#2193,1.0541);
#1702=VERTEX_POINT('',#2194);
#1703=B_SPLINE_CURVE_WITH_KNOTS('',3,(#2195,#2196,#2197,#2198),.UNSPECIFIED.,.F.,.F.,(4,4),(0.0,1.0),.UNSPECIFIED.);
#1704=VERTEX_POINT('',#2199);
#1705=B_SPLINE_CURVE_WITH_KNOTS('',3,(#2200,#2201,#2202,#2203,#2204,#2205,#2206,#2207,#2208),.UNSPECIFIED.,.F.,.F.,(4,1,1,1,1,1,4),(0.0,0.1666666666667,0.3333333333333,0.5,0.6666666666667,0.8333333333333,1.0),.UNSPECIFIED.);
#1706=VERTEX_POINT('',#2209);
#1707=B_SPLINE_CURVE_WITH_KNOTS('',3,(#2210,#2211,#2212,#2213),.UNSPECIFIED.,.F.,.F.,(4,4),(0.0,1.0),.UNSPECIFIED.);
#1708=VERTEX_POINT('',#2214);
#1709=CIRCLE('',#2215,1.0541);
#1710=LINE('',#2216,#2217);
#1711=VERTEX_POINT('',#2218);
#1712=LINE('',#2219,#2220);
#1713=VERTEX_POINT('',#2221);
#1714=CIRCLE('',#2222,1.0541);
#1715=VERTEX_POINT('',#2223);
#1716=B_SPLINE_CURVE_WITH_KNOTS('',3,(#2224,#2225,#2226,#2227),.UNSPECIFIED.,.F.,.F.,(4,4),(0.0,1.0),.UNSPECIFIED.);
#1717=VERTEX_POINT('',#2228);
#1718=B_SPLINE_CURVE_WITH_KNOTS('',3,(#2229,#2230,#2231,#2232,#2233,#2234,#2235,#2236,#2237),.UNSPECIFIED.,.F.,.F.,(4,1,1,1,1,1,4),(0.0,0.1666666666667,0.3333333333333,0.5,0.6666666666667,0.8333333333333,1.0),.UNSPECIFIED.);
#1719=B_SPLINE_CURVE_WITH_KNOTS('',3,(#2238,#2239,#2240,#2241),.UNSPECIFIED.,.F.,.F.,(4,4),(0.0,1.0),.UNSPECIFIED.);
#1720=VERTEX_POINT('',#2242);
#1721=VERTEX_POINT('',#2243);
#1722=LINE('',#2244,#2245);
#1723=VERTEX_POINT('',#2246);
#1724=B_SPLINE_CURVE_WITH_KNOTS('',3,(#2247,#2248,#2249,#2250,#2251,#2252),.UNSPECIFIED.,.F.,.F.,(4,1,1,4),(0.0,0.3333333333333,0.6666666666667,1.0),.UNSPECIFIED.);
#1725=VERTEX_POINT('',#2253);
#1726=LINE('',#2254,#2255);
#1727=LINE('',#2256,#2257);
#1728=LINE('',#2258,#2259);
#1729=VERTEX_POINT('',#2260);
#1730=CIRCLE('',#2261,1.0541);
#1731=LINE('',#2262,#2263);
#1732=VERTEX_POINT('',#2264);
#1733=VERTEX_POINT('',#2265);
#1734=B_SPLINE_CURVE_WITH_KNOTS('',3,(#2266,#2267,#2268,#2269,#2270,#2271),.UNSPECIFIED.,.F.,.F.,(4,1,1,4),(0.0,0.3333333333333,0.6666666666667,1.0),.UNSPECIFIED.);
#1735=LINE('',#2272,#2273);
#1736=VERTEX_POINT('',#2274);
#1737=LINE('',#2275,#2276);
#1738=LINE('',#2277,#2278);
#1739=CIRCLE('',#2279,0.7112);
#1740=B_SPLINE_CURVE_WITH_KNOTS('',3,(#2280,#2281,#2282,#2283,#2284),.UNSPECIFIED.,.F.,.F.,(4,1,4),(0.0,0.5,1.0),.UNSPECIFIED.);
#1741=VERTEX_POINT('',#2285);
#1742=CIRCLE('',#2286,1.0541);
#1743=VERTEX_POINT('',#2287);
#1744=LINE('',#2288,#2289);
#1745=VERTEX_POINT('',#2290);
#1746=B_SPLINE_CURVE_WITH_KNOTS('',3,(#2291,#2292,#2293,#2294,#2295),.UNSPECIFIED.,.F.,.F.,(4,1,4),(0.0,0.5,1.0),.UNSPECIFIED.);
#1747=VERTEX_POINT('',#2296);
#1748=LINE('',#2297,#2298);
#1749=VERTEX_POINT('',#2299);
#1750=CIRCLE('',#2300,1.0541);
#1751=VERTEX_POINT('',#2301);
#1752=LINE('',#2302,#2303);
#1753=VERTEX_POINT('',#2304);
#1754=B_SPLINE_CURVE_WITH_KNOTS('',3,(#2305,#2306,#2307,#2308,#2309),.UNSPECIFIED.,.F.,.F.,(4,1,4),(0.0,0.499999999999957,0.99999999999983),.UNSPECIFIED.);
#1755=VERTEX_POINT('',#2310);
#1756=LINE('',#2311,#2312);
#1757=CIRCLE('',#2313,1.0541);
#1758=VERTEX_POINT('',#2314);
#1759=LINE('',#2315,#2316);
#1760=VERTEX_POINT('',#2317);
#1761=B_SPLINE_CURVE_WITH_KNOTS('',3,(#2318,#2319,#2320,#2321,#2322),.UNSPECIFIED.,.F.,.F.,(4,1,4),(0.0,0.5,1.0),.UNSPECIFIED.);
#1762=LINE('',#2323,#2324);
#1763=VERTEX_POINT('',#2325);
#1764=VERTEX_POINT('',#2326);
#1765=B_SPLINE_CURVE_WITH_KNOTS('',3,(#2327,#2328,#2329,#2330,#2331,#2332),.UNSPECIFIED.,.F.,.F.,(4,1,1,4),(0.0,0.3333333333333,0.6666666666667,1.0),.UNSPECIFIED.);
#1766=VERTEX_POINT('',#2333);
#1767=LINE('',#2334,#2335);
#1768=LINE('',#2336,#2337);
#1769=LINE('',#2338,#2339);
#1770=VERTEX_POINT('',#2340);
#1771=LINE('',#2341,#2342);
#1772=CIRCLE('',#2343,0.7112);
#1773=VERTEX_POINT('',#2344);
#1774=B_SPLINE_CURVE_WITH_KNOTS('',3,(#2345,#2346,#2347,#2348,#2349,#2350),.UNSPECIFIED.,.F.,.F.,(4,1,1,4),(0.0,0.3333333333333,0.6666666666667,1.0),.UNSPECIFIED.);
#1775=CIRCLE('',#2351,0.8382);
#1776=VERTEX_POINT('',#2352);
#1777=CIRCLE('',#2353,1.0541);
#1778=LINE('',#2354,#2355);
#1779=LINE('',#2356,#2357);
#1780=VERTEX_POINT('',#2358);
#1781=B_SPLINE_CURVE_WITH_KNOTS('',3,(#2359,#2360,#2361,#2362),.UNSPECIFIED.,.F.,.F.,(4,4),(0.0,1.0),.UNSPECIFIED.);
#1782=VERTEX_POINT('',#2363);
#1783=B_SPLINE_CURVE_WITH_KNOTS('',3,(#2364,#2365,#2366,#2367,#2368,#2369,#2370,#2371,#2372),.UNSPECIFIED.,.F.,.F.,(4,1,1,1,1,1,4),(0.0,0.1666666666667,0.3333333333333,0.5,0.6666666666667,0.8333333333333,1.0),.UNSPECIFIED.);
#1784=B_SPLINE_CURVE_WITH_KNOTS('',3,(#2373,#2374,#2375,#2376),.UNSPECIFIED.,.F.,.F.,(4,4),(0.0,1.0),.UNSPECIFIED.);
#1785=VERTEX_POINT('',#2377);
#1786=B_SPLINE_CURVE_WITH_KNOTS('',3,(#2378,#2379,#2380,#2381),.UNSPECIFIED.,.F.,.F.,(4,4),(0.0,1.0),.UNSPECIFIED.);
#1787=VERTEX_POINT('',#2382);
#1788=B_SPLINE_CURVE_WITH_KNOTS('',3,(#2383,#2384,#2385,#2386,#2387,#2388,#2389,#2390,#2391),.UNSPECIFIED.,.F.,.F.,(4,1,1,1,1,1,4),(0.0,0.1666666666667,0.3333333333333,0.5,0.6666666666667,0.8333333333333,1.0),.UNSPECIFIED.);
#1789=B_SPLINE_CURVE_WITH_KNOTS('',3,(#2392,#2393,#2394,#2395),.UNSPECIFIED.,.F.,.F.,(4,4),(0.0,1.0),.UNSPECIFIED.);
#1790=VERTEX_POINT('',#2396);
#1791=VERTEX_POINT('',#2397);
#1792=LINE('',#2398,#2399);
#1793=VERTEX_POINT('',#2400);
#1794=B_SPLINE_CURVE_WITH_KNOTS('',3,(#2401,#2402,#2403,#2404,#2405,#2406),.UNSPECIFIED.,.F.,.F.,(4,1,1,4),(0.0,0.3333333333333,0.6666666666667,1.0),.UNSPECIFIED.);
#1795=LINE('',#2407,#2408);
#1796=LINE('',#2409,#2410);
#1797=VERTEX_POINT('',#2411);
#1798=CIRCLE('',#2412,1.0541);
#1799=LINE('',#2413,#2414);
#1800=VERTEX_POINT('',#2415);
#1801=VERTEX_POINT('',#2416);
#1802=B_SPLINE_CURVE_WITH_KNOTS('',3,(#2417,#2418,#2419,#2420,#2421,#2422),.UNSPECIFIED.,.F.,.F.,(4,1,1,4),(0.0,0.3333333333333,0.6666666666667,1.0),.UNSPECIFIED.);
#1803=LINE('',#2423,#2424);
#1804=LINE('',#2425,#2426);
#1805=CIRCLE('',#2427,0.7112);
#1806=CIRCLE('',#2428,0.8382);
#1807=VERTEX_POINT('',#2429);
#1808=VERTEX_POINT('',#2430);
#1809=LINE('',#2431,#2432);
#1810=VERTEX_POINT('',#2433);
#1811=B_SPLINE_CURVE_WITH_KNOTS('',3,(#2434,#2435,#2436,#2437,#2438,#2439),.UNSPECIFIED.,.F.,.F.,(4,1,1,4),(0.0,0.3333333333333,0.6666666666667,1.0),.UNSPECIFIED.);
#1812=LINE('',#2440,#2441);
#1813=LINE('',#2442,#2443);
#1814=VERTEX_POINT('',#2444);
#1815=CIRCLE('',#2445,1.0541);
#1816=LINE('',#2446,#2447);
#1817=VERTEX_POINT('',#2448);
#1818=VERTEX_POINT('',#2449);
#1819=B_SPLINE_CURVE_WITH_KNOTS('',3,(#2450,#2451,#2452,#2453,#2454,#2455),.UNSPECIFIED.,.F.,.F.,(4,1,1,4),(0.0,0.3333333333333,0.6666666666667,1.0),.UNSPECIFIED.);
#1820=LINE('',#2456,#2457);
#1821=LINE('',#2458,#2459);
#1822=CIRCLE('',#2460,0.7112);
#1823=CIRCLE('',#2461,0.8382);
#1824=CIRCLE('',#2462,0.8382);
#1825=VERTEX_POINT('',#2463);
#1826=LINE('',#2464,#2465);
#1827=VERTEX_POINT('',#2466);
#1828=CIRCLE('',#2467,0.9906);
#1829=LINE('',#2468,#2469);
#1830=CIRCLE('',#2470,0.9906);
#1831=VERTEX_POINT('',#2471);
#1832=LINE('',#2472,#2473);
#1833=VERTEX_POINT('',#2474);
#1834=CIRCLE('',#2475,0.9906);
#1835=LINE('',#2476,#2477);
#1836=CIRCLE('',#2478,0.9906);
#1837=VERTEX_POINT('',#2479);
#1838=VERTEX_POINT('',#2480);
#1839=LINE('',#2481,#2482);
#1840=VERTEX_POINT('',#2483);
#1841=CIRCLE('',#2484,0.45);
#1842=VERTEX_POINT('',#2485);
#1843=LINE('',#2486,#2487);
#1844=CIRCLE('',#2488,0.45);
#1845=CIRCLE('',#2489,0.45);
#1846=CIRCLE('',#2490,0.45);
#1847=CARTESIAN_POINT('',(-3.7973,4.65019770736971E-16,-16.0));
#1848=CARTESIAN_POINT('',(-3.7973,4.65019770736971E-16,-16.6));
#1849=CARTESIAN_POINT('',(-3.7973,4.65019770736971E-16,-16.3));
#1850=VECTOR('',#2491,1.0);
#1851=CARTESIAN_POINT('',(-3.667910140167,-0.9828135599678,-16.0));
#1852=AXIS2_PLACEMENT_3D('',#2492,#2493,#2494);
#1853=CARTESIAN_POINT('',(-3.667910140167,-0.9828135599678,-16.6));
#1854=CARTESIAN_POINT('',(-3.667910140167,-0.9828135599678,-16.6));
#1855=VECTOR('',#2495,0.6);
#1856=AXIS2_PLACEMENT_3D('',#2496,#2497,#2498);
#1857=CARTESIAN_POINT('',(-2.48,-3.43,-16.0));
#1858=CARTESIAN_POINT('',(-2.48,-3.43,-19.78));
#1859=CARTESIAN_POINT('',(-2.48,-3.43,-16.1));
#1860=VECTOR('',#2499,1.0);
#1861=CARTESIAN_POINT('',(-3.333023856167,-4.375037368323,-16.0));
#1862=AXIS2_PLACEMENT_3D('',#2500,#2501,#2502);
#1863=CARTESIAN_POINT('',(-3.333023856167,-4.375037368323,-19.78));
#1864=CARTESIAN_POINT('',(-3.333023856167,-4.375037368323,-19.78));
#1865=VECTOR('',#2503,3.78);
#1866=AXIS2_PLACEMENT_3D('',#2504,#2505,#2506);
#1867=CARTESIAN_POINT('',(2.48,-3.43,-19.78));
#1868=CARTESIAN_POINT('',(2.48,-3.43,-16.0));
#1869=CARTESIAN_POINT('',(2.48,-3.43,-16.1));
#1870=VECTOR('',#2507,1.0);
#1871=CARTESIAN_POINT('',(3.333023856167,-4.375037368323,-19.78));
#1872=AXIS2_PLACEMENT_3D('',#2508,#2509,#2510);
#1873=CARTESIAN_POINT('',(3.333023856167,-4.375037368323,-16.0));
#1874=CARTESIAN_POINT('',(3.333023856167,-4.375037368323,-16.0));
#1875=VECTOR('',#2511,3.78);
#1876=AXIS2_PLACEMENT_3D('',#2512,#2513,#2514);
#1877=CARTESIAN_POINT('',(2.48,3.43,-19.78));
#1878=CARTESIAN_POINT('',(2.48,3.43,-16.0));
#1879=CARTESIAN_POINT('',(2.48,3.43,-16.1));
#1880=VECTOR('',#2515,1.0);
#1881=CARTESIAN_POINT('',(4.375037368323,3.333023856167,-19.78));
#1882=AXIS2_PLACEMENT_3D('',#2516,#2517,#2518);
#1883=CARTESIAN_POINT('',(4.375037368323,3.333023856167,-16.0));
#1884=CARTESIAN_POINT('',(4.375037368323,3.333023856167,-16.0));
#1885=VECTOR('',#2519,3.78);
#1886=AXIS2_PLACEMENT_3D('',#2520,#2521,#2522);
#1887=CARTESIAN_POINT('',(-2.48,3.43,-16.0));
#1888=CARTESIAN_POINT('',(-2.48,3.43,-19.78));
#1889=CARTESIAN_POINT('',(-2.48,3.43,-16.1));
#1890=VECTOR('',#2523,1.0);
#1891=CARTESIAN_POINT('',(-4.375037368323,3.333023856167,-16.0));
#1892=AXIS2_PLACEMENT_3D('',#2524,#2525,#2526);
#1893=CARTESIAN_POINT('',(-4.375037368323,3.333023856167,-19.78));
#1894=CARTESIAN_POINT('',(-4.375037368323,3.333023856167,-19.78));
#1895=VECTOR('',#2527,3.78);
#1896=AXIS2_PLACEMENT_3D('',#2528,#2529,#2530);
#1897=CARTESIAN_POINT('',(3.7973,-4.65019770736971E-16,-16.6));
#1898=CARTESIAN_POINT('',(3.7973,-4.65019770736971E-16,-16.0));
#1899=CARTESIAN_POINT('',(3.7973,-4.65019770736971E-16,-16.3));
#1900=VECTOR('',#2531,1.0);
#1901=CARTESIAN_POINT('',(3.667910140167,-0.9828135599678,-16.6));
#1902=AXIS2_PLACEMENT_3D('',#2532,#2533,#2534);
#1903=CARTESIAN_POINT('',(3.667910140167,-0.9828135599678,-16.0));
#1904=CARTESIAN_POINT('',(3.667910140167,-0.9828135599678,-16.6));
#1905=VECTOR('',#2535,0.6);
#1906=AXIS2_PLACEMENT_3D('',#2536,#2537,#2538);
#1907=CARTESIAN_POINT('',(3.667910140167,0.9828135599678,-16.0));
#1908=AXIS2_PLACEMENT_3D('',#2539,#2540,#2541);
#1909=CARTESIAN_POINT('',(3.667910140167,0.9828135599678,-16.6));
#1910=CARTESIAN_POINT('',(3.667910140167,0.9828135599678,-16.6));
#1911=VECTOR('',#2542,0.6);
#1912=AXIS2_PLACEMENT_3D('',#2543,#2544,#2545);
#1913=CARTESIAN_POINT('',(-3.333023856167,4.375037368323,-16.0));
#1914=AXIS2_PLACEMENT_3D('',#2546,#2547,#2548);
#1915=CARTESIAN_POINT('',(-1.423504748064,5.31259204459,-16.0));
#1916=AXIS2_PLACEMENT_3D('',#2549,#2550,#2551);
#1917=CARTESIAN_POINT('',(-0.9828135599678,3.667910140167,-16.0));
#1918=CARTESIAN_POINT('',(-1.423504748064,5.31259204459,-16.0));
#1919=VECTOR('',#2552,1.7027);
#1920=CARTESIAN_POINT('',(0.9828135599678,3.667910140167,-16.0));
#1921=AXIS2_PLACEMENT_3D('',#2553,#2554,#2555);
#1922=CARTESIAN_POINT('',(1.423504748064,5.31259204459,-16.0));
#1923=CARTESIAN_POINT('',(0.9828135599678,3.667910140167,-16.0));
#1924=VECTOR('',#2556,1.7027);
#1925=CARTESIAN_POINT('',(3.333023856167,4.375037368323,-16.0));
#1926=AXIS2_PLACEMENT_3D('',#2557,#2558,#2559);
#1927=AXIS2_PLACEMENT_3D('',#2560,#2561,#2562);
#1928=CARTESIAN_POINT('',(5.31259204459,1.423504748064,-16.0));
#1929=AXIS2_PLACEMENT_3D('',#2563,#2564,#2565);
#1930=CARTESIAN_POINT('',(5.31259204459,1.423504748064,-16.0));
#1931=VECTOR('',#2566,1.7027);
#1932=CARTESIAN_POINT('',(5.31259204459,-1.423504748064,-16.0));
#1933=CARTESIAN_POINT('',(3.667910140167,-0.9828135599678,-16.0));
#1934=VECTOR('',#2567,1.7027);
#1935=CARTESIAN_POINT('',(4.375037368323,-3.333023856167,-16.0));
#1936=AXIS2_PLACEMENT_3D('',#2568,#2569,#2570);
#1937=AXIS2_PLACEMENT_3D('',#2571,#2572,#2573);
#1938=CARTESIAN_POINT('',(1.423504748064,-5.31259204459,-16.0));
#1939=AXIS2_PLACEMENT_3D('',#2574,#2575,#2576);
#1940=CARTESIAN_POINT('',(0.9828135599678,-3.667910140167,-16.0));
#1941=CARTESIAN_POINT('',(1.423504748064,-5.31259204459,-16.0));
#1942=VECTOR('',#2577,1.7027);
#1943=CARTESIAN_POINT('',(-0.9828135599678,-3.667910140167,-16.0));
#1944=AXIS2_PLACEMENT_3D('',#2578,#2579,#2580);
#1945=CARTESIAN_POINT('',(-1.423504748064,-5.31259204459,-16.0));
#1946=CARTESIAN_POINT('',(-0.9828135599678,-3.667910140167,-16.0));
#1947=VECTOR('',#2581,1.7027);
#1948=AXIS2_PLACEMENT_3D('',#2582,#2583,#2584);
#1949=CARTESIAN_POINT('',(-4.375037368323,-3.333023856167,-16.0));
#1950=AXIS2_PLACEMENT_3D('',#2585,#2586,#2587);
#1951=CARTESIAN_POINT('',(-5.31259204459,-1.423504748064,-16.0));
#1952=AXIS2_PLACEMENT_3D('',#2588,#2589,#2590);
#1953=CARTESIAN_POINT('',(-5.31259204459,-1.423504748064,-16.0));
#1954=VECTOR('',#2591,1.7027);
#1955=CARTESIAN_POINT('',(-3.667910140167,0.9828135599678,-16.0));
#1956=AXIS2_PLACEMENT_3D('',#2592,#2593,#2594);
#1957=CARTESIAN_POINT('',(-5.31259204459,1.423504748064,-16.0));
#1958=CARTESIAN_POINT('',(-3.667910140167,0.9828135599678,-16.0));
#1959=VECTOR('',#2595,1.7027);
#1960=AXIS2_PLACEMENT_3D('',#2596,#2597,#2598);
#1961=CARTESIAN_POINT('',(-5.31259204459,1.423504748064,-16.6));
#1962=CARTESIAN_POINT('',(-5.31259204459,1.423504748064,-16.0));
#1963=VECTOR('',#2599,0.6);
#1964=CARTESIAN_POINT('',(-5.5,-2.153832667773E-14,-16.6));
#1965=AXIS2_PLACEMENT_3D('',#2600,#2601,#2602);
#1966=CARTESIAN_POINT('',(-5.5,0.0,-11.52));
#1967=CARTESIAN_POINT('',(-5.5,0.0,-16.6));
#1968=VECTOR('',#2603,5.08);
#1969=CARTESIAN_POINT('',(0.0,5.5,-11.52));
#1970=AXIS2_PLACEMENT_3D('',#2604,#2605,#2606);
#1971=CARTESIAN_POINT('',(5.5,0.0,-11.52));
#1972=AXIS2_PLACEMENT_3D('',#2607,#2608,#2609);
#1973=CARTESIAN_POINT('',(5.5,-2.464695114668E-14,-16.6));
#1974=CARTESIAN_POINT('',(5.5,0.0,-16.6));
#1975=VECTOR('',#2610,5.08);
#1976=CARTESIAN_POINT('',(5.31259204459,1.423504748064,-16.6));
#1977=AXIS2_PLACEMENT_3D('',#2611,#2612,#2613);
#1978=CARTESIAN_POINT('',(5.31259204459,1.423504748064,-16.6));
#1979=VECTOR('',#2614,0.6);
#1980=CARTESIAN_POINT('',(3.333023856167,4.375037368323,-19.78));
#1981=AXIS2_PLACEMENT_3D('',#2615,#2616,#2617);
#1982=CARTESIAN_POINT('',(3.333023856167,4.375037368323,-19.78));
#1983=VECTOR('',#2618,3.78);
#1984=CARTESIAN_POINT('',(1.423504748064,5.31259204459,-16.6));
#1985=CARTESIAN_POINT('',(1.423504748064,5.31259204459,-16.0));
#1986=VECTOR('',#2619,0.6);
#1987=CARTESIAN_POINT('',(-1.423504748064,5.31259204459,-16.6));
#1988=AXIS2_PLACEMENT_3D('',#2620,#2621,#2622);
#1989=CARTESIAN_POINT('',(-1.423504748064,5.31259204459,-16.6));
#1990=VECTOR('',#2623,0.6);
#1991=CARTESIAN_POINT('',(-3.333023856167,4.375037368323,-19.78));
#1992=CARTESIAN_POINT('',(-3.333023856167,4.375037368323,-16.0));
#1993=VECTOR('',#2624,3.78);
#1994=AXIS2_PLACEMENT_3D('',#2625,#2626,#2627);
#1995=AXIS2_PLACEMENT_3D('',#2628,#2629,#2630);
#1996=CARTESIAN_POINT('',(-0.9828135599678,3.667910140167,-16.6));
#1997=CARTESIAN_POINT('',(-0.9828135599678,3.667910140167,-16.6));
#1998=VECTOR('',#2631,1.7027);
#1999=CARTESIAN_POINT('',(-0.9828135599678,3.667910140167,-16.6));
#2000=VECTOR('',#2632,0.6);
#2001=CARTESIAN_POINT('',(0.9828135599678,3.667910140167,-16.6));
#2002=AXIS2_PLACEMENT_3D('',#2633,#2634,#2635);
#2003=CARTESIAN_POINT('',(0.9828135599678,3.667910140167,-16.6));
#2004=VECTOR('',#2636,0.6);
#2005=CARTESIAN_POINT('',(1.423504748064,5.31259204459,-16.6));
#2006=VECTOR('',#2637,1.7027);
#2007=AXIS2_PLACEMENT_3D('',#2638,#2639,#2640);
#2008=CARTESIAN_POINT('',(3.667910140167,0.9828135599678,-16.6));
#2009=VECTOR('',#2641,1.7027);
#2010=CARTESIAN_POINT('',(5.31259204459,-1.423504748064,-16.6));
#2011=AXIS2_PLACEMENT_3D('',#2642,#2643,#2644);
#2012=CARTESIAN_POINT('',(5.31259204459,-1.423504748064,-16.6));
#2013=VECTOR('',#2645,1.7027);
#2014=CARTESIAN_POINT('',(5.31259204459,-1.423504748064,-16.0));
#2015=VECTOR('',#2646,0.6);
#2016=CARTESIAN_POINT('',(0.0,-5.5,-11.52));
#2017=AXIS2_PLACEMENT_3D('',#2647,#2648,#2649);
#2018=AXIS2_PLACEMENT_3D('',#2650,#2651,#2652);
#2019=CARTESIAN_POINT('',(-5.31259204459,-1.423504748064,-16.6));
#2020=AXIS2_PLACEMENT_3D('',#2653,#2654,#2655);
#2021=CARTESIAN_POINT('',(-5.31259204459,-1.423504748064,-16.6));
#2022=VECTOR('',#2656,0.6);
#2023=CARTESIAN_POINT('',(-4.375037368323,-3.333023856167,-19.78));
#2024=CARTESIAN_POINT('',(-4.375037368323,-3.333023856167,-16.0));
#2025=VECTOR('',#2657,3.78);
#2026=AXIS2_PLACEMENT_3D('',#2658,#2659,#2660);
#2027=CARTESIAN_POINT('',(-1.423504748064,-5.31259204459,-16.6));
#2028=CARTESIAN_POINT('',(-1.423504748064,-5.31259204459,-16.0));
#2029=VECTOR('',#2661,0.6);
#2030=CARTESIAN_POINT('',(1.423504748064,-5.31259204459,-16.6));
#2031=AXIS2_PLACEMENT_3D('',#2662,#2663,#2664);
#2032=CARTESIAN_POINT('',(1.423504748064,-5.31259204459,-16.6));
#2033=VECTOR('',#2665,0.6);
#2034=CARTESIAN_POINT('',(4.375037368323,-3.333023856167,-19.78));
#2035=AXIS2_PLACEMENT_3D('',#2666,#2667,#2668);
#2036=CARTESIAN_POINT('',(4.375037368323,-3.333023856167,-19.78));
#2037=VECTOR('',#2669,3.78);
#2038=AXIS2_PLACEMENT_3D('',#2670,#2671,#2672);
#2039=CARTESIAN_POINT('',(0.9828135599678,-3.667910140167,-16.6));
#2040=CARTESIAN_POINT('',(0.9828135599678,-3.667910140167,-16.6));
#2041=VECTOR('',#2673,1.7027);
#2042=CARTESIAN_POINT('',(0.9828135599678,-3.667910140167,-16.6));
#2043=VECTOR('',#2674,0.6);
#2044=CARTESIAN_POINT('',(-0.9828135599678,-3.667910140167,-16.6));
#2045=AXIS2_PLACEMENT_3D('',#2675,#2676,#2677);
#2046=CARTESIAN_POINT('',(-0.9828135599678,-3.667910140167,-16.6));
#2047=VECTOR('',#2678,0.6);
#2048=CARTESIAN_POINT('',(-1.423504748064,-5.31259204459,-16.6));
#2049=VECTOR('',#2679,1.7027);
#2050=AXIS2_PLACEMENT_3D('',#2680,#2681,#2682);
#2051=CARTESIAN_POINT('',(-3.667910140167,-0.9828135599678,-16.6));
#2052=VECTOR('',#2683,1.7027);
#2053=CARTESIAN_POINT('',(-3.667910140167,0.9828135599678,-16.6));
#2054=AXIS2_PLACEMENT_3D('',#2684,#2685,#2686);
#2055=CARTESIAN_POINT('',(-3.667910140167,0.9828135599678,-16.6));
#2056=VECTOR('',#2687,0.6);
#2057=CARTESIAN_POINT('',(-5.31259204459,1.423504748064,-16.6));
#2058=VECTOR('',#2688,1.7027);
#2059=CARTESIAN_POINT('',(0.0,-4.826,-10.846));
#2060=CARTESIAN_POINT('',(0.0,-5.5,-11.52));
#2061=VECTOR('',#2689,0.9531799410395);
#2062=CARTESIAN_POINT('',(-4.826,0.0,-10.846));
#2063=AXIS2_PLACEMENT_3D('',#2690,#2691,#2692);
#2064=CARTESIAN_POINT('',(0.0,4.826,-10.846));
#2065=AXIS2_PLACEMENT_3D('',#2693,#2694,#2695);
#2066=CARTESIAN_POINT('',(0.0,5.5,-11.52));
#2067=VECTOR('',#2696,0.9531799410395);
#2068=CARTESIAN_POINT('',(4.826,0.0,-10.846));
#2069=AXIS2_PLACEMENT_3D('',#2697,#2698,#2699);
#2070=AXIS2_PLACEMENT_3D('',#2700,#2701,#2702);
#2071=CARTESIAN_POINT('',(4.826,0.0,0.0));
#2072=CARTESIAN_POINT('',(4.826,0.0,0.0));
#2073=VECTOR('',#2703,10.846);
#2074=CARTESIAN_POINT('',(-4.826,0.0,0.0));
#2075=AXIS2_PLACEMENT_3D('',#2704,#2705,#2706);
#2076=CARTESIAN_POINT('',(-4.826,0.0,0.0));
#2077=VECTOR('',#2707,10.846);
#2078=CARTESIAN_POINT('',(-0.9906,-4.723239104682,-4.2418));
#2079=CARTESIAN_POINT('',(7.450027037654E-14,-4.826,-5.2324));
#2080=CARTESIAN_POINT('',(-0.9906,-4.723239104682,-4.2418));
#2081=CARTESIAN_POINT('',(-0.9906,-4.723239104682,-4.315563231389));
#2082=CARTESIAN_POINT('',(-0.9740366427916,-4.726757066674,-4.463369353186));
#2083=CARTESIAN_POINT('',(-0.9003453405902,-4.741608709721,-4.674762833015));
#2084=CARTESIAN_POINT('',(-0.780554254075,-4.763149543916,-4.865187828864));
#2085=CARTESIAN_POINT('',(-0.6231208604218,-4.786687293202,-5.022577100457));
#2086=CARTESIAN_POINT('',(-0.432502800316,-4.808021125316,-5.142383561167));
#2087=CARTESIAN_POINT('',(-0.2209842544999,-4.822585433242,-5.215955322751));
#2088=CARTESIAN_POINT('',(-0.07351858910653,-4.826,-5.2324));
#2089=CARTESIAN_POINT('',(7.450027037654E-14,-4.826,-5.2324));
#2090=CARTESIAN_POINT('',(0.9906,-4.723239104682,-4.2418));
#2091=CARTESIAN_POINT('',(0.9906,-4.723239104682,-4.2418));
#2092=CARTESIAN_POINT('',(0.9906,-4.723239104682,-4.16896443104));
#2093=CARTESIAN_POINT('',(0.9744489147027,-4.726668638883,-4.022416627454));
#2094=CARTESIAN_POINT('',(0.9014148790863,-4.741405996694,-3.810882176906));
#2095=CARTESIAN_POINT('',(0.7810901456518,-4.763066971239,-3.618937522615));
#2096=CARTESIAN_POINT('',(0.6233024521068,-4.78666817657,-3.461134447419));
#2097=CARTESIAN_POINT('',(0.4324588651795,-4.808021437473,-3.341216637323));
#2098=CARTESIAN_POINT('',(0.2216530772586,-4.822542513637,-3.267856562176));
#2099=CARTESIAN_POINT('',(0.000614652439757,-4.827718513937,-3.242916801532));
#2100=CARTESIAN_POINT('',(-0.2203234668906,-4.822582879496,-3.267677438928));
#2101=CARTESIAN_POINT('',(-0.4290491354816,-4.808314634257,-3.339674619332));
#2102=CARTESIAN_POINT('',(-0.620583869376,-4.787027358284,-3.45901629718));
#2103=CARTESIAN_POINT('',(-0.7780546920903,-4.763567666136,-3.615186956101));
#2104=CARTESIAN_POINT('',(-0.9000573361193,-4.741677346485,-3.807732315366));
#2105=CARTESIAN_POINT('',(-0.9741321073134,-4.726734911914,-4.020496795642));
#2106=CARTESIAN_POINT('',(-0.9906,-4.723239104682,-4.168287420597));
#2107=CARTESIAN_POINT('',(-0.9906,-4.723239104682,-4.2418));
#2108=CARTESIAN_POINT('',(7.450027037654E-14,-4.826,-5.2324));
#2109=CARTESIAN_POINT('',(0.07293399974359,-4.826,-5.2324));
#2110=CARTESIAN_POINT('',(0.2195066109688,-4.822649450071,-5.216274711207));
#2111=CARTESIAN_POINT('',(0.4312965483381,-4.808126535617,-5.142908448111));
#2112=CARTESIAN_POINT('',(0.6215699249901,-4.786899673884,-5.023924658357));
#2113=CARTESIAN_POINT('',(0.7807355734149,-4.763128060169,-4.865027605979));
#2114=CARTESIAN_POINT('',(0.8999816603685,-4.741675736184,-4.675546060875));
#2115=CARTESIAN_POINT('',(0.9743605112522,-4.726693217802,-4.462369367009));
#2116=CARTESIAN_POINT('',(0.9906,-4.723239104682,-4.315116450539));
#2117=CARTESIAN_POINT('',(0.9906,-4.723239104682,-4.2418));
#2118=AXIS2_PLACEMENT_3D('',#2708,#2709,#2710);
#2119=CARTESIAN_POINT('',(0.9906,4.723239104682,-4.2418));
#2120=CARTESIAN_POINT('',(-0.9906,4.723239104682,-4.2418));
#2121=CARTESIAN_POINT('',(0.9906,4.723239104682,-4.2418));
#2122=CARTESIAN_POINT('',(0.9906,4.723239104682,-4.314635568961));
#2123=CARTESIAN_POINT('',(0.9744489147029,4.726668638883,-4.461183372549));
#2124=CARTESIAN_POINT('',(0.9014148790785,4.741405996696,-4.672717823115));
#2125=CARTESIAN_POINT('',(0.7810901456352,4.763066971241,-4.864662477398));
#2126=CARTESIAN_POINT('',(0.6233024521334,4.786668176568,-5.022465552569));
#2127=CARTESIAN_POINT('',(0.4324588650569,4.808021437484,-5.142383362739));
#2128=CARTESIAN_POINT('',(0.2216530772296,4.822542513638,-5.215743437826));
#2129=CARTESIAN_POINT('',(0.0006146523527147,4.827718513938,-5.240683198473));
#2130=CARTESIAN_POINT('',(-0.2203234669819,4.822582879491,-5.215922561049));
#2131=CARTESIAN_POINT('',(-0.4290491355316,4.808314634252,-5.143925380641));
#2132=CARTESIAN_POINT('',(-0.6205838693985,4.787027358281,-5.0245837028));
#2133=CARTESIAN_POINT('',(-0.7780546920977,4.763567666135,-4.868413043888));
#2134=CARTESIAN_POINT('',(-0.9000573361204,4.741677346484,-4.675867684633));
#2135=CARTESIAN_POINT('',(-0.9741321073175,4.726734911913,-4.463103204342));
#2136=CARTESIAN_POINT('',(-0.9906,4.723239104682,-4.315312579396));
#2137=CARTESIAN_POINT('',(-0.9906,4.723239104682,-4.2418));
#2138=CARTESIAN_POINT('',(-0.9906,4.723239104682,-4.2418));
#2139=CARTESIAN_POINT('',(-0.9906,4.723239104682,-4.168454706002));
#2140=CARTESIAN_POINT('',(-0.9742001199135,4.726720426771,-4.02120538812));
#2141=CARTESIAN_POINT('',(-0.9009247640622,4.741502994049,-3.809868354611));
#2142=CARTESIAN_POINT('',(-0.7805636917866,4.763141169576,-3.618495899424));
#2143=CARTESIAN_POINT('',(-0.6245914225407,4.786488817786,-3.462274496424));
#2144=CARTESIAN_POINT('',(-0.4337042440351,4.807907530986,-3.341791188459));
#2145=CARTESIAN_POINT('',(-0.2233278095359,4.822465166407,-3.26824440141));
#2146=CARTESIAN_POINT('',(-0.002022196358627,4.827716448542,-3.242928426818));
#2147=CARTESIAN_POINT('',(0.218904119802,4.822665989055,-3.267255061974));
#2148=CARTESIAN_POINT('',(0.4295526335249,4.808280545742,-3.339869597917));
#2149=CARTESIAN_POINT('',(0.6206888361374,4.787018863984,-3.458992244324));
#2150=CARTESIAN_POINT('',(0.7796526099533,4.763313480093,-3.61708551656));
#2151=CARTESIAN_POINT('',(0.9007519871675,4.741537919073,-3.809127897092));
#2152=CARTESIAN_POINT('',(0.9748493272615,4.726587856318,-4.023592826967));
#2153=CARTESIAN_POINT('',(0.9906,4.723239104682,-4.16957482863));
#2154=CARTESIAN_POINT('',(0.9906,4.723239104682,-4.2418));
#2155=CARTESIAN_POINT('',(-4.4577,0.0,0.0));
#2156=CARTESIAN_POINT('',(4.4577,0.0,0.0));
#2157=AXIS2_PLACEMENT_3D('',#2711,#2712,#2713);
#2158=AXIS2_PLACEMENT_3D('',#2714,#2715,#2716);
#2159=CARTESIAN_POINT('',(-4.191,0.0,-0.2667));
#2160=CARTESIAN_POINT('',(-4.4577,0.0,0.0));
#2161=VECTOR('',#2717,0.3771707570847);
#2162=CARTESIAN_POINT('',(4.191,0.0,-0.2667));
#2163=CARTESIAN_POINT('',(4.4577,0.0,0.0));
#2164=VECTOR('',#2718,0.3771707570847);
#2165=AXIS2_PLACEMENT_3D('',#2719,#2720,#2721);
#2166=CARTESIAN_POINT('',(4.064,0.0,-8.4074));
#2167=CARTESIAN_POINT('',(4.191,0.0,-0.2667000000001));
#2168=VECTOR('',#2722,8.141690579357);
#2169=CARTESIAN_POINT('',(-4.064,0.0,-8.4074));
#2170=AXIS2_PLACEMENT_3D('',#2723,#2724,#2725);
#2171=CARTESIAN_POINT('',(-4.191,0.0,-0.2667000000001));
#2172=VECTOR('',#2726,8.141690579357);
#2173=AXIS2_PLACEMENT_3D('',#2727,#2728,#2729);
#2174=AXIS2_PLACEMENT_3D('',#2730,#2731,#2732);
#2175=CARTESIAN_POINT('',(-1.077630734528,1.077630734528,-8.4074));
#2176=CARTESIAN_POINT('',(1.077630734528,-1.077630734528,-8.4074));
#2177=AXIS2_PLACEMENT_3D('',#2733,#2734,#2735);
#2178=AXIS2_PLACEMENT_3D('',#2736,#2737,#2738);
#2179=CARTESIAN_POINT('',(-1.077630734528,1.077630734528,-3.3782));
#2180=CARTESIAN_POINT('',(-1.077630734528,1.077630734528,-3.3782));
#2181=VECTOR('',#2739,5.0292);
#2182=CARTESIAN_POINT('',(1.077630734528,-1.077630734528,-3.3782));
#2183=CARTESIAN_POINT('',(1.077630734528,-1.077630734528,-3.3782));
#2184=VECTOR('',#2740,5.0292);
#2185=AXIS2_PLACEMENT_3D('',#2741,#2742,#2743);
#2186=AXIS2_PLACEMENT_3D('',#2744,#2745,#2746);
#2187=CARTESIAN_POINT('',(-0.7453612580487,0.7453612580487,-3.3782));
#2188=CARTESIAN_POINT('',(0.7453612580487,-0.7453612580487,-3.3782));
#2189=AXIS2_PLACEMENT_3D('',#2747,#2748,#2749);
#2190=AXIS2_PLACEMENT_3D('',#2750,#2751,#2752);
#2191=CARTESIAN_POINT('',(-0.8453327577914,-0.6297136957418,-8.1788));
#2192=CARTESIAN_POINT('',(-0.6297314440794,-0.8453350236198,-8.1788));
#2193=AXIS2_PLACEMENT_3D('',#2753,#2754,#2755);
#2194=CARTESIAN_POINT('',(-0.8452952656734,-0.6297536312863,-8.175417202189));
#2195=CARTESIAN_POINT('',(-0.8453350245795,-0.6297314450387,-8.1788));
#2196=CARTESIAN_POINT('',(-0.8453218021249,-0.6297491938018,-8.177672403919));
#2197=CARTESIAN_POINT('',(-0.845308488128,-0.6297358825232,-8.17654479827));
#2198=CARTESIAN_POINT('',(-0.8452952656734,-0.6297536312863,-8.175417202189));
#2199=CARTESIAN_POINT('',(-0.8452952656732,0.6297536312863,-8.175417202181));
#2200=CARTESIAN_POINT('',(-0.8452952656734,-0.6297536312863,-8.175417202189));
#2201=CARTESIAN_POINT('',(-0.8900889712549,-0.5696261516482,-8.174694787986));
#2202=CARTESIAN_POINT('',(-0.9668283794431,-0.4397503381697,-8.173798182236));
#2203=CARTESIAN_POINT('',(-1.038031514953,-0.2249791860285,-8.172755913992));
#2204=CARTESIAN_POINT('',(-1.062134244204,1.647428341661E-08,-8.172446311047));
#2205=CARTESIAN_POINT('',(-1.038031508231,0.2249792146749,-8.172755914085));
#2206=CARTESIAN_POINT('',(-0.9668283707306,0.4397503548983,-8.173798182354));
#2207=CARTESIAN_POINT('',(-0.890088967071,0.5696261572641,-8.174694788046));
#2208=CARTESIAN_POINT('',(-0.8452952656732,0.6297536312863,-8.175417202181));
#2209=CARTESIAN_POINT('',(-0.8453350236198,0.6297314440794,-8.1788));
#2210=CARTESIAN_POINT('',(-0.8452952656732,0.6297536312863,-8.175417202181));
#2211=CARTESIAN_POINT('',(-0.8453084881276,0.6297358825234,-8.176544798251));
#2212=CARTESIAN_POINT('',(-0.8453218011653,0.6297491928423,-8.17767240393));
#2213=CARTESIAN_POINT('',(-0.8453350236198,0.6297314440794,-8.1788));
#2214=CARTESIAN_POINT('',(-0.7453612580487,0.7453612580487,-8.1788));
#2215=AXIS2_PLACEMENT_3D('',#2756,#2757,#2758);
#2216=CARTESIAN_POINT('',(-0.7453612580487,0.7453612580487,-3.3782));
#2217=VECTOR('',#2759,4.8006);
#2218=CARTESIAN_POINT('',(0.7453612580487,-0.7453612580487,-8.1788));
#2219=CARTESIAN_POINT('',(0.7453612580487,-0.7453612580487,-3.3782));
#2220=VECTOR('',#2760,4.8006);
#2221=CARTESIAN_POINT('',(0.6297136957418,-0.8453327577914,-8.1788));
#2222=AXIS2_PLACEMENT_3D('',#2761,#2762,#2763);
#2223=CARTESIAN_POINT('',(0.6297536312863,-0.8452952656734,-8.175417202189));
#2224=CARTESIAN_POINT('',(0.6297314450387,-0.8453350245795,-8.1788));
#2225=CARTESIAN_POINT('',(0.6297491938018,-0.8453218021249,-8.177672403919));
#2226=CARTESIAN_POINT('',(0.6297358825232,-0.845308488128,-8.17654479827));
#2227=CARTESIAN_POINT('',(0.6297536312863,-0.8452952656734,-8.175417202189));
#2228=CARTESIAN_POINT('',(-0.6297536312863,-0.8452952656732,-8.175417202181));
#2229=CARTESIAN_POINT('',(0.6297536312863,-0.8452952656734,-8.175417202189));
#2230=CARTESIAN_POINT('',(0.5696261516482,-0.8900889712549,-8.174694787986));
#2231=CARTESIAN_POINT('',(0.4397503381697,-0.9668283794431,-8.173798182236));
#2232=CARTESIAN_POINT('',(0.2249791860285,-1.038031514953,-8.172755913992));
#2233=CARTESIAN_POINT('',(-1.647427825407E-08,-1.062134244204,-8.172446311046));
#2234=CARTESIAN_POINT('',(-0.2249792146749,-1.038031508231,-8.172755914085));
#2235=CARTESIAN_POINT('',(-0.4397503548983,-0.9668283707306,-8.173798182354));
#2236=CARTESIAN_POINT('',(-0.5696261572641,-0.890088967071,-8.174694788046));
#2237=CARTESIAN_POINT('',(-0.6297536312863,-0.8452952656732,-8.175417202181));
#2238=CARTESIAN_POINT('',(-0.6297536312863,-0.8452952656732,-8.175417202181));
#2239=CARTESIAN_POINT('',(-0.6297358825234,-0.8453084881276,-8.176544798251));
#2240=CARTESIAN_POINT('',(-0.6297491928423,-0.8453218011653,-8.17767240393));
#2241=CARTESIAN_POINT('',(-0.6297314440794,-0.8453350236198,-8.1788));
#2242=CARTESIAN_POINT('',(-0.4750545195537,-0.5601063753833,-3.428275745071));
#2243=CARTESIAN_POINT('',(-0.6297669428855,-0.7147603933857,-3.424027008312));
#2244=CARTESIAN_POINT('',(-0.4750545195537,-0.5601063753833,-3.428275745071));
#2245=VECTOR('',#2764,0.2187963687576);
#2246=CARTESIAN_POINT('',(-0.3834495909312,-0.472023579802,-3.557743979063));
#2247=CARTESIAN_POINT('',(-0.4750545195537,-0.5601063753833,-3.428275745071));
#2248=CARTESIAN_POINT('',(-0.4648916884672,-0.5503354961168,-3.442682364313));
#2249=CARTESIAN_POINT('',(-0.4445589896962,-0.5307863774771,-3.471487175682));
#2250=CARTESIAN_POINT('',(-0.4140227036044,-0.5014242046959,-3.51464156405));
#2251=CARTESIAN_POINT('',(-0.3936462866766,-0.4818296159311,-3.54338393095));
#2252=CARTESIAN_POINT('',(-0.3834495909312,-0.472023579802,-3.557743979063));
#2253=CARTESIAN_POINT('',(-0.3834495485348,-0.5989756954405,-8.1788));
#2254=CARTESIAN_POINT('',(-0.3834495485348,-0.5989756954405,-8.1788));
#2255=VECTOR('',#2765,4.622799540138);
#2256=CARTESIAN_POINT('',(-0.6297314440794,-0.8453350236198,-8.1788));
#2257=VECTOR('',#2766,0.3483499542902);
#2258=CARTESIAN_POINT('',(-0.6297669428855,-0.7147603933857,-3.424027008312));
#2259=VECTOR('',#2767,4.753182946979);
#2260=CARTESIAN_POINT('',(0.6297669428855,-0.7147603933857,-3.424027008312));
#2261=AXIS2_PLACEMENT_3D('',#2768,#2769,#2770);
#2262=CARTESIAN_POINT('',(0.6297536312863,-0.8452952656734,-8.175417202189));
#2263=VECTOR('',#2771,4.753182946987);
#2264=CARTESIAN_POINT('',(0.3834495909313,-0.472023579802,-3.557743979064));
#2265=CARTESIAN_POINT('',(0.4750545195538,-0.5601063753834,-3.428275745071));
#2266=CARTESIAN_POINT('',(0.3834495909313,-0.472023579802,-3.557743979064));
#2267=CARTESIAN_POINT('',(0.3936462866752,-0.4818296159298,-3.543383930952));
#2268=CARTESIAN_POINT('',(0.4140227036012,-0.5014242046928,-3.514641564055));
#2269=CARTESIAN_POINT('',(0.444558989693,-0.5307863774741,-3.471487175687));
#2270=CARTESIAN_POINT('',(0.4648916884658,-0.5503354961154,-3.442682364315));
#2271=CARTESIAN_POINT('',(0.4750545195538,-0.5601063753834,-3.428275745071));
#2272=CARTESIAN_POINT('',(0.6297669428855,-0.7147603933857,-3.424027008312));
#2273=VECTOR('',#2772,0.2187963687574);
#2274=CARTESIAN_POINT('',(0.3834495485348,-0.5989756954405,-8.1788));
#2275=CARTESIAN_POINT('',(0.3834495485348,-0.5989756954405,-8.1788));
#2276=VECTOR('',#2773,0.3483499556471);
#2277=CARTESIAN_POINT('',(0.3834495909313,-0.472023579802,-3.557743979064));
#2278=VECTOR('',#2774,4.622799540138);
#2279=AXIS2_PLACEMENT_3D('',#2775,#2776,#2777);
#2280=CARTESIAN_POINT('',(-0.3834495485348,-0.5989756954405,-8.1788));
#2281=CARTESIAN_POINT('',(-0.2556330323566,-0.6808315664782,-8.1788));
#2282=CARTESIAN_POINT('',(0.0,-0.7416531176915,-8.1788));
#2283=CARTESIAN_POINT('',(0.2556330323566,-0.6808315664782,-8.1788));
#2284=CARTESIAN_POINT('',(0.3834495485348,-0.5989756954405,-8.1788));
#2285=CARTESIAN_POINT('',(0.8453327577914,-0.6297136957418,-8.1788));
#2286=AXIS2_PLACEMENT_3D('',#2778,#2779,#2780);
#2287=CARTESIAN_POINT('',(0.5989756954405,-0.3834495485348,-8.1788));
#2288=CARTESIAN_POINT('',(0.8453350236198,-0.6297314440794,-8.1788));
#2289=VECTOR('',#2781,0.3483499542902);
#2290=CARTESIAN_POINT('',(0.5989756954405,0.3834495485349,-8.1788));
#2291=CARTESIAN_POINT('',(0.5989756954405,-0.3834495485348,-8.1788));
#2292=CARTESIAN_POINT('',(0.6808315664782,-0.2556330323565,-8.1788));
#2293=CARTESIAN_POINT('',(0.7416531176915,3.5166314305E-14,-8.1788));
#2294=CARTESIAN_POINT('',(0.6808315664782,0.2556330323566,-8.1788));
#2295=CARTESIAN_POINT('',(0.5989756954405,0.3834495485349,-8.1788));
#2296=CARTESIAN_POINT('',(0.8453350245795,0.6297314450387,-8.1788));
#2297=CARTESIAN_POINT('',(0.5989756954406,0.3834495485349,-8.1788));
#2298=VECTOR('',#2782,0.348349955647);
#2299=CARTESIAN_POINT('',(0.6297314440794,0.8453350236198,-8.1788));
#2300=AXIS2_PLACEMENT_3D('',#2783,#2784,#2785);
#2301=CARTESIAN_POINT('',(0.3834495485348,0.5989756954405,-8.1788));
#2302=CARTESIAN_POINT('',(0.6297314440794,0.8453350236198,-8.1788));
#2303=VECTOR('',#2786,0.3483499542902);
#2304=CARTESIAN_POINT('',(-0.3834495485351,0.5989756954407,-8.1788));
#2305=CARTESIAN_POINT('',(0.3834495485348,0.5989756954405,-8.1788));
#2306=CARTESIAN_POINT('',(0.2556330323565,0.6808315664782,-8.1788));
#2307=CARTESIAN_POINT('',(-1.107447467064E-13,0.7416531176916,-8.1788));
#2308=CARTESIAN_POINT('',(-0.2556330323567,0.6808315664781,-8.1788));
#2309=CARTESIAN_POINT('',(-0.383449548535,0.5989756954404,-8.1788));
#2310=CARTESIAN_POINT('',(-0.6297314450387,0.8453350245795,-8.1788));
#2311=CARTESIAN_POINT('',(-0.3834495485351,0.5989756954407,-8.1788));
#2312=VECTOR('',#2787,0.3483499556467);
#2313=AXIS2_PLACEMENT_3D('',#2788,#2789,#2790);
#2314=CARTESIAN_POINT('',(-0.5989756954405,0.3834495485348,-8.1788));
#2315=CARTESIAN_POINT('',(-0.8453350236198,0.6297314440794,-8.1788));
#2316=VECTOR('',#2791,0.3483499542902);
#2317=CARTESIAN_POINT('',(-0.5989756954405,-0.3834495485348,-8.1788));
#2318=CARTESIAN_POINT('',(-0.5989756954405,0.3834495485348,-8.1788));
#2319=CARTESIAN_POINT('',(-0.6808315664782,0.2556330323566,-8.1788));
#2320=CARTESIAN_POINT('',(-0.7416531176915,0.0,-8.1788));
#2321=CARTESIAN_POINT('',(-0.6808315664782,-0.2556330323565,-8.1788));
#2322=CARTESIAN_POINT('',(-0.5989756954405,-0.3834495485348,-8.1788));
#2323=CARTESIAN_POINT('',(-0.5989756954405,-0.3834495485348,-8.1788));
#2324=VECTOR('',#2792,0.3483499556471);
#2325=CARTESIAN_POINT('',(-0.4720235943041,-0.3834495485348,-3.557743518629));
#2326=CARTESIAN_POINT('',(-0.5601063753943,-0.4750545195668,-3.42827574507));
#2327=CARTESIAN_POINT('',(-0.472023732356952,-0.383449749561717,-3.55774375564502));
#2328=CARTESIAN_POINT('',(-0.481829615919,-0.3936462866619,-3.543383930952));
#2329=CARTESIAN_POINT('',(-0.5014242046752,-0.4140227035851,-3.51464156405));
#2330=CARTESIAN_POINT('',(-0.5307863774792,-0.4445589896961,-3.47148717571));
#2331=CARTESIAN_POINT('',(-0.5503354961146,-0.4648916884667,-3.442682364332));
#2332=CARTESIAN_POINT('',(-0.5601063753943,-0.4750545195668,-3.42827574507));
#2333=CARTESIAN_POINT('',(-0.7147603933857,-0.6297669428855,-3.424027008312));
#2334=CARTESIAN_POINT('',(-0.7147603933857,-0.6297669428855,-3.424027008312));
#2335=VECTOR('',#2793,0.2187963687406);
#2336=CARTESIAN_POINT('',(-0.8452952656734,-0.6297536312863,-8.175417202189));
#2337=VECTOR('',#2794,4.753182946987);
#2338=CARTESIAN_POINT('',(-0.4720235798026,-0.3834495909298,-3.557743979047));
#2339=VECTOR('',#2795,4.622799540154);
#2340=CARTESIAN_POINT('',(-0.4720235943041,0.3834495485348,-3.557743518629));
#2341=CARTESIAN_POINT('',(-0.5989756954405,0.3834495485348,-8.1788));
#2342=VECTOR('',#2796,4.622799540154);
#2343=AXIS2_PLACEMENT_3D('',#2797,#2798,#2799);
#2344=CARTESIAN_POINT('',(-0.5601063753943,0.4750545195668,-3.42827574507));
#2345=CARTESIAN_POINT('',(-0.5601063753943,0.4750545195668,-3.42827574507));
#2346=CARTESIAN_POINT('',(-0.5503354961152,0.4648916884673,-3.442682364331));
#2347=CARTESIAN_POINT('',(-0.5307863774806,0.4445589896976,-3.471487175708));
#2348=CARTESIAN_POINT('',(-0.5014242046766,0.4140227035866,-3.514641564048));
#2349=CARTESIAN_POINT('',(-0.4818296159195,0.3936462866625,-3.543383930951));
#2350=CARTESIAN_POINT('',(-0.472023732356952,0.383449749561717,-3.55774375564502));
#2351=AXIS2_PLACEMENT_3D('',#2800,#2801,#2802);
#2352=CARTESIAN_POINT('',(-0.7147603933857,0.6297669428855,-3.424027008312));
#2353=AXIS2_PLACEMENT_3D('',#2803,#2804,#2805);
#2354=CARTESIAN_POINT('',(-0.5601063753943,0.4750545195668,-3.42827574507));
#2355=VECTOR('',#2806,0.2187963687406);
#2356=CARTESIAN_POINT('',(-0.7147603933857,0.6297669428855,-3.424027008312));
#2357=VECTOR('',#2807,4.753182946979);
#2358=CARTESIAN_POINT('',(-0.6297536312863,0.8452952656734,-8.175417202189));
#2359=CARTESIAN_POINT('',(-0.6297314450387,0.8453350245795,-8.1788));
#2360=CARTESIAN_POINT('',(-0.6297491938018,0.8453218021249,-8.177672403919));
#2361=CARTESIAN_POINT('',(-0.6297358825232,0.845308488128,-8.17654479827));
#2362=CARTESIAN_POINT('',(-0.6297536312863,0.8452952656734,-8.175417202189));
#2363=CARTESIAN_POINT('',(0.6297536312863,0.8452952656732,-8.175417202181));
#2364=CARTESIAN_POINT('',(-0.6297536312863,0.8452952656734,-8.175417202189));
#2365=CARTESIAN_POINT('',(-0.5696261516482,0.8900889712549,-8.174694787986));
#2366=CARTESIAN_POINT('',(-0.4397503381697,0.9668283794432,-8.173798182236));
#2367=CARTESIAN_POINT('',(-0.2249791860285,1.038031514953,-8.172755913992));
#2368=CARTESIAN_POINT('',(1.647428068269E-08,1.062134244204,-8.172446311046));
#2369=CARTESIAN_POINT('',(0.2249792146749,1.038031508231,-8.172755914085));
#2370=CARTESIAN_POINT('',(0.4397503548983,0.9668283707306,-8.173798182354));
#2371=CARTESIAN_POINT('',(0.5696261572641,0.890088967071,-8.174694788046));
#2372=CARTESIAN_POINT('',(0.6297536312863,0.8452952656732,-8.175417202181));
#2373=CARTESIAN_POINT('',(0.6297536312863,0.8452952656732,-8.175417202181));
#2374=CARTESIAN_POINT('',(0.6297358825234,0.8453084881276,-8.176544798251));
#2375=CARTESIAN_POINT('',(0.6297491928423,0.8453218011653,-8.17767240393));
#2376=CARTESIAN_POINT('',(0.6297314440794,0.8453350236198,-8.1788));
#2377=CARTESIAN_POINT('',(0.8452952656734,0.6297536312863,-8.175417202189));
#2378=CARTESIAN_POINT('',(0.8453350245795,0.6297314450387,-8.1788));
#2379=CARTESIAN_POINT('',(0.8453218021249,0.6297491938018,-8.177672403919));
#2380=CARTESIAN_POINT('',(0.845308488128,0.6297358825232,-8.17654479827));
#2381=CARTESIAN_POINT('',(0.8452952656734,0.6297536312863,-8.175417202189));
#2382=CARTESIAN_POINT('',(0.8452952656732,-0.6297536312863,-8.175417202181));
#2383=CARTESIAN_POINT('',(0.8452952656734,0.6297536312863,-8.175417202189));
#2384=CARTESIAN_POINT('',(0.8900889712549,0.5696261516482,-8.174694787986));
#2385=CARTESIAN_POINT('',(0.9668283794432,0.4397503381697,-8.173798182236));
#2386=CARTESIAN_POINT('',(1.038031514953,0.2249791860285,-8.172755913992));
#2387=CARTESIAN_POINT('',(1.062134244204,-1.647427755325E-08,-8.172446311046));
#2388=CARTESIAN_POINT('',(1.038031508231,-0.2249792146749,-8.172755914084));
#2389=CARTESIAN_POINT('',(0.9668283707306,-0.4397503548983,-8.173798182354));
#2390=CARTESIAN_POINT('',(0.890088967071,-0.5696261572641,-8.174694788046));
#2391=CARTESIAN_POINT('',(0.8452952656732,-0.6297536312863,-8.175417202181));
#2392=CARTESIAN_POINT('',(0.8452952656732,-0.6297536312863,-8.175417202181));
#2393=CARTESIAN_POINT('',(0.8453084881276,-0.6297358825234,-8.176544798251));
#2394=CARTESIAN_POINT('',(0.8453218011653,-0.6297491928423,-8.17767240393));
#2395=CARTESIAN_POINT('',(0.8453350236198,-0.6297314440794,-8.1788));
#2396=CARTESIAN_POINT('',(0.5601063753943,-0.4750545195668,-3.42827574507));
#2397=CARTESIAN_POINT('',(0.7147603933857,-0.6297669428855,-3.424027008312));
#2398=CARTESIAN_POINT('',(0.5601063753943,-0.4750545195668,-3.42827574507));
#2399=VECTOR('',#2808,0.2187963687406);
#2400=CARTESIAN_POINT('',(0.4720235798026,-0.3834495909298,-3.557743979047));
#2401=CARTESIAN_POINT('',(0.5601063753943,-0.4750545195668,-3.42827574507));
#2402=CARTESIAN_POINT('',(0.5503354961161,-0.4648916884683,-3.44268236433));
#2403=CARTESIAN_POINT('',(0.5307863774828,-0.4445589896999,-3.471487175705));
#2404=CARTESIAN_POINT('',(0.5014242046788,-0.4140227035889,-3.514641564044));
#2405=CARTESIAN_POINT('',(0.4818296159205,-0.3936462866635,-3.54338393095));
#2406=CARTESIAN_POINT('',(0.4720235798026,-0.3834495909298,-3.557743979047));
#2407=CARTESIAN_POINT('',(0.5989756954405,-0.3834495485348,-8.1788));
#2408=VECTOR('',#2809,4.622799540154);
#2409=CARTESIAN_POINT('',(0.7147603933857,-0.6297669428855,-3.424027008312));
#2410=VECTOR('',#2810,4.753182946979);
#2411=CARTESIAN_POINT('',(0.7147603933857,0.6297669428855,-3.424027008312));
#2412=AXIS2_PLACEMENT_3D('',#2811,#2812,#2813);
#2413=CARTESIAN_POINT('',(0.8452952656734,0.6297536312863,-8.175417202189));
#2414=VECTOR('',#2814,4.753182946987);
#2415=CARTESIAN_POINT('',(0.4720235943042,0.3834495485348,-3.557743518629));
#2416=CARTESIAN_POINT('',(0.5601063753943,0.4750545195668,-3.42827574507));
#2417=CARTESIAN_POINT('',(0.472023732356975,0.383449749561742,-3.55774375564499));
#2418=CARTESIAN_POINT('',(0.481829615923,0.3936462866661,-3.543383930946));
#2419=CARTESIAN_POINT('',(0.5014242046846,0.4140227035949,-3.514641564036));
#2420=CARTESIAN_POINT('',(0.5307863774886,0.4445589897059,-3.471487175697));
#2421=CARTESIAN_POINT('',(0.5503354961186,0.4648916884709,-3.442682364326));
#2422=CARTESIAN_POINT('',(0.5601063753943,0.4750545195668,-3.42827574507));
#2423=CARTESIAN_POINT('',(0.7147603933857,0.6297669428855,-3.424027008312));
#2424=VECTOR('',#2815,0.2187963687406);
#2425=CARTESIAN_POINT('',(0.4720235798026,0.3834495909298,-3.557743979047));
#2426=VECTOR('',#2816,4.622799540154);
#2427=AXIS2_PLACEMENT_3D('',#2817,#2818,#2819);
#2428=AXIS2_PLACEMENT_3D('',#2820,#2821,#2822);
#2429=CARTESIAN_POINT('',(0.4750545195542,0.5601063753837,-3.428275745071));
#2430=CARTESIAN_POINT('',(0.6297669428855,0.7147603933857,-3.424027008312));
#2431=CARTESIAN_POINT('',(0.4750545195542,0.5601063753837,-3.428275745071));
#2432=VECTOR('',#2823,0.218796368757);
#2433=CARTESIAN_POINT('',(0.3834495909313,0.472023579802,-3.557743979064));
#2434=CARTESIAN_POINT('',(0.4750545195542,0.5601063753837,-3.428275745071));
#2435=CARTESIAN_POINT('',(0.4648916884691,0.5503354961185,-3.442682364311));
#2436=CARTESIAN_POINT('',(0.4445589897009,0.5307863774817,-3.471487175677));
#2437=CARTESIAN_POINT('',(0.4140227036089,0.5014242047003,-3.514641564046));
#2438=CARTESIAN_POINT('',(0.3936462866786,0.481829615933,-3.543383930948));
#2439=CARTESIAN_POINT('',(0.3834495909313,0.472023579802,-3.557743979064));
#2440=CARTESIAN_POINT('',(0.3834495485348,0.5989756954405,-8.1788));
#2441=VECTOR('',#2824,4.622799540137);
#2442=CARTESIAN_POINT('',(0.6297669428855,0.7147603933857,-3.424027008312));
#2443=VECTOR('',#2825,4.753182946979);
#2444=CARTESIAN_POINT('',(-0.6297669428855,0.7147603933857,-3.424027008312));
#2445=AXIS2_PLACEMENT_3D('',#2826,#2827,#2828);
#2446=CARTESIAN_POINT('',(-0.6297536312863,0.8452952656734,-8.175417202189));
#2447=VECTOR('',#2829,4.753182946987);
#2448=CARTESIAN_POINT('',(-0.3834495909313,0.472023579802,-3.557743979063));
#2449=CARTESIAN_POINT('',(-0.4750545195538,0.5601063753834,-3.428275745071));
#2450=CARTESIAN_POINT('',(-0.3834495909313,0.472023579802,-3.557743979063));
#2451=CARTESIAN_POINT('',(-0.3936462866725,0.4818296159273,-3.543383930955));
#2452=CARTESIAN_POINT('',(-0.414022703595,0.5014242046869,-3.514641564064));
#2453=CARTESIAN_POINT('',(-0.4445589896868,0.5307863774681,-3.471487175695));
#2454=CARTESIAN_POINT('',(-0.4648916884632,0.5503354961129,-3.442682364319));
#2455=CARTESIAN_POINT('',(-0.4750545195538,0.5601063753834,-3.428275745071));
#2456=CARTESIAN_POINT('',(-0.6297669428855,0.7147603933857,-3.424027008312));
#2457=VECTOR('',#2830,0.2187963687575);
#2458=CARTESIAN_POINT('',(-0.3834495909313,0.472023579802,-3.557743979063));
#2459=VECTOR('',#2831,4.622799540138);
#2460=AXIS2_PLACEMENT_3D('',#2832,#2833,#2834);
#2461=AXIS2_PLACEMENT_3D('',#2835,#2836,#2837);
#2462=AXIS2_PLACEMENT_3D('',#2838,#2839,#2840);
#2463=CARTESIAN_POINT('',(0.9906,5.5118,-4.2418));
#2464=CARTESIAN_POINT('',(0.9906,4.723239104682,-4.2418));
#2465=VECTOR('',#2841,0.7885608953177);
#2466=CARTESIAN_POINT('',(-0.9906,5.5118,-4.2418));
#2467=AXIS2_PLACEMENT_3D('',#2842,#2843,#2844);
#2468=CARTESIAN_POINT('',(-0.9906,4.723239104682,-4.2418));
#2469=VECTOR('',#2845,0.7885608953177);
#2470=AXIS2_PLACEMENT_3D('',#2846,#2847,#2848);
#2471=CARTESIAN_POINT('',(0.9906,-5.5118,-4.2418));
#2472=CARTESIAN_POINT('',(0.9906,-5.5118,-4.2418));
#2473=VECTOR('',#2849,0.7885608953177);
#2474=CARTESIAN_POINT('',(-0.9906,-5.5118,-4.2418));
#2475=AXIS2_PLACEMENT_3D('',#2850,#2851,#2852);
#2476=CARTESIAN_POINT('',(-0.9906,-5.5118,-4.2418));
#2477=VECTOR('',#2853,0.7885608953177);
#2478=AXIS2_PLACEMENT_3D('',#2854,#2855,#2856);
#2479=CARTESIAN_POINT('',(0.0,-0.45,-19.78000046393));
#2480=CARTESIAN_POINT('',(0.0,-0.45,-16.1));
#2481=CARTESIAN_POINT('',(0.0,-0.45,-19.78000046393));
#2482=VECTOR('',#2857,3.680000463934);
#2483=CARTESIAN_POINT('',(0.0,0.45,-19.78000046393));
#2484=AXIS2_PLACEMENT_3D('',#2858,#2859,#2860);
#2485=CARTESIAN_POINT('',(0.0,0.45,-16.1));
#2486=CARTESIAN_POINT('',(0.0,0.45,-19.78000046393));
#2487=VECTOR('',#2861,3.680000463934);
#2488=AXIS2_PLACEMENT_3D('',#2862,#2863,#2864);
#2489=AXIS2_PLACEMENT_3D('',#2865,#2866,#2867);
#2490=AXIS2_PLACEMENT_3D('',#2868,#2869,#2870);
#2491=DIRECTION('',(0.0,0.0,-1.0));
#2492=CARTESIAN_POINT('',(0.0,0.0,-16.0));
#2493=DIRECTION('',(-0.0,0.0,-1.0));
#2494=DIRECTION('',(-0.965925826289076,-0.258819045102493,0.0));
#2495=DIRECTION('',(0.0,0.0,1.0));
#2496=CARTESIAN_POINT('',(0.0,0.0,-16.6));
#2497=DIRECTION('',(0.0,0.0,1.0));
#2498=DIRECTION('',(-0.965925826289076,0.258819045102493,0.0));
#2499=DIRECTION('',(0.0,-0.0,-1.0));
#2500=CARTESIAN_POINT('',(-3.43,-3.43,-16.0));
#2501=DIRECTION('',(0.0,0.0,1.0));
#2502=DIRECTION('',(0.102080151403599,-0.994776177182294,0.0));
#2503=DIRECTION('',(0.0,0.0,1.0));
#2504=CARTESIAN_POINT('',(-3.43,-3.43,-19.78));
#2505=DIRECTION('',(0.0,0.0,-1.0));
#2506=DIRECTION('',(-0.994776177182294,0.102080151403599,0.0));
#2507=DIRECTION('',(0.0,0.0,1.0));
#2508=CARTESIAN_POINT('',(3.43,-3.43,-19.78));
#2509=DIRECTION('',(-0.0,0.0,-1.0));
#2510=DIRECTION('',(-0.102080151403599,-0.994776177182294,0.0));
#2511=DIRECTION('',(0.0,0.0,-1.0));
#2512=CARTESIAN_POINT('',(3.43,-3.43,-16.0));
#2513=DIRECTION('',(0.0,-0.0,1.0));
#2514=DIRECTION('',(0.994776177182294,0.102080151403599,0.0));
#2515=DIRECTION('',(0.0,0.0,1.0));
#2516=CARTESIAN_POINT('',(3.43,3.43,-19.78));
#2517=DIRECTION('',(0.0,0.0,-1.0));
#2518=DIRECTION('',(0.994776177182294,-0.102080151403599,0.0));
#2519=DIRECTION('',(0.0,0.0,-1.0));
#2520=CARTESIAN_POINT('',(3.43,3.43,-16.0));
#2521=DIRECTION('',(0.0,0.0,1.0));
#2522=DIRECTION('',(-0.102080151403599,0.994776177182294,0.0));
#2523=DIRECTION('',(0.0,-0.0,-1.0));
#2524=CARTESIAN_POINT('',(-3.43,3.43,-16.0));
#2525=DIRECTION('',(0.0,0.0,1.0));
#2526=DIRECTION('',(-0.994776177182294,-0.102080151403599,0.0));
#2527=DIRECTION('',(0.0,0.0,1.0));
#2528=CARTESIAN_POINT('',(-3.43,3.43,-19.78));
#2529=DIRECTION('',(0.0,0.0,-1.0));
#2530=DIRECTION('',(0.102080151403599,0.994776177182294,0.0));
#2531=DIRECTION('',(-0.0,0.0,1.0));
#2532=CARTESIAN_POINT('',(0.0,0.0,-16.6));
#2533=DIRECTION('',(0.0,0.0,1.0));
#2534=DIRECTION('',(0.965925826289076,-0.258819045102493,0.0));
#2535=DIRECTION('',(0.0,0.0,1.0));
#2536=CARTESIAN_POINT('',(0.0,0.0,-16.0));
#2537=DIRECTION('',(0.0,0.0,-1.0));
#2538=DIRECTION('',(0.965925826289076,0.258819045102493,0.0));
#2539=CARTESIAN_POINT('',(0.0,0.0,-16.0));
#2540=DIRECTION('',(0.0,0.0,-1.0));
#2541=DIRECTION('',(0.965925826289076,0.258819045102493,0.0));
#2542=DIRECTION('',(0.0,0.0,1.0));
#2543=CARTESIAN_POINT('',(0.0,0.0,-16.6));
#2544=DIRECTION('',(0.0,0.0,1.0));
#2545=DIRECTION('',(0.965925826289076,-0.258819045102493,0.0));
#2546=CARTESIAN_POINT('',(-3.43,3.43,-16.0));
#2547=DIRECTION('',(0.0,0.0,1.0));
#2548=DIRECTION('',(-0.994776177182294,-0.102080151403599,0.0));
#2549=CARTESIAN_POINT('',(0.0,0.0,-16.0));
#2550=DIRECTION('',(0.0,0.0,-1.0));
#2551=DIRECTION('',(-0.606004337484826,0.795461339695134,0.0));
#2552=DIRECTION('',(0.258819045102493,-0.965925826289076,0.0));
#2553=CARTESIAN_POINT('',(0.0,0.0,-16.0));
#2554=DIRECTION('',(0.0,0.0,-1.0));
#2555=DIRECTION('',(-0.258819045102493,0.965925826289076,0.0));
#2556=DIRECTION('',(0.258819045102493,0.965925826289076,0.0));
#2557=CARTESIAN_POINT('',(0.0,0.0,-16.0));
#2558=DIRECTION('',(0.0,0.0,-1.0));
#2559=DIRECTION('',(0.258819045102493,0.965925826289076,0.0));
#2560=CARTESIAN_POINT('',(3.43,3.43,-16.0));
#2561=DIRECTION('',(0.0,0.0,1.0));
#2562=DIRECTION('',(-0.102080151403599,0.994776177182294,0.0));
#2563=CARTESIAN_POINT('',(0.0,0.0,-16.0));
#2564=DIRECTION('',(0.0,0.0,-1.0));
#2565=DIRECTION('',(0.795461339695134,0.606004337484826,0.0));
#2566=DIRECTION('',(-0.965925826289076,-0.258819045102493,0.0));
#2567=DIRECTION('',(0.965925826289076,-0.258819045102493,0.0));
#2568=CARTESIAN_POINT('',(0.0,0.0,-16.0));
#2569=DIRECTION('',(0.0,0.0,-1.0));
#2570=DIRECTION('',(0.965925826289076,-0.258819045102493,0.0));
#2571=CARTESIAN_POINT('',(3.43,-3.43,-16.0));
#2572=DIRECTION('',(0.0,-0.0,1.0));
#2573=DIRECTION('',(0.994776177182294,0.102080151403599,0.0));
#2574=CARTESIAN_POINT('',(0.0,0.0,-16.0));
#2575=DIRECTION('',(0.0,0.0,-1.0));
#2576=DIRECTION('',(0.606004337484826,-0.795461339695134,0.0));
#2577=DIRECTION('',(-0.258819045102493,0.965925826289076,0.0));
#2578=CARTESIAN_POINT('',(0.0,0.0,-16.0));
#2579=DIRECTION('',(0.0,0.0,-1.0));
#2580=DIRECTION('',(0.258819045102493,-0.965925826289076,0.0));
#2581=DIRECTION('',(-0.258819045102493,-0.965925826289076,0.0));
#2582=CARTESIAN_POINT('',(0.0,0.0,-16.0));
#2583=DIRECTION('',(-0.0,0.0,-1.0));
#2584=DIRECTION('',(-0.258819045102493,-0.965925826289076,0.0));
#2585=CARTESIAN_POINT('',(-3.43,-3.43,-16.0));
#2586=DIRECTION('',(0.0,0.0,1.0));
#2587=DIRECTION('',(0.102080151403599,-0.994776177182294,0.0));
#2588=CARTESIAN_POINT('',(0.0,0.0,-16.0));
#2589=DIRECTION('',(-0.0,0.0,-1.0));
#2590=DIRECTION('',(-0.795461339695134,-0.606004337484826,0.0));
#2591=DIRECTION('',(0.965925826289076,0.258819045102493,0.0));
#2592=CARTESIAN_POINT('',(0.0,0.0,-16.0));
#2593=DIRECTION('',(-0.0,0.0,-1.0));
#2594=DIRECTION('',(-0.965925826289076,-0.258819045102493,0.0));
#2595=DIRECTION('',(-0.965925826289076,0.258819045102493,0.0));
#2596=CARTESIAN_POINT('',(0.0,0.0,-16.0));
#2597=DIRECTION('',(0.0,0.0,-1.0));
#2598=DIRECTION('',(-0.965925826289076,0.258819045102493,0.0));
#2599=DIRECTION('',(0.0,0.0,-1.0));
#2600=CARTESIAN_POINT('',(0.0,0.0,-16.6));
#2601=DIRECTION('',(0.0,0.0,-1.0));
#2602=DIRECTION('',(-1.0,0.0,0.0));
#2603=DIRECTION('',(0.0,0.0,1.0));
#2604=CARTESIAN_POINT('',(0.0,0.0,-11.52));
#2605=DIRECTION('',(0.0,-0.0,1.0));
#2606=DIRECTION('',(0.0,1.0,0.0));
#2607=CARTESIAN_POINT('',(0.0,0.0,-11.52));
#2608=DIRECTION('',(0.0,0.0,1.0));
#2609=DIRECTION('',(1.0,0.0,0.0));
#2610=DIRECTION('',(0.0,0.0,1.0));
#2611=CARTESIAN_POINT('',(0.0,0.0,-16.6));
#2612=DIRECTION('',(0.0,0.0,-1.0));
#2613=DIRECTION('',(0.965925826289076,0.258819045102493,0.0));
#2614=DIRECTION('',(0.0,0.0,1.0));
#2615=CARTESIAN_POINT('',(0.0,0.0,-19.78));
#2616=DIRECTION('',(0.0,0.0,-1.0));
#2617=DIRECTION('',(0.606004337484826,0.795461339695134,0.0));
#2618=DIRECTION('',(0.0,0.0,1.0));
#2619=DIRECTION('',(0.0,0.0,-1.0));
#2620=CARTESIAN_POINT('',(0.0,0.0,-16.6));
#2621=DIRECTION('',(0.0,0.0,-1.0));
#2622=DIRECTION('',(-0.258819045102493,0.965925826289076,0.0));
#2623=DIRECTION('',(0.0,0.0,1.0));
#2624=DIRECTION('',(0.0,0.0,-1.0));
#2625=CARTESIAN_POINT('',(0.0,0.0,-19.78));
#2626=DIRECTION('',(0.0,0.0,-1.0));
#2627=DIRECTION('',(-0.795461339695134,0.606004337484826,0.0));
#2628=CARTESIAN_POINT('',(-3.43,3.43,-19.78));
#2629=DIRECTION('',(0.0,0.0,-1.0));
#2630=DIRECTION('',(0.102080151403599,0.994776177182294,0.0));
#2631=DIRECTION('',(-0.258819045102493,0.965925826289076,0.0));
#2632=DIRECTION('',(0.0,0.0,1.0));
#2633=CARTESIAN_POINT('',(0.0,0.0,-16.6));
#2634=DIRECTION('',(0.0,-0.0,1.0));
#2635=DIRECTION('',(0.258819045102493,0.965925826289076,0.0));
#2636=DIRECTION('',(0.0,0.0,1.0));
#2637=DIRECTION('',(-0.258819045102493,-0.965925826289076,0.0));
#2638=CARTESIAN_POINT('',(3.43,3.43,-19.78));
#2639=DIRECTION('',(0.0,0.0,-1.0));
#2640=DIRECTION('',(0.994776177182294,-0.102080151403599,0.0));
#2641=DIRECTION('',(0.965925826289076,0.258819045102493,0.0));
#2642=CARTESIAN_POINT('',(0.0,0.0,-16.6));
#2643=DIRECTION('',(0.0,0.0,-1.0));
#2644=DIRECTION('',(1.0,0.0,0.0));
#2645=DIRECTION('',(-0.965925826289076,0.258819045102493,0.0));
#2646=DIRECTION('',(0.0,0.0,-1.0));
#2647=CARTESIAN_POINT('',(0.0,0.0,-11.52));
#2648=DIRECTION('',(0.0,0.0,1.0));
#2649=DIRECTION('',(0.0,-1.0,0.0));
#2650=CARTESIAN_POINT('',(0.0,0.0,-11.52));
#2651=DIRECTION('',(0.0,0.0,1.0));
#2652=DIRECTION('',(-1.0,0.0,0.0));
#2653=CARTESIAN_POINT('',(0.0,0.0,-16.6));
#2654=DIRECTION('',(-0.0,0.0,-1.0));
#2655=DIRECTION('',(-0.965925826289076,-0.258819045102493,0.0));
#2656=DIRECTION('',(0.0,0.0,1.0));
#2657=DIRECTION('',(0.0,0.0,-1.0));
#2658=CARTESIAN_POINT('',(0.0,0.0,-19.78));
#2659=DIRECTION('',(-0.0,0.0,-1.0));
#2660=DIRECTION('',(-0.606004337484826,-0.795461339695134,0.0));
#2661=DIRECTION('',(0.0,0.0,-1.0));
#2662=CARTESIAN_POINT('',(0.0,0.0,-16.6));
#2663=DIRECTION('',(0.0,0.0,-1.0));
#2664=DIRECTION('',(0.258819045102493,-0.965925826289076,0.0));
#2665=DIRECTION('',(0.0,0.0,1.0));
#2666=CARTESIAN_POINT('',(0.0,0.0,-19.78));
#2667=DIRECTION('',(0.0,0.0,-1.0));
#2668=DIRECTION('',(0.795461339695134,-0.606004337484826,0.0));
#2669=DIRECTION('',(0.0,0.0,1.0));
#2670=CARTESIAN_POINT('',(3.43,-3.43,-19.78));
#2671=DIRECTION('',(-0.0,0.0,-1.0));
#2672=DIRECTION('',(-0.102080151403599,-0.994776177182294,0.0));
#2673=DIRECTION('',(0.258819045102493,-0.965925826289076,0.0));
#2674=DIRECTION('',(0.0,0.0,1.0));
#2675=CARTESIAN_POINT('',(0.0,0.0,-16.6));
#2676=DIRECTION('',(0.0,0.0,1.0));
#2677=DIRECTION('',(-0.258819045102493,-0.965925826289076,0.0));
#2678=DIRECTION('',(0.0,0.0,1.0));
#2679=DIRECTION('',(0.258819045102493,0.965925826289076,0.0));
#2680=CARTESIAN_POINT('',(-3.43,-3.43,-19.78));
#2681=DIRECTION('',(0.0,0.0,-1.0));
#2682=DIRECTION('',(-0.994776177182294,0.102080151403599,0.0));
#2683=DIRECTION('',(-0.965925826289076,-0.258819045102493,0.0));
#2684=CARTESIAN_POINT('',(0.0,0.0,-16.6));
#2685=DIRECTION('',(0.0,0.0,1.0));
#2686=DIRECTION('',(-0.965925826289076,0.258819045102493,0.0));
#2687=DIRECTION('',(0.0,0.0,1.0));
#2688=DIRECTION('',(0.965925826289076,-0.258819045102493,0.0));
#2689=DIRECTION('',(0.0,0.707106781186548,0.707106781186548));
#2690=CARTESIAN_POINT('',(0.0,0.0,-10.846));
#2691=DIRECTION('',(0.0,0.0,-1.0));
#2692=DIRECTION('',(0.0,-1.0,0.0));
#2693=CARTESIAN_POINT('',(0.0,0.0,-10.846));
#2694=DIRECTION('',(0.0,0.0,-1.0));
#2695=DIRECTION('',(-1.0,0.0,0.0));
#2696=DIRECTION('',(0.0,-0.707106781186548,0.707106781186548));
#2697=CARTESIAN_POINT('',(0.0,0.0,-10.846));
#2698=DIRECTION('',(0.0,0.0,-1.0));
#2699=DIRECTION('',(0.0,1.0,0.0));
#2700=CARTESIAN_POINT('',(0.0,0.0,-10.846));
#2701=DIRECTION('',(0.0,0.0,-1.0));
#2702=DIRECTION('',(1.0,0.0,0.0));
#2703=DIRECTION('',(0.0,0.0,-1.0));
#2704=CARTESIAN_POINT('',(0.0,0.0,0.0));
#2705=DIRECTION('',(0.0,0.0,1.0));
#2706=DIRECTION('',(-1.0,0.0,0.0));
#2707=DIRECTION('',(0.0,0.0,-1.0));
#2708=CARTESIAN_POINT('',(0.0,0.0,0.0));
#2709=DIRECTION('',(0.0,0.0,1.0));
#2710=DIRECTION('',(1.0,0.0,0.0));
#2711=CARTESIAN_POINT('',(0.0,0.0,0.0));
#2712=DIRECTION('',(0.0,0.0,-1.0));
#2713=DIRECTION('',(-1.0,0.0,0.0));
#2714=CARTESIAN_POINT('',(0.0,0.0,0.0));
#2715=DIRECTION('',(0.0,0.0,-1.0));
#2716=DIRECTION('',(1.0,0.0,0.0));
#2717=DIRECTION('',(0.707106781186098,0.0,-0.707106781186998));
#2718=DIRECTION('',(-0.707106781186098,0.0,-0.707106781186998));
#2719=CARTESIAN_POINT('',(0.0,0.0,-0.2667));
#2720=DIRECTION('',(0.0,0.0,-1.0));
#2721=DIRECTION('',(1.0,0.0,0.0));
#2722=DIRECTION('',(-0.01559872593566,0.0,-0.999878332473099));
#2723=CARTESIAN_POINT('',(0.0,0.0,-8.4074));
#2724=DIRECTION('',(0.0,0.0,1.0));
#2725=DIRECTION('',(-1.0,0.0,0.0));
#2726=DIRECTION('',(0.01559872593566,0.0,-0.999878332473099));
#2727=CARTESIAN_POINT('',(0.0,0.0,-0.2667));
#2728=DIRECTION('',(0.0,0.0,-1.0));
#2729=DIRECTION('',(-1.0,0.0,0.0));
#2730=CARTESIAN_POINT('',(0.0,0.0,-8.4074));
#2731=DIRECTION('',(0.0,0.0,1.0));
#2732=DIRECTION('',(1.0,0.0,0.0));
#2733=CARTESIAN_POINT('',(0.0,0.0,-8.4074));
#2734=DIRECTION('',(0.0,0.0,-1.0));
#2735=DIRECTION('',(-0.707106781186548,0.707106781186548,0.0));
#2736=CARTESIAN_POINT('',(0.0,0.0,-8.4074));
#2737=DIRECTION('',(0.0,0.0,-1.0));
#2738=DIRECTION('',(0.707106781186548,-0.707106781186548,0.0));
#2739=DIRECTION('',(0.0,0.0,-1.0));
#2740=DIRECTION('',(0.0,0.0,-1.0));
#2741=CARTESIAN_POINT('',(0.0,0.0,-3.3782));
#2742=DIRECTION('',(0.0,0.0,1.0));
#2743=DIRECTION('',(-0.707106781186548,0.707106781186548,0.0));
#2744=CARTESIAN_POINT('',(0.0,0.0,-3.3782));
#2745=DIRECTION('',(0.0,0.0,1.0));
#2746=DIRECTION('',(0.707106781186548,-0.707106781186548,0.0));
#2747=CARTESIAN_POINT('',(0.0,0.0,-3.3782));
#2748=DIRECTION('',(0.0,0.0,-1.0));
#2749=DIRECTION('',(-0.707106781186547,0.707106781186547,0.0));
#2750=CARTESIAN_POINT('',(0.0,0.0,-3.3782));
#2751=DIRECTION('',(0.0,0.0,-1.0));
#2752=DIRECTION('',(0.707106781186547,-0.707106781186547,0.0));
#2753=CARTESIAN_POINT('',(0.0,0.0,-8.1788));
#2754=DIRECTION('',(0.0,0.0,1.0));
#2755=DIRECTION('',(-0.801947403274293,-0.597394645424295,0.0));
#2756=CARTESIAN_POINT('',(0.0,0.0,-8.1788));
#2757=DIRECTION('',(0.0,0.0,1.0));
#2758=DIRECTION('',(-0.707106781186498,0.707106781186597,0.0));
#2759=DIRECTION('',(0.0,0.0,-1.0));
#2760=DIRECTION('',(0.0,0.0,-1.0));
#2761=CARTESIAN_POINT('',(0.0,0.0,-8.1788));
#2762=DIRECTION('',(0.0,0.0,1.0));
#2763=DIRECTION('',(0.597394645424295,-0.801947403274293,0.0));
#2764=DIRECTION('',(-0.707106905888402,-0.706839966680102,0.01941868040327));
#2765=DIRECTION('',(-9.17115512938684E-09,0.0274621719017195,0.999622843433682));
#2766=DIRECTION('',(0.706995630432577,0.707217914471377,0.0));
#2767=DIRECTION('',(2.80056528933492E-06,-0.0274626232029392,-0.99962283103127));
#2768=CARTESIAN_POINT('',(0.0,0.1302138887025,-3.447240587491));
#2769=DIRECTION('',(-8.27451406980008E-16,0.0274621660327794,0.999622843594917));
#2770=DIRECTION('',(-0.597445159743396,-0.801607325764294,0.0220221792791998));
#2771=DIRECTION('',(2.80056529171291E-06,0.0274626232029392,0.99962283103127));
#2772=DIRECTION('',(-0.707106905888301,0.706839966680202,-0.01941868040327));
#2773=DIRECTION('',(0.706995630432477,-0.707217914471477,0.0));
#2774=DIRECTION('',(-9.17115730285684E-09,-0.0274621719017195,-0.999622843433682));
#2775=CARTESIAN_POINT('',(0.0,0.1267261936163,-3.574192688627));
#2776=DIRECTION('',(-8.4711761614559E-16,-0.0274621660327791,-0.999622843594917));
#2777=DIRECTION('',(0.539158532810499,-0.841886653431498,0.0231287542151099));
#2778=CARTESIAN_POINT('',(0.0,0.0,-8.1788));
#2779=DIRECTION('',(0.0,0.0,1.0));
#2780=DIRECTION('',(0.707106781186597,-0.707106781186498,0.0));
#2781=DIRECTION('',(-0.707217914471377,0.706995630432577,1.01986913879197E-14));
#2782=DIRECTION('',(0.707217914471477,0.706995630432477,0.0));
#2783=CARTESIAN_POINT('',(0.0,0.0,-8.1788));
#2784=DIRECTION('',(0.0,-0.0,1.0));
#2785=DIRECTION('',(0.801947403274293,0.597394645424295,0.0));
#2786=DIRECTION('',(-0.706995630432577,-0.707217914471377,0.0));
#2787=DIRECTION('',(-0.706995630432477,0.707217914471477,1.52980370222995E-14));
#2788=CARTESIAN_POINT('',(0.0,0.0,-8.1788));
#2789=DIRECTION('',(0.0,0.0,1.0));
#2790=DIRECTION('',(-0.597394645424295,0.801947403274293,0.0));
#2791=DIRECTION('',(0.707217914471377,-0.706995630432577,0.0));
#2792=DIRECTION('',(-0.707217914471427,-0.706995630432527,0.0));
#2793=DIRECTION('',(0.706839966685001,0.707106905883501,-0.0194186804034));
#2794=DIRECTION('',(0.0274626232029392,-2.80056528426192E-06,0.99962283103127));
#2795=DIRECTION('',(-0.0274621719015097,9.17083546107889E-09,-0.999622843433688));
#2796=DIRECTION('',(0.0274621719015097,9.17083278326689E-09,0.999622843433688));
#2797=CARTESIAN_POINT('',(0.1267261936163,0.0,-3.574192688627));
#2798=DIRECTION('',(-0.0274621660327791,8.4711761614559E-16,-0.999622843594917));
#2799=DIRECTION('',(-0.841886653431498,-0.539158532810499,0.0231287542151099));
#2800=CARTESIAN_POINT('',(0.1302138887025,0.0,-3.447240587491));
#2801=DIRECTION('',(-0.0274621660327791,9.45657163594981E-16,-0.999622843594917));
#2802=DIRECTION('',(-0.823574978295927,-0.566755973456018,0.0226256862168807));
#2803=CARTESIAN_POINT('',(0.1302138887025,0.0,-3.447240587491));
#2804=DIRECTION('',(0.0274621660327794,8.27451406980008E-16,0.999622843594917));
#2805=DIRECTION('',(-0.801607325764294,0.597445159743396,0.0220221792791998));
#2806=DIRECTION('',(-0.706839966685001,0.707106905883501,0.0194186804034));
#2807=DIRECTION('',(-0.0274626232029292,-2.80056528762992E-06,-0.99962283103127));
#2808=DIRECTION('',(0.706839966685001,-0.707106905883501,0.0194186804034));
#2809=DIRECTION('',(-0.0274621719015097,-9.17083302342989E-09,0.999622843433688));
#2810=DIRECTION('',(0.0274626232029292,2.80056528805092E-06,-0.99962283103127));
#2811=CARTESIAN_POINT('',(-0.1302138887025,0.0,-3.447240587491));
#2812=DIRECTION('',(-0.0274621660327794,-8.27451406980008E-16,0.999622843594917));
#2813=DIRECTION('',(0.801607325764294,-0.597445159743396,0.0220221792791998));
#2814=DIRECTION('',(-0.0274626232029392,2.80056529152592E-06,0.99962283103127));
#2815=DIRECTION('',(-0.706839966685001,-0.707106905883501,-0.0194186804034));
#2816=DIRECTION('',(0.0274621719015297,-9.17081837351789E-09,-0.999622843433688));
#2817=CARTESIAN_POINT('',(-0.1267261936163,0.0,-3.574192688627));
#2818=DIRECTION('',(0.0274621660327791,-8.4711761614559E-16,-0.999622843594917));
#2819=DIRECTION('',(0.841886653431498,0.539158532810499,0.0231287542151099));
#2820=CARTESIAN_POINT('',(-0.1302138887025,0.0,-3.447240587491));
#2821=DIRECTION('',(0.0274621660327791,-9.45657163594981E-16,-0.999622843594917));
#2822=DIRECTION('',(0.823574978295927,0.566755973456018,0.0226256862168807));
#2823=DIRECTION('',(0.707106905888201,0.706839966680302,0.01941868040327));
#2824=DIRECTION('',(9.17116587665884E-09,-0.0274621719017295,0.999622843433682));
#2825=DIRECTION('',(-2.80056528783992E-06,0.0274626232029292,-0.99962283103127));
#2826=CARTESIAN_POINT('',(0.0,-0.1302138887025,-3.447240587491));
#2827=DIRECTION('',(8.27451406980008E-16,-0.0274621660327794,0.999622843594917));
#2828=DIRECTION('',(0.597445159743396,0.801607325764294,0.0220221792791998));
#2829=DIRECTION('',(-2.80056529150291E-06,-0.0274626232029392,0.99962283103127));
#2830=DIRECTION('',(0.707106905888302,-0.706839966680202,-0.01941868040326));
#2831=DIRECTION('',(9.17110456317583E-09,0.0274621719017695,-0.999622843433681));
#2832=CARTESIAN_POINT('',(0.0,-0.1267261936163,-3.574192688627));
#2833=DIRECTION('',(8.4711761614559E-16,0.0274621660327791,-0.999622843594917));
#2834=DIRECTION('',(-0.539158532810499,0.841886653431498,0.0231287542151099));
#2835=CARTESIAN_POINT('',(0.0,-0.1302138887025,-3.447240587491));
#2836=DIRECTION('',(9.45657163594981E-16,0.0274621660327791,-0.999622843594917));
#2837=DIRECTION('',(-0.566755973456018,0.823574978295927,0.0226256862168807));
#2838=CARTESIAN_POINT('',(0.0,0.1302138887025,-3.447240587491));
#2839=DIRECTION('',(-9.45657163594981E-16,-0.0274621660327791,-0.999622843594917));
#2840=DIRECTION('',(0.566755973456018,-0.823574978295927,0.0226256862168807));
#2841=DIRECTION('',(0.0,1.0,0.0));
#2842=CARTESIAN_POINT('',(0.0,5.5118,-4.2418));
#2843=DIRECTION('',(0.0,1.0,0.0));
#2844=DIRECTION('',(-1.0,0.0,0.0));
#2845=DIRECTION('',(0.0,1.0,0.0));
#2846=CARTESIAN_POINT('',(0.0,5.5118,-4.2418));
#2847=DIRECTION('',(-0.0,1.0,0.0));
#2848=DIRECTION('',(1.0,0.0,0.0));
#2849=DIRECTION('',(0.0,1.0,0.0));
#2850=CARTESIAN_POINT('',(0.0,-5.5118,-4.2418));
#2851=DIRECTION('',(0.0,-1.0,0.0));
#2852=DIRECTION('',(-1.0,0.0,0.0));
#2853=DIRECTION('',(0.0,1.0,0.0));
#2854=CARTESIAN_POINT('',(0.0,-5.5118,-4.2418));
#2855=DIRECTION('',(0.0,-1.0,0.0));
#2856=DIRECTION('',(1.0,0.0,0.0));
#2857=DIRECTION('',(0.0,0.0,1.0));
#2858=CARTESIAN_POINT('',(0.0,0.0,-19.78000046393));
#2859=DIRECTION('',(0.0,0.0,-1.0));
#2860=DIRECTION('',(0.0,1.0,0.0));
#2861=DIRECTION('',(0.0,0.0,1.0));
#2862=CARTESIAN_POINT('',(0.0,0.0,-16.1));
#2863=DIRECTION('',(0.0,0.0,-1.0));
#2864=DIRECTION('',(0.0,1.0,0.0));
#2865=CARTESIAN_POINT('',(0.0,0.0,-16.1));
#2866=DIRECTION('',(0.0,0.0,-1.0));
#2867=DIRECTION('',(0.0,-1.0,0.0));
#2868=CARTESIAN_POINT('',(0.0,0.0,-19.78000046393));
#2869=DIRECTION('',(0.0,0.0,-1.0));
#2870=DIRECTION('',(0.0,-1.0,0.0));
ENDSEC;
END-ISO-10303-21;
