#VRML V2.0 utf8

Shape {
  appearance Appearance {
    material Material {
      diffuseColor 0.6471 0.6196 0.5882
      specularColor 0.4510 0.4353 0.4118
      ambientIntensity 0.2
      transparency 0.0000
      shininess 0.5
    }
  }
  geometry IndexedFaceSet {
    ccw TRUE
    solid FALSE
    coord DEF co Coordinate {
      point [
        -0.649606 0.098425 3.600819,
        0.649606 0.098425 3.600819,
        -0.649606 -0.098425 3.600819,
        0.649606 -0.098425 3.600819,
        -0.649606 0.098425 6.535433,
        -0.649606 -0.098425 6.535433,
        -0.642899 -0.098425 6.586381,
        -0.642899 0.098425 6.586381,
        -0.623233 -0.098425 6.633858,
        -0.623233 0.098425 6.633858,
        -0.591950 -0.098425 6.674628,
        -0.591950 0.098425 6.674628,
        -0.551181 -0.098425 6.705910,
        -0.551181 0.098425 6.705910,
        -0.503705 -0.098425 6.725576,
        -0.503705 0.098425 6.725576,
        -0.452756 -0.098425 6.732283,
        -0.452756 0.098425 6.732283,
        -0.448559 0.098425 6.732283,
        -0.448559 -0.098425 6.732283,
        -0.398293 -0.098425 6.725758,
        -0.398293 0.098425 6.725758,
        -0.351361 -0.098425 6.706613,
        -0.351361 0.098425 6.706613,
        -0.310872 -0.098425 6.676119,
        -0.310872 0.098425 6.676119,
        -0.279513 -0.098425 6.636297,
        -0.279513 0.098425 6.636297,
        -0.259361 -0.098425 6.589787,
        -0.259361 0.098425 6.589787,
        -0.251754 -0.098425 6.539675,
        -0.251754 0.098425 6.539675,
        -0.196805 0.098425 3.990278,
        -0.196805 -0.098425 3.990278,
        -0.189197 0.098425 3.940165,
        -0.189197 -0.098425 3.940165,
        -0.169046 0.098425 3.893656,
        -0.169046 -0.098425 3.893656,
        -0.137686 0.098425 3.853833,
        -0.137686 -0.098425 3.853833,
        -0.097198 0.098425 3.823340,
        -0.097198 -0.098425 3.823340,
        -0.050265 0.098425 3.804195,
        -0.050265 -0.098425 3.804195,
        -0.000000 0.098425 3.797669,
        -0.000000 -0.098425 3.797669,
        0.050265 0.098425 3.804195,
        0.050265 -0.098425 3.804195,
        0.097198 0.098425 3.823340,
        0.097198 -0.098425 3.823340,
        0.137686 0.098425 3.853833,
        0.137686 -0.098425 3.853833,
        0.169046 0.098425 3.893656,
        0.169046 -0.098425 3.893656,
        0.189197 0.098425 3.940165,
        0.189197 -0.098425 3.940165,
        0.196805 0.098425 3.990278,
        0.196805 -0.098425 3.990278,
        0.251754 0.098425 6.539675,
        0.251754 -0.098425 6.539675,
        0.259361 -0.098425 6.589787,
        0.259361 0.098425 6.589787,
        0.279513 -0.098425 6.636297,
        0.279513 0.098425 6.636297,
        0.310872 -0.098425 6.676119,
        0.310872 0.098425 6.676119,
        0.351361 -0.098425 6.706613,
        0.351361 0.098425 6.706613,
        0.398293 -0.098425 6.725758,
        0.398293 0.098425 6.725758,
        0.448559 -0.098425 6.732283,
        0.448559 0.098425 6.732283,
        0.452756 0.098425 6.732283,
        0.452756 -0.098425 6.732283,
        0.503705 -0.098425 6.725576,
        0.503705 0.098425 6.725576,
        0.551181 -0.098425 6.705910,
        0.551181 0.098425 6.705910,
        0.591950 -0.098425 6.674628,
        0.591950 0.098425 6.674628,
        0.623233 -0.098425 6.633858,
        0.623233 0.098425 6.633858,
        0.642899 -0.098425 6.586381,
        0.642899 0.098425 6.586381,
        0.649606 -0.098425 6.535433,
        0.649606 0.098425 6.535433,
      ]
    }
    coordIndex [
      0, 1, 2, -1,
      2, 1, 3, -1,
      4, 0, 5, -1,
      5, 0, 2, -1,
      4, 5, 6, -1,
      4, 6, 7, -1,
      7, 6, 8, -1,
      7, 8, 9, -1,
      9, 8, 10, -1,
      9, 10, 11, -1,
      11, 10, 12, -1,
      11, 12, 13, -1,
      13, 12, 14, -1,
      13, 14, 15, -1,
      15, 14, 16, -1,
      15, 16, 17, -1,
      18, 17, 19, -1,
      19, 17, 16, -1,
      18, 19, 20, -1,
      18, 20, 21, -1,
      21, 20, 22, -1,
      21, 22, 23, -1,
      23, 22, 24, -1,
      23, 24, 25, -1,
      25, 24, 26, -1,
      25, 26, 27, -1,
      27, 26, 28, -1,
      27, 28, 29, -1,
      29, 28, 30, -1,
      29, 30, 31, -1,
      32, 31, 33, -1,
      33, 31, 30, -1,
      32, 33, 34, -1,
      34, 33, 35, -1,
      34, 35, 36, -1,
      36, 35, 37, -1,
      36, 37, 38, -1,
      38, 37, 39, -1,
      38, 39, 40, -1,
      40, 39, 41, -1,
      40, 41, 42, -1,
      42, 41, 43, -1,
      42, 43, 44, -1,
      44, 43, 45, -1,
      44, 45, 46, -1,
      46, 45, 47, -1,
      46, 47, 48, -1,
      48, 47, 49, -1,
      48, 49, 50, -1,
      50, 49, 51, -1,
      50, 51, 52, -1,
      52, 51, 53, -1,
      52, 53, 54, -1,
      54, 53, 55, -1,
      54, 55, 56, -1,
      56, 55, 57, -1,
      58, 56, 59, -1,
      59, 56, 57, -1,
      58, 59, 60, -1,
      58, 60, 61, -1,
      61, 60, 62, -1,
      61, 62, 63, -1,
      63, 62, 64, -1,
      63, 64, 65, -1,
      65, 64, 66, -1,
      65, 66, 67, -1,
      67, 66, 68, -1,
      67, 68, 69, -1,
      69, 68, 70, -1,
      69, 70, 71, -1,
      72, 71, 73, -1,
      73, 71, 70, -1,
      72, 73, 74, -1,
      72, 74, 75, -1,
      75, 74, 76, -1,
      75, 76, 77, -1,
      77, 76, 78, -1,
      77, 78, 79, -1,
      79, 78, 80, -1,
      79, 80, 81, -1,
      81, 80, 82, -1,
      81, 82, 83, -1,
      83, 82, 84, -1,
      83, 84, 85, -1,
      1, 85, 3, -1,
      3, 85, 84, -1,
      46, 1, 44, -1,
      44, 1, 0, -1,
      44, 0, 42, -1,
      42, 0, 40, -1,
      34, 36, 0, -1,
      0, 36, 38, -1,
      0, 38, 40, -1,
      46, 48, 1, -1,
      1, 48, 50, -1,
      1, 50, 52, -1,
      85, 1, 72, -1,
      72, 1, 71, -1,
      61, 63, 71, -1,
      71, 63, 65, -1,
      71, 65, 69, -1,
      69, 65, 67, -1,
      27, 18, 25, -1,
      25, 18, 21, -1,
      25, 21, 23, -1,
      52, 54, 1, -1,
      1, 54, 56, -1,
      1, 56, 71, -1,
      71, 56, 58, -1,
      71, 58, 61, -1,
      18, 0, 17, -1,
      17, 0, 4, -1,
      17, 4, 7, -1,
      27, 29, 18, -1,
      18, 29, 31, -1,
      18, 31, 0, -1,
      0, 31, 32, -1,
      0, 32, 34, -1,
      72, 75, 85, -1,
      85, 75, 77, -1,
      85, 77, 83, -1,
      83, 77, 79, -1,
      83, 79, 81, -1,
      13, 15, 11, -1,
      11, 15, 17, -1,
      11, 17, 9, -1,
      9, 17, 7, -1,
      55, 53, 3, -1,
      3, 53, 51, -1,
      3, 51, 49, -1,
      49, 47, 3, -1,
      3, 47, 45, -1,
      3, 45, 2, -1,
      2, 45, 43, -1,
      43, 41, 2, -1,
      2, 41, 39, -1,
      2, 39, 37, -1,
      70, 3, 73, -1,
      73, 3, 84, -1,
      62, 70, 64, -1,
      64, 70, 68, -1,
      64, 68, 66, -1,
      62, 60, 70, -1,
      70, 60, 59, -1,
      70, 59, 3, -1,
      3, 59, 57, -1,
      3, 57, 55, -1,
      80, 78, 82, -1,
      82, 78, 76, -1,
      82, 76, 84, -1,
      84, 76, 74, -1,
      84, 74, 73, -1,
      6, 5, 16, -1,
      16, 5, 2, -1,
      16, 2, 19, -1,
      28, 26, 19, -1,
      19, 26, 24, -1,
      19, 24, 20, -1,
      20, 24, 22, -1,
      14, 12, 10, -1,
      37, 35, 2, -1,
      2, 35, 33, -1,
      2, 33, 19, -1,
      19, 33, 30, -1,
      19, 30, 28, -1,
      14, 10, 16, -1,
      16, 10, 8, -1,
      16, 8, 6, -1,
    ]
  }
}

Shape {
  appearance Appearance {
    material Material {
      diffuseColor 1.0000 1.0000 1.0000
      specularColor 0.5020 0.5020 0.5020
      ambientIntensity 0.2
      transparency 0.0000
      shininess 0.5
    }
  }
  geometry IndexedFaceSet {
    ccw TRUE
    solid FALSE
    coord DEF co Coordinate {
      point [
        -0.220254 0.337600 0.196850,
        -0.262863 0.356080 0.196850,
        -0.179024 0.356080 0.196850,
        -0.782098 0.356080 0.196850,
        -0.409862 0.356080 0.196850,
        -0.377509 0.286222 0.196850,
        -0.430870 0.401442 0.196850,
        0.260584 0.307965 0.196850,
        0.279293 0.286222 0.196850,
        0.199189 0.286222 0.196850,
        0.160565 0.357541 0.196850,
        0.163263 0.356080 0.196850,
        0.110267 0.356080 0.196850,
        0.110267 0.566719 0.196850,
        0.132221 0.412686 0.196850,
        0.120893 0.391080 0.196850,
        0.137324 0.373238 0.196850,
        0.201808 0.368771 0.196850,
        0.199189 0.369186 0.196850,
        0.199189 0.529932 0.196850,
        0.186799 0.371150 0.196850,
        0.171081 0.377464 0.196850,
        0.149169 0.392363 0.196850,
        0.134561 0.409037 0.196850,
        0.193811 0.530504 0.196850,
        0.257044 0.395375 0.196850,
        0.244482 0.382922 0.196850,
        0.217763 0.527960 0.196850,
        0.274259 0.425681 0.196850,
        0.268568 0.413173 0.196850,
        0.231176 0.374737 0.196850,
        0.216328 0.369909 0.196850,
        0.240286 0.519400 0.196850,
        0.256522 0.508482 0.196850,
        0.279637 0.446571 0.196850,
        0.267489 0.496475 0.196850,
        0.279798 0.464388 0.196850,
        0.275650 0.481241 0.196850,
        0.199189 0.540784 0.196850,
        0.199189 0.566719 0.196850,
        0.206115 0.554022 0.196850,
        0.229328 0.549054 0.196850,
        0.391749 0.566719 0.196850,
        0.391749 0.356080 0.196850,
        0.305765 0.449219 0.196850,
        0.303977 0.471400 0.196850,
        0.296381 0.494249 0.196850,
        0.284833 0.512622 0.196850,
        0.278610 0.379262 0.196850,
        0.291524 0.399482 0.196850,
        0.302097 0.425931 0.196850,
        0.268463 0.528537 0.196850,
        0.251126 0.539543 0.196850,
        0.328626 0.263328 0.196850,
        0.308932 0.286222 0.196850,
        0.355246 0.286222 0.196850,
        0.277613 0.322631 0.196850,
        0.391749 0.317616 0.196850,
        0.436473 0.356080 0.196850,
        0.186601 0.346702 0.196850,
        0.199189 0.344775 0.196850,
        0.206676 0.343629 0.196850,
        0.225789 0.345328 0.196850,
        0.245465 0.352033 0.196850,
        0.251776 0.356080 0.196850,
        0.263318 0.363478 0.196850,
        0.163879 0.355746 0.196850,
        0.110267 0.286222 0.196850,
        0.460472 0.376720 0.196850,
        0.477014 0.357515 0.196850,
        0.328139 0.229457 0.196850,
        0.391749 0.284172 0.196850,
        0.391749 0.174776 0.196850,
        0.394132 0.286222 0.196850,
        0.842124 0.174776 0.196850,
        0.815488 0.279957 0.196850,
        0.812740 0.286222 0.196850,
        0.475346 0.356080 0.196850,
        0.782098 0.356080 0.196850,
        0.758286 0.410364 0.196850,
        0.066407 0.504807 0.196850,
        -0.003736 0.511296 0.196850,
        -0.040721 0.566719 0.196850,
        -0.005837 0.488903 0.196850,
        -0.040721 0.356080 0.196850,
        -0.001373 0.597156 0.196850,
        -0.003474 0.574613 0.196850,
        0.072139 0.566719 0.196850,
        0.072221 0.567598 0.196850,
        0.064306 0.482414 0.196850,
        0.058192 0.416435 0.196850,
        -0.021928 0.423861 0.196850,
        -0.023991 0.401468 0.196850,
        0.081448 0.391716 0.196850,
        0.097683 0.566719 0.196850,
        0.099640 0.587816 0.196850,
        -0.242476 0.495550 0.196850,
        -0.646210 0.566719 0.196850,
        -0.234091 0.514272 0.196850,
        -0.218534 0.534324 0.196850,
        -0.245969 0.476531 0.196850,
        -0.412002 0.420759 0.196850,
        -0.680401 0.529577 0.196850,
        -0.758286 0.410364 0.196850,
        -0.229324 0.414225 0.196850,
        -0.240348 0.438116 0.196850,
        -0.244922 0.456276 0.196850,
        -0.157607 0.566719 0.196850,
        -0.172943 0.561523 0.196850,
        -0.179024 0.566719 0.196850,
        -0.179024 0.558725 0.196850,
        -0.199174 0.549457 0.196850,
        -0.215700 0.396832 0.196850,
        -0.197277 0.382776 0.196850,
        -0.179024 0.375165 0.196850,
        -0.175183 0.373564 0.196850,
        -0.151472 0.369983 0.196850,
        -0.127137 0.372022 0.196850,
        -0.179024 -0.500000 0.196850,
        -0.699724 -0.500000 0.196850,
        -0.179024 0.174776 0.196850,
        -0.758286 -0.410364 0.196850,
        -0.815488 -0.279957 0.196850,
        -0.850445 -0.141914 0.196850,
        -0.862205 -0.000000 0.196850,
        -0.211659 -0.835822 0.196850,
        -0.346344 -0.789584 0.196850,
        -0.471581 -0.721809 0.196850,
        -0.583956 -0.634344 0.196850,
        -0.680401 -0.529577 0.196850,
        -0.040721 -0.500000 0.196850,
        -0.071200 -0.859260 0.196850,
        -0.179024 -0.841267 0.196850,
        0.199189 -0.500000 0.196850,
        0.110267 -0.852741 0.196850,
        0.110267 -0.500000 0.196850,
        0.071200 -0.859260 0.196850,
        -0.040721 -0.859260 0.196850,
        0.391749 -0.765012 0.196850,
        0.346344 -0.789584 0.196850,
        0.211659 -0.835822 0.196850,
        0.199189 -0.837902 0.196850,
        0.680401 -0.529577 0.196850,
        0.583956 -0.634344 0.196850,
        0.391749 -0.500000 0.196850,
        0.471581 -0.721809 0.196850,
        0.850445 0.141914 0.196850,
        0.862205 0.000000 0.196850,
        0.850445 -0.141914 0.196850,
        0.815488 -0.279957 0.196850,
        0.758286 -0.410364 0.196850,
        0.699724 -0.500000 0.196850,
        0.391749 0.765012 0.196850,
        0.471581 0.721809 0.196850,
        0.583956 0.634344 0.196850,
        0.646210 0.566719 0.196850,
        0.680401 0.529577 0.196850,
        0.346344 0.789584 0.196850,
        -0.040721 0.859260 0.196850,
        0.071200 0.859260 0.196850,
        0.110267 0.852741 0.196850,
        0.199189 0.837902 0.196850,
        0.211659 0.835822 0.196850,
        -0.583956 0.634344 0.196850,
        -0.471581 0.721809 0.196850,
        -0.346344 0.789584 0.196850,
        -0.108351 0.377013 0.196850,
        -0.057451 0.394230 0.196850,
        -0.115832 0.566719 0.196850,
        -0.120129 0.579415 0.196850,
        -0.071200 0.859260 0.196850,
        -0.179024 0.841267 0.196850,
        -0.211659 0.835822 0.196850,
        -0.343022 0.211756 0.196850,
        -0.323555 0.231711 0.196850,
        -0.850445 0.141914 0.196850,
        -0.842124 0.174776 0.196850,
        -0.815488 0.279957 0.196850,
        -0.812740 0.286222 0.196850,
        -0.097436 0.097436 0.196850,
        -0.119334 0.068898 0.196850,
        -0.133100 0.035664 0.196850,
        -0.137795 0.000000 0.196850,
        -0.133100 -0.035664 0.196850,
        -0.119334 -0.068898 0.196850,
        -0.040721 -0.131006 0.196850,
        -0.068898 -0.119334 0.196850,
        -0.097436 -0.097436 0.196850,
        0.097436 0.097436 0.196850,
        0.068898 0.119334 0.196850,
        0.110267 0.174776 0.196850,
        0.035664 0.133100 0.196850,
        -0.040721 0.174776 0.196850,
        -0.000000 0.137795 0.196850,
        -0.035664 0.133100 0.196850,
        -0.040721 0.131006 0.196850,
        -0.068898 0.119334 0.196850,
        0.199189 0.174776 0.196850,
        0.137795 0.000000 0.196850,
        0.133100 -0.035664 0.196850,
        0.133100 0.035664 0.196850,
        0.119334 0.068898 0.196850,
        0.110267 0.080715 0.196850,
        -0.035664 -0.133100 0.196850,
        0.000000 -0.137795 0.196850,
        0.035664 -0.133100 0.196850,
        0.068898 -0.119334 0.196850,
        0.097436 -0.097436 0.196850,
        0.110267 -0.080715 0.196850,
        0.119334 -0.068898 0.196850,
        -0.179024 0.286222 0.196850,
        -0.345035 0.286222 0.196850,
        -0.239721 0.317645 0.196850,
        -0.291109 0.341501 0.196850,
        -0.040721 0.286222 0.196850,
        -0.347898 0.283287 0.196850,
      ]
    }
    coordIndex [
      0, 1, 2, -1,
      3, 4, 5, -1,
      4, 3, 6, -1,
      7, 8, 9, -1,
      10, 11, 12, -1,
      13, 14, 15, -1,
      13, 15, 12, -1,
      12, 15, 16, -1,
      12, 16, 10, -1,
      17, 18, 19, -1,
      19, 18, 20, -1,
      19, 20, 21, -1,
      21, 22, 19, -1,
      19, 22, 23, -1,
      19, 23, 24, -1,
      19, 25, 26, -1,
      27, 28, 19, -1,
      19, 28, 29, -1,
      19, 29, 25, -1,
      26, 30, 19, -1,
      19, 30, 31, -1,
      19, 31, 17, -1,
      27, 32, 28, -1,
      28, 32, 33, -1,
      28, 33, 34, -1,
      34, 33, 35, -1,
      34, 35, 36, -1,
      36, 35, 37, -1,
      23, 14, 24, -1,
      24, 14, 13, -1,
      24, 13, 38, -1,
      38, 13, 39, -1,
      38, 39, 40, -1,
      40, 39, 41, -1,
      42, 43, 44, -1,
      44, 45, 42, -1,
      42, 45, 46, -1,
      42, 46, 47, -1,
      48, 49, 43, -1,
      43, 49, 50, -1,
      43, 50, 44, -1,
      47, 51, 42, -1,
      42, 51, 52, -1,
      42, 52, 41, -1,
      53, 54, 55, -1,
      55, 54, 56, -1,
      55, 56, 57, -1,
      57, 56, 43, -1,
      57, 43, 58, -1,
      59, 60, 9, -1,
      9, 60, 61, -1,
      9, 61, 7, -1,
      61, 62, 7, -1,
      7, 62, 63, -1,
      7, 63, 56, -1,
      56, 63, 64, -1,
      56, 64, 43, -1,
      43, 64, 65, -1,
      43, 65, 48, -1,
      59, 9, 66, -1,
      66, 9, 67, -1,
      66, 67, 11, -1,
      58, 43, 68, -1,
      68, 43, 42, -1,
      68, 42, 69, -1,
      70, 71, 72, -1,
      72, 71, 73, -1,
      74, 72, 75, -1,
      75, 72, 73, -1,
      75, 73, 76, -1,
      76, 73, 77, -1,
      76, 77, 78, -1,
      78, 77, 69, -1,
      78, 69, 79, -1,
      80, 81, 82, -1,
      82, 81, 83, -1,
      82, 83, 84, -1,
      85, 86, 82, -1,
      80, 82, 87, -1,
      87, 82, 86, -1,
      87, 86, 88, -1,
      89, 90, 83, -1,
      83, 90, 91, -1,
      83, 91, 84, -1,
      84, 91, 92, -1,
      84, 92, 12, -1,
      12, 92, 93, -1,
      12, 93, 13, -1,
      13, 93, 94, -1,
      13, 94, 95, -1,
      96, 97, 98, -1,
      98, 97, 99, -1,
      96, 100, 97, -1,
      97, 100, 101, -1,
      97, 101, 102, -1,
      102, 101, 6, -1,
      102, 6, 103, -1,
      103, 6, 3, -1,
      104, 1, 105, -1,
      105, 1, 101, -1,
      105, 101, 106, -1,
      106, 101, 100, -1,
      107, 108, 109, -1,
      109, 108, 110, -1,
      109, 110, 97, -1,
      97, 110, 111, -1,
      97, 111, 99, -1,
      104, 112, 1, -1,
      1, 112, 113, -1,
      1, 113, 2, -1,
      2, 113, 114, -1,
      2, 114, 115, -1,
      115, 116, 2, -1,
      2, 116, 117, -1,
      2, 117, 84, -1,
      118, 119, 120, -1,
      120, 119, 121, -1,
      121, 122, 120, -1,
      120, 122, 123, -1,
      120, 123, 124, -1,
      125, 126, 118, -1,
      118, 126, 127, -1,
      127, 128, 118, -1,
      118, 128, 129, -1,
      118, 129, 119, -1,
      130, 131, 118, -1,
      118, 131, 132, -1,
      118, 132, 125, -1,
      133, 134, 135, -1,
      135, 134, 136, -1,
      135, 136, 130, -1,
      130, 136, 137, -1,
      130, 137, 131, -1,
      138, 139, 133, -1,
      139, 140, 133, -1,
      133, 140, 141, -1,
      133, 141, 134, -1,
      142, 143, 144, -1,
      144, 143, 145, -1,
      74, 146, 72, -1,
      72, 146, 147, -1,
      72, 147, 148, -1,
      148, 149, 72, -1,
      72, 149, 150, -1,
      72, 150, 144, -1,
      144, 150, 151, -1,
      144, 151, 142, -1,
      42, 152, 153, -1,
      153, 154, 42, -1,
      42, 154, 155, -1,
      42, 155, 69, -1,
      69, 155, 156, -1,
      69, 156, 79, -1,
      41, 39, 42, -1,
      42, 39, 157, -1,
      42, 157, 152, -1,
      82, 158, 85, -1,
      85, 158, 159, -1,
      85, 159, 95, -1,
      95, 159, 160, -1,
      95, 160, 13, -1,
      13, 160, 161, -1,
      13, 161, 39, -1,
      39, 161, 162, -1,
      39, 162, 157, -1,
      97, 163, 109, -1,
      109, 163, 164, -1,
      109, 164, 165, -1,
      117, 166, 84, -1,
      84, 166, 167, -1,
      84, 167, 82, -1,
      82, 167, 168, -1,
      82, 168, 158, -1,
      158, 168, 169, -1,
      158, 169, 170, -1,
      170, 169, 107, -1,
      170, 107, 171, -1,
      171, 107, 109, -1,
      171, 109, 172, -1,
      172, 109, 165, -1,
      173, 174, 120, -1,
      124, 175, 120, -1,
      120, 175, 176, -1,
      120, 176, 173, -1,
      173, 176, 177, -1,
      173, 177, 5, -1,
      5, 177, 178, -1,
      5, 178, 3, -1,
      120, 179, 180, -1,
      180, 181, 120, -1,
      120, 181, 182, -1,
      120, 182, 118, -1,
      118, 182, 183, -1,
      118, 183, 184, -1,
      185, 130, 186, -1,
      186, 130, 118, -1,
      186, 118, 187, -1,
      187, 118, 184, -1,
      188, 189, 190, -1,
      190, 189, 191, -1,
      190, 191, 192, -1,
      192, 191, 193, -1,
      193, 194, 192, -1,
      192, 194, 195, -1,
      192, 195, 120, -1,
      120, 195, 196, -1,
      120, 196, 179, -1,
      197, 133, 198, -1,
      198, 133, 199, -1,
      198, 200, 197, -1,
      197, 200, 201, -1,
      197, 201, 190, -1,
      190, 201, 202, -1,
      190, 202, 188, -1,
      185, 203, 130, -1,
      130, 203, 204, -1,
      130, 204, 135, -1,
      135, 204, 205, -1,
      135, 205, 206, -1,
      206, 207, 135, -1,
      135, 207, 208, -1,
      135, 208, 133, -1,
      133, 208, 209, -1,
      133, 209, 199, -1,
      210, 211, 212, -1,
      212, 211, 213, -1,
      11, 67, 12, -1,
      12, 67, 214, -1,
      12, 214, 84, -1,
      84, 214, 210, -1,
      84, 210, 2, -1,
      2, 210, 212, -1,
      2, 212, 0, -1,
      8, 197, 9, -1,
      9, 197, 190, -1,
      9, 190, 67, -1,
      67, 190, 192, -1,
      67, 192, 214, -1,
      214, 192, 120, -1,
      214, 120, 210, -1,
      210, 120, 174, -1,
      210, 174, 211, -1,
      211, 174, 215, -1,
      8, 70, 197, -1,
      197, 70, 72, -1,
      197, 72, 133, -1,
      133, 72, 144, -1,
      133, 144, 138, -1,
      138, 144, 145, -1,
    ]
  }
}

Shape {
  appearance Appearance {
    material Material {
      diffuseColor 0.6471 0.6196 0.5882
      specularColor 0.4510 0.4353 0.4118
      ambientIntensity 0.2
      transparency 0.0000
      shininess 0.5
    }
  }
  geometry IndexedFaceSet {
    ccw TRUE
    solid FALSE
    coord DEF co Coordinate {
      point [
        -1.845862 -0.299982 2.436756,
        -1.842606 -0.315928 2.436756,
        -1.869511 -0.046069 6.128992,
        -1.844731 0.306859 6.657480,
        -1.853219 0.250550 6.730865,
        -1.843180 0.316045 8.149607,
        -1.861668 0.177165 6.787175,
        -1.865143 0.135783 6.807597,
        -1.836789 0.351285 6.433960,
        -1.836204 0.354331 6.480315,
        -1.763255 0.622998 8.149607,
        -1.836782 0.351322 6.526393,
        -1.838493 0.342257 6.572022,
        -1.843180 0.316045 6.640520,
        -1.845862 0.299982 2.436756,
        -1.870079 0.000000 6.125984,
        -1.842606 0.315928 2.436756,
        -1.869506 0.046304 6.129023,
        -1.867829 0.091707 6.138058,
        -1.865168 0.135441 6.152892,
        -1.861668 0.177165 6.173456,
        -1.853219 0.250550 6.229766,
        -1.762294 0.622633 2.436756,
        -1.773838 0.592194 2.436756,
        -1.838493 0.342257 6.388607,
        -1.815738 0.447539 2.436756,
        -1.843180 0.316045 6.320109,
        -1.844731 0.306859 6.303150,
        -1.844731 -0.306859 6.303150,
        -1.853219 -0.250550 6.229766,
        -1.861668 -0.177165 6.173456,
        -1.865158 -0.135577 6.152948,
        -1.867829 -0.091707 6.138058,
        -1.864015 0.150479 2.436756,
        -1.870079 0.000000 2.436756,
        -1.864015 -0.150479 2.436756,
        -1.836788 -0.351290 6.526635,
        -1.836204 -0.354331 6.480315,
        -1.763255 -0.622998 8.149607,
        -1.762294 -0.622633 2.436756,
        -1.815738 -0.447539 2.436756,
        -1.838493 -0.342257 6.388607,
        -1.843180 -0.316045 6.320109,
        -1.836791 -0.351276 6.433889,
        -1.773838 -0.592194 2.436756,
        -1.867829 0.091707 6.822572,
        -1.869504 0.046374 6.831598,
        -1.870079 0.000000 8.149607,
        -1.870079 0.000000 6.834646,
        -1.843180 -0.316045 8.149607,
        -1.869507 -0.046247 6.831615,
        -1.867829 -0.091707 6.822572,
        -1.865149 -0.135695 6.807633,
        -1.861668 -0.177165 6.787175,
        -1.853219 -0.250550 6.730865,
        -1.844731 -0.306859 6.657480,
        -1.843180 -0.316045 6.640520,
        -1.838493 -0.342257 6.572022,
        1.865143 0.135783 6.153033,
        1.867829 0.091707 6.138058,
        1.863034 0.158556 2.436756,
        1.869504 0.046374 6.129032,
        1.864015 0.150479 2.436756,
        1.870079 0.000000 6.125984,
        1.870079 0.000000 2.436756,
        1.864015 -0.150479 2.436756,
        1.863034 -0.158556 2.436756,
        1.869507 -0.046247 6.129015,
        1.867829 -0.091707 6.138058,
        1.863342 0.158594 8.149607,
        1.863226 0.158584 6.796332,
        1.809737 0.471219 8.149607,
        1.861668 0.177165 6.787175,
        1.853219 0.250550 6.730865,
        1.844731 0.306859 6.657480,
        1.841195 0.327408 6.615792,
        1.838493 0.342257 6.572022,
        1.841207 0.327342 6.344677,
        1.844731 0.306859 6.303150,
        1.808945 0.470989 2.436756,
        1.838493 0.342257 6.388607,
        1.836789 0.351285 6.526670,
        1.836204 0.354331 6.480315,
        1.836782 0.351322 6.434237,
        1.845862 0.299982 2.436756,
        1.861668 0.177165 6.173456,
        1.863228 0.158584 6.164286,
        1.853219 0.250550 6.229766,
        1.815738 0.447539 2.436756,
        1.865158 -0.135577 6.807682,
        1.867829 -0.091707 6.822572,
        1.863342 -0.158594 8.149607,
        1.869511 -0.046069 6.831639,
        1.870079 0.000000 6.834646,
        1.869506 0.046304 6.831607,
        1.867829 0.091707 6.822572,
        1.865168 0.135441 6.807738,
        1.865149 -0.135695 6.152997,
        1.863228 -0.158584 6.164289,
        1.845862 -0.299982 2.436756,
        1.861668 -0.177165 6.173456,
        1.815738 -0.447539 2.436756,
        1.808945 -0.470989 2.436756,
        1.853219 -0.250550 6.229766,
        1.844731 -0.306859 6.303150,
        1.841218 -0.327278 6.344522,
        1.838493 -0.342257 6.388607,
        1.836788 -0.351290 6.433995,
        1.809737 -0.471219 8.149607,
        1.836204 -0.354331 6.480315,
        1.836791 -0.351276 6.526741,
        1.838493 -0.342257 6.572022,
        1.841215 -0.327295 6.616065,
        1.844731 -0.306859 6.657480,
        1.853219 -0.250550 6.730865,
        1.861668 -0.177165 6.787175,
        1.863227 -0.158584 6.796337,
        -1.631454 -0.911363 2.436756,
        -1.632605 -0.912028 8.149607,
        -1.655872 -0.869069 2.436756,
        -1.720434 -0.733008 2.436756,
        -1.453835 -1.173879 2.436756,
        -1.454988 -1.174821 8.149607,
        -1.495021 -1.123435 2.436756,
        -1.580572 -0.999493 2.436756,
        -1.234515 -1.402689 2.436756,
        -1.235514 -1.403817 8.149607,
        -1.295449 -1.348706 2.436756,
        -1.399774 -1.240091 2.436756,
        -0.979757 -1.591258 2.436756,
        -0.980496 -1.592426 8.149607,
        -1.062326 -1.539044 2.436756,
        -1.182723 -1.448572 2.436756,
        -0.696833 -1.734198 2.436756,
        -0.697271 -1.735226 8.149607,
        -0.801689 -1.689523 2.436756,
        -0.935039 -1.619536 2.436756,
        -0.663139 -1.748554 2.436756,
        -0.520289 -1.796244 2.436756,
        -0.393987 -1.828105 8.149607,
        -0.393817 -1.827417 2.436756,
        -0.079369 -1.868394 8.149607,
        -0.374064 -1.832286 2.436756,
        -0.225413 -1.856444 2.436756,
        -0.079356 -1.868235 2.436756,
        0.237533 -1.854932 8.149607,
        -0.075300 -1.868562 2.436756,
        0.075300 -1.868562 2.436756,
        0.225413 -1.856444 2.436756,
        0.237461 -1.854486 2.436756,
        0.547307 -1.787224 2.436756,
        0.547602 -1.788107 8.149607,
        0.520289 -1.796244 2.436756,
        0.374064 -1.832286 2.436756,
        0.841328 -1.668719 2.436756,
        0.841917 -1.669841 8.149607,
        0.801689 -1.689523 2.436756,
        0.663139 -1.748554 2.436756,
        1.111132 -1.502369 2.436756,
        1.112011 -1.503538 8.149607,
        1.062326 -1.539044 2.436756,
        0.935039 -1.619536 2.436756,
        1.349022 -1.292930 2.436756,
        1.350115 -1.293980 8.149607,
        1.295449 -1.348706 2.436756,
        1.182723 -1.448572 2.436756,
        1.548204 -1.046386 2.436756,
        1.549378 -1.047197 8.149607,
        1.495021 -1.123435 2.436756,
        1.399774 -1.240091 2.436756,
        1.702988 -0.769775 2.436756,
        1.704069 -0.770288 8.149607,
        1.655872 -0.869069 2.436756,
        1.580572 -0.999493 2.436756,
        1.773838 -0.592194 2.436756,
        1.720434 -0.733008 2.436756,
        1.702988 0.769775 2.436756,
        1.704069 0.770288 8.149607,
        1.720434 0.733008 2.436756,
        1.773838 0.592194 2.436756,
        1.548204 1.046386 2.436756,
        1.549378 1.047197 8.149607,
        1.580572 0.999493 2.436756,
        1.655872 0.869069 2.436756,
        1.349022 1.292930 2.436756,
        1.350115 1.293980 8.149607,
        1.399774 1.240091 2.436756,
        1.495021 1.123435 2.436756,
        1.111132 1.502369 2.436756,
        1.112011 1.503538 8.149607,
        1.182723 1.448572 2.436756,
        1.295449 1.348706 2.436756,
        0.841328 1.668719 2.436756,
        0.841917 1.669841 8.149607,
        0.935039 1.619536 2.436756,
        1.062326 1.539044 2.436756,
        0.801689 1.689523 2.436756,
        0.663139 1.748554 2.436756,
        0.547602 1.788107 8.149607,
        0.547307 1.787224 2.436756,
        0.237533 1.854932 8.149607,
        0.520289 1.796244 2.436756,
        0.374064 1.832286 2.436756,
        0.237461 1.854486 2.436756,
        -0.079369 1.868394 8.149607,
        0.225413 1.856444 2.436756,
        0.075300 1.868562 2.436756,
        -0.075300 1.868562 2.436756,
        -0.079356 1.868235 2.436756,
        -0.393817 1.827417 2.436756,
        -0.393987 1.828105 8.149607,
        -0.374064 1.832286 2.436756,
        -0.225413 1.856444 2.436756,
        -0.696833 1.734198 2.436756,
        -0.697271 1.735226 8.149607,
        -0.663139 1.748554 2.436756,
        -0.520289 1.796244 2.436756,
        -0.979757 1.591258 2.436756,
        -0.980496 1.592426 8.149607,
        -0.935039 1.619536 2.436756,
        -0.801689 1.689523 2.436756,
        -1.234515 1.402689 2.436756,
        -1.235514 1.403817 8.149607,
        -1.182723 1.448572 2.436756,
        -1.062326 1.539044 2.436756,
        -1.453835 1.173879 2.436756,
        -1.454988 1.174821 8.149607,
        -1.399774 1.240091 2.436756,
        -1.295449 1.348706 2.436756,
        -1.631454 0.911363 2.436756,
        -1.632605 0.912028 8.149607,
        -1.580572 0.999493 2.436756,
        -1.495021 1.123435 2.436756,
        -1.720434 0.733008 2.436756,
        -1.655872 0.869069 2.436756,
        0.492126 2.128899 0.000000,
        0.492126 0.852387 0.000000,
        0.282287 0.942903 0.000000,
        0.341815 2.158138 0.000000,
        0.057229 0.982587 0.000000,
        -0.000000 2.185039 0.000000,
        -0.341815 2.158138 0.000000,
        -0.170913 0.969299 0.000000,
        -0.492126 2.128899 0.000000,
        -0.389842 0.903756 0.000000,
        -0.492126 0.852387 0.000000,
        0.924894 0.336634 0.000000,
        0.852387 0.492126 0.000000,
        2.128899 0.492126 0.000000,
        0.977597 0.114265 0.000000,
        2.158138 0.341815 0.000000,
        2.185039 0.000000 0.000000,
        0.977597 -0.114265 0.000000,
        2.158138 -0.341815 0.000000,
        0.924894 -0.336634 0.000000,
        2.128899 -0.492126 0.000000,
        0.852387 -0.492126 0.000000,
        -0.852387 0.492126 0.000000,
        -0.879560 0.441731 0.000000,
        -2.128899 0.492126 0.000000,
        -0.957721 0.226984 0.000000,
        -2.158138 0.341815 0.000000,
        -0.984252 -0.000000 0.000000,
        -2.185039 -0.000000 0.000000,
        -2.158138 -0.341815 0.000000,
        -0.957721 -0.226984 0.000000,
        -2.128899 -0.492126 0.000000,
        -0.879560 -0.441731 0.000000,
        -0.852387 -0.492126 0.000000,
        1.431812 -1.490674 1.886739,
        1.547119 -1.370628 1.886739,
        1.547119 -1.370628 1.771654,
        0.886077 1.867368 1.886739,
        0.732943 1.932612 1.886739,
        0.732943 1.932612 1.771654,
        -2.066929 -0.000000 1.771654,
        -2.040163 0.331559 1.771654,
        -2.060227 0.166319 1.886739,
        -1.901532 0.810167 1.886739,
        -1.960557 0.654530 1.886739,
        -1.960557 0.654530 1.771654,
        -2.006868 0.494648 1.886739,
        -2.040163 0.331559 1.886739,
        -1.830175 0.960550 1.886739,
        -1.830175 0.960550 1.771654,
        -1.746948 1.104703 1.886739,
        -1.652391 1.241692 1.771654,
        -1.652391 1.241692 1.886739,
        -1.431812 1.490674 1.771654,
        -1.174150 1.701049 1.771654,
        -1.174150 1.701049 1.886739,
        -1.307220 1.601054 1.886739,
        -1.431812 1.490674 1.886739,
        -1.547119 1.370628 1.886739,
        -0.575056 1.985323 1.771654,
        -0.732943 1.932612 1.886739,
        -0.886077 1.867368 1.771654,
        -0.886077 1.867368 1.886739,
        -1.033465 1.790013 1.886739,
        -0.083227 2.065253 1.886739,
        -0.249141 2.051859 1.886739,
        -0.249141 2.051859 1.771654,
        -0.413439 2.025158 1.886739,
        -0.575056 1.985323 1.886739,
        0.083227 2.065253 1.886739,
        0.083227 2.065253 1.771654,
        0.249141 2.051859 1.886739,
        0.413439 2.025158 1.771654,
        0.413439 2.025158 1.886739,
        0.575056 1.985323 1.886739,
        1.033465 1.790013 1.886739,
        1.033465 1.790013 1.771654,
        1.174150 1.701049 1.886739,
        1.307220 1.601054 1.771654,
        1.307220 1.601054 1.886739,
        1.547119 1.370628 1.771654,
        1.547119 1.370628 1.886739,
        1.431812 1.490674 1.886739,
        1.746948 1.104703 1.771654,
        1.901532 0.810167 1.771654,
        1.901532 0.810167 1.886739,
        1.830175 0.960550 1.886739,
        1.746948 1.104703 1.886739,
        1.652391 1.241692 1.886739,
        2.060227 0.166319 1.771654,
        2.040163 0.331559 1.886739,
        2.006868 0.494648 1.771654,
        2.006868 0.494648 1.886739,
        1.960557 0.654530 1.886739,
        2.060227 -0.166319 1.771654,
        2.060227 -0.166319 1.886739,
        2.066929 0.000000 1.771654,
        2.066929 0.000000 1.886739,
        2.060227 0.166319 1.886739,
        2.006868 -0.494648 1.771654,
        1.901532 -0.810167 1.771654,
        1.901532 -0.810167 1.886739,
        1.960557 -0.654530 1.886739,
        2.006868 -0.494648 1.886739,
        2.040163 -0.331559 1.886739,
        1.746948 -1.104703 1.771654,
        1.652391 -1.241692 1.886739,
        1.746948 -1.104703 1.886739,
        1.830175 -0.960550 1.886739,
        1.307220 -1.601054 1.886739,
        1.307220 -1.601054 1.771654,
        1.174150 -1.701049 1.886739,
        1.033465 -1.790013 1.771654,
        1.033465 -1.790013 1.886739,
        0.249141 -2.051859 1.886739,
        0.413439 -2.025158 1.886739,
        0.413439 -2.025158 1.771654,
        0.575056 -1.985323 1.886739,
        0.732943 -1.932612 1.771654,
        0.732943 -1.932612 1.886739,
        0.886077 -1.867368 1.886739,
        0.083227 -2.065253 1.886739,
        0.083227 -2.065253 1.771654,
        -0.083227 -2.065253 1.886739,
        -0.249141 -2.051859 1.771654,
        -0.249141 -2.051859 1.886739,
        -0.575056 -1.985323 1.771654,
        -0.575056 -1.985323 1.886739,
        -0.413439 -2.025158 1.886739,
        -1.307220 -1.601054 1.886739,
        -1.174150 -1.701049 1.886739,
        -1.174150 -1.701049 1.771654,
        -1.033465 -1.790013 1.886739,
        -0.886077 -1.867368 1.771654,
        -0.886077 -1.867368 1.886739,
        -0.732943 -1.932612 1.886739,
        -1.431812 -1.490674 1.886739,
        -1.431812 -1.490674 1.771654,
        -1.547119 -1.370628 1.886739,
        -1.652391 -1.241692 1.771654,
        -1.652391 -1.241692 1.886739,
        -1.830175 -0.960550 1.771654,
        -1.830175 -0.960550 1.886739,
        -1.746948 -1.104703 1.886739,
        -2.040163 -0.331559 1.771654,
        -2.006868 -0.494648 1.886739,
        -1.960557 -0.654530 1.771654,
        -1.960557 -0.654530 1.886739,
        -1.901532 -0.810167 1.886739,
        -2.066929 -0.000000 1.886739,
        -2.060227 -0.166319 1.886739,
        -2.040163 -0.331559 1.886739,
        -1.880841 0.801352 1.978112,
        -1.907652 0.654877 2.017137,
        -1.939224 0.647408 1.978112,
        -1.913715 0.638892 2.017137,
        -1.985030 0.489266 1.978112,
        -1.727939 1.092682 1.978112,
        -1.773624 0.959810 2.017137,
        -1.810260 0.950098 1.978112,
        -1.786447 0.937600 2.017137,
        -1.856100 0.790810 2.017137,
        -1.634411 1.228180 1.978112,
        -1.612912 1.212024 2.017137,
        -1.705209 1.078309 2.017137,
        -1.416232 1.474454 1.978112,
        -1.397602 1.455058 2.017137,
        -1.530284 1.355713 1.978112,
        -1.510154 1.337880 2.017137,
        -1.591284 1.238514 2.017137,
        -1.161373 1.682539 1.978112,
        -1.146096 1.660407 2.017137,
        -1.292995 1.583632 1.978112,
        -1.275987 1.562800 2.017137,
        -1.365604 1.483406 2.017137,
        -0.876435 1.847048 1.978112,
        -0.864906 1.822752 2.017137,
        -1.022219 1.770535 1.978112,
        -1.008772 1.747245 2.017137,
        -1.102737 1.687826 2.017137,
        -0.568798 1.963720 1.978112,
        -0.561316 1.937888 2.017137,
        -0.724968 1.911583 1.978112,
        -0.715431 1.886437 2.017137,
        -0.809842 1.846213 2.017137,
        -0.246430 2.029531 1.978112,
        -0.243188 2.002835 2.017137,
        -0.408940 2.003121 1.978112,
        -0.403561 1.976772 2.017137,
        -0.494896 1.954259 2.017137,
        0.246430 2.029531 1.978112,
        0.166476 2.009028 2.017137,
        0.082321 2.042780 1.978112,
        0.081238 2.015909 2.017137,
        -0.082321 2.042780 1.978112,
        -0.081238 2.015909 2.017137,
        -0.166476 2.009028 2.017137,
        0.568798 1.963720 1.978112,
        0.494896 1.954259 2.017137,
        0.408940 2.003121 1.978112,
        0.403561 1.976772 2.017137,
        0.243188 2.002835 2.017137,
        0.876435 1.847048 1.978112,
        0.809842 1.846213 2.017137,
        0.724968 1.911583 1.978112,
        0.715431 1.886437 2.017137,
        0.561316 1.937888 2.017137,
        1.161373 1.682539 1.978112,
        1.102737 1.687826 2.017137,
        1.022219 1.770535 1.978112,
        1.008772 1.747245 2.017137,
        0.864906 1.822752 2.017137,
        1.416232 1.474454 1.978112,
        1.365604 1.483406 2.017137,
        1.292995 1.583632 1.978112,
        1.275987 1.562800 2.017137,
        1.146096 1.660407 2.017137,
        1.634411 1.228180 1.978112,
        1.591284 1.238514 2.017137,
        1.530284 1.355713 1.978112,
        1.510154 1.337880 2.017137,
        1.397602 1.455058 2.017137,
        1.810260 0.950098 1.978112,
        1.773624 0.959810 2.017137,
        1.727939 1.092682 1.978112,
        1.705209 1.078309 2.017137,
        1.612912 1.212024 2.017137,
        1.939224 0.647408 1.978112,
        1.907652 0.654877 2.017137,
        1.880841 0.801352 1.978112,
        1.856100 0.790810 2.017137,
        1.786447 0.937600 2.017137,
        2.017963 0.327951 1.978112,
        1.989709 0.332012 2.017137,
        1.985030 0.489266 1.978112,
        1.958919 0.482830 2.017137,
        1.913715 0.638892 2.017137,
        1.985030 -0.489266 1.978112,
        1.989709 -0.332012 2.017137,
        2.017963 -0.327951 1.978112,
        1.991418 -0.323637 2.017137,
        2.037808 -0.164509 1.978112,
        2.011003 -0.162345 2.017137,
        2.044438 0.000000 1.978112,
        2.017545 0.000000 2.017137,
        2.037808 0.164509 1.978112,
        2.011003 0.162345 2.017137,
        1.991418 0.323637 2.017137,
        1.880841 -0.801352 1.978112,
        1.907652 -0.654877 2.017137,
        1.939224 -0.647408 1.978112,
        1.913715 -0.638892 2.017137,
        1.958919 -0.482830 2.017137,
        1.727939 -1.092682 1.978112,
        1.773624 -0.959810 2.017137,
        1.810260 -0.950098 1.978112,
        1.786447 -0.937600 2.017137,
        1.856100 -0.790810 2.017137,
        1.634411 -1.228180 1.978112,
        1.612912 -1.212024 2.017137,
        1.705209 -1.078309 2.017137,
        1.416232 -1.474454 1.978112,
        1.397602 -1.455058 2.017137,
        1.530284 -1.355713 1.978112,
        1.510154 -1.337880 2.017137,
        1.591284 -1.238514 2.017137,
        1.161373 -1.682539 1.978112,
        1.146096 -1.660407 2.017137,
        1.292995 -1.583632 1.978112,
        1.275987 -1.562800 2.017137,
        1.365604 -1.483406 2.017137,
        0.876435 -1.847048 1.978112,
        0.864906 -1.822752 2.017137,
        1.022219 -1.770535 1.978112,
        1.008772 -1.747245 2.017137,
        1.102737 -1.687826 2.017137,
        0.568798 -1.963720 1.978112,
        0.561316 -1.937888 2.017137,
        0.724968 -1.911583 1.978112,
        0.715431 -1.886437 2.017137,
        0.809842 -1.846213 2.017137,
        0.246430 -2.029531 1.978112,
        0.243188 -2.002835 2.017137,
        0.408940 -2.003121 1.978112,
        0.403561 -1.976772 2.017137,
        0.494896 -1.954259 2.017137,
        -0.246430 -2.029531 1.978112,
        -0.166476 -2.009028 2.017137,
        -0.082321 -2.042780 1.978112,
        -0.081238 -2.015909 2.017137,
        0.082321 -2.042780 1.978112,
        0.081238 -2.015909 2.017137,
        0.166476 -2.009028 2.017137,
        -0.568798 -1.963720 1.978112,
        -0.494896 -1.954259 2.017137,
        -0.408940 -2.003121 1.978112,
        -0.403561 -1.976772 2.017137,
        -0.243188 -2.002835 2.017137,
        -0.876435 -1.847048 1.978112,
        -0.809842 -1.846213 2.017137,
        -0.724968 -1.911583 1.978112,
        -0.715431 -1.886437 2.017137,
        -0.561316 -1.937888 2.017137,
        -1.161373 -1.682539 1.978112,
        -1.102737 -1.687826 2.017137,
        -1.022219 -1.770535 1.978112,
        -1.008772 -1.747245 2.017137,
        -0.864906 -1.822752 2.017137,
        -1.416232 -1.474454 1.978112,
        -1.365604 -1.483406 2.017137,
        -1.292995 -1.583632 1.978112,
        -1.275987 -1.562800 2.017137,
        -1.146096 -1.660407 2.017137,
        -1.634411 -1.228180 1.978112,
        -1.591284 -1.238514 2.017137,
        -1.530284 -1.355713 1.978112,
        -1.510154 -1.337880 2.017137,
        -1.397602 -1.455058 2.017137,
        -1.810260 -0.950098 1.978112,
        -1.773624 -0.959810 2.017137,
        -1.727939 -1.092682 1.978112,
        -1.705209 -1.078309 2.017137,
        -1.612912 -1.212024 2.017137,
        -1.939224 -0.647408 1.978112,
        -1.907652 -0.654877 2.017137,
        -1.880841 -0.801352 1.978112,
        -1.856100 -0.790810 2.017137,
        -1.786447 -0.937600 2.017137,
        -2.017963 -0.327951 1.978112,
        -1.989709 -0.332012 2.017137,
        -1.985030 -0.489266 1.978112,
        -1.958919 -0.482830 2.017137,
        -1.913715 -0.638892 2.017137,
        -2.061224 -0.000000 1.933789,
        -2.054540 0.165859 1.933789,
        -2.034531 0.330644 1.933789,
        -2.001328 0.493283 1.933789,
        -1.955146 0.652724 1.933789,
        -1.896283 0.807931 1.933789,
        -1.825123 0.957898 1.933789,
        -1.742126 1.101654 1.933789,
        -1.647830 1.238264 1.933789,
        -1.542848 1.366844 1.933789,
        -1.427860 1.486559 1.933789,
        -1.303611 1.596634 1.933789,
        -1.170909 1.696354 1.933789,
        -1.030612 1.785072 1.933789,
        -0.883631 1.862213 1.933789,
        -0.730920 1.927278 1.933789,
        -0.573469 1.979843 1.933789,
        -0.412298 2.019568 1.933789,
        -0.248453 2.046195 1.933789,
        -0.082997 2.059552 1.933789,
        0.082997 2.059552 1.933789,
        0.248453 2.046195 1.933789,
        0.412298 2.019568 1.933789,
        0.573469 1.979843 1.933789,
        0.730920 1.927278 1.933789,
        0.883631 1.862213 1.933789,
        1.030612 1.785072 1.933789,
        1.170909 1.696354 1.933789,
        1.303611 1.596634 1.933789,
        1.427860 1.486559 1.933789,
        1.542848 1.366844 1.933789,
        1.647830 1.238264 1.933789,
        1.742126 1.101654 1.933789,
        1.825123 0.957898 1.933789,
        1.896283 0.807931 1.933789,
        1.955146 0.652724 1.933789,
        2.001328 0.493283 1.933789,
        2.034531 0.330644 1.933789,
        2.054540 0.165859 1.933789,
        2.061224 0.000000 1.933789,
        2.054540 -0.165859 1.933789,
        2.034531 -0.330644 1.933789,
        2.001328 -0.493283 1.933789,
        1.955146 -0.652724 1.933789,
        1.896283 -0.807931 1.933789,
        1.825123 -0.957898 1.933789,
        1.742126 -1.101654 1.933789,
        1.647830 -1.238264 1.933789,
        1.542848 -1.366844 1.933789,
        1.427860 -1.486559 1.933789,
        1.303611 -1.596634 1.933789,
        1.170909 -1.696354 1.933789,
        1.030612 -1.785072 1.933789,
        0.883631 -1.862213 1.933789,
        0.730920 -1.927278 1.933789,
        0.573469 -1.979843 1.933789,
        0.412298 -2.019568 1.933789,
        0.248453 -2.046195 1.933789,
        0.082997 -2.059552 1.933789,
        -0.082997 -2.059552 1.933789,
        -0.248453 -2.046195 1.933789,
        -0.412298 -2.019568 1.933789,
        -0.573469 -1.979843 1.933789,
        -0.730920 -1.927278 1.933789,
        -0.883631 -1.862213 1.933789,
        -1.030612 -1.785072 1.933789,
        -1.170909 -1.696354 1.933789,
        -1.303611 -1.596634 1.933789,
        -1.427860 -1.486559 1.933789,
        -1.542848 -1.366844 1.933789,
        -1.647830 -1.238264 1.933789,
        -1.742126 -1.101654 1.933789,
        -1.825123 -0.957898 1.933789,
        -1.896283 -0.807931 1.933789,
        -1.955146 -0.652724 1.933789,
        -2.001328 -0.493283 1.933789,
        -2.034531 -0.330644 1.933789,
        -2.054540 -0.165859 1.933789,
        -2.044438 -0.000000 1.978112,
        -2.037808 0.164509 1.978112,
        -2.017963 0.327951 1.978112,
        -2.037808 -0.164509 1.978112,
        -1.958919 0.482830 2.017137,
        -1.989709 0.332012 2.017137,
        -1.991418 0.323637 2.017137,
        -2.011003 0.162345 2.017137,
        -2.017545 -0.000000 2.017137,
        -2.011003 -0.162345 2.017137,
        -1.991418 -0.323637 2.017137,
        -1.703750 -0.584898 2.261626,
        -1.746232 -0.442206 2.261626,
        -1.776785 -0.296493 2.261626,
        -1.584243 -0.857349 2.261626,
        -1.649631 -0.723595 2.261626,
        -1.421520 -1.106414 2.261626,
        -1.508032 -0.985246 2.261626,
        -1.220023 -1.325298 2.261626,
        -1.325298 -1.220023 2.261626,
        -0.985246 -1.508032 2.261626,
        -1.106414 -1.421520 2.261626,
        -0.723595 -1.649631 2.261626,
        -0.857349 -1.584243 2.261626,
        -0.442206 -1.746232 2.261626,
        -0.584898 -1.703750 2.261626,
        -0.148755 -1.795200 2.261626,
        -0.296493 -1.776785 2.261626,
        0.000000 -1.801353 2.261626,
        0.296493 -1.776785 2.261626,
        0.148755 -1.795200 2.261626,
        0.584898 -1.703750 2.261626,
        0.442206 -1.746232 2.261626,
        0.857349 -1.584243 2.261626,
        0.723595 -1.649631 2.261626,
        1.106414 -1.421520 2.261626,
        0.985246 -1.508032 2.261626,
        1.325298 -1.220023 2.261626,
        1.220023 -1.325298 2.261626,
        1.508032 -0.985246 2.261626,
        1.421520 -1.106414 2.261626,
        1.649631 -0.723595 2.261626,
        1.584243 -0.857349 2.261626,
        1.746232 -0.442206 2.261626,
        1.703750 -0.584898 2.261626,
        1.795200 -0.148755 2.261626,
        1.776785 -0.296493 2.261626,
        1.776785 0.296493 2.261626,
        1.795200 0.148755 2.261626,
        1.801353 -0.000000 2.261626,
        1.703750 0.584898 2.261626,
        1.746232 0.442206 2.261626,
        1.584243 0.857349 2.261626,
        1.649631 0.723595 2.261626,
        1.421520 1.106414 2.261626,
        1.508032 0.985246 2.261626,
        1.220023 1.325298 2.261626,
        1.325298 1.220023 2.261626,
        0.985246 1.508032 2.261626,
        1.106414 1.421520 2.261626,
        0.723595 1.649631 2.261626,
        0.857349 1.584243 2.261626,
        0.442206 1.746232 2.261626,
        0.584898 1.703750 2.261626,
        0.148755 1.795200 2.261626,
        0.296493 1.776785 2.261626,
        -0.148755 1.795200 2.261626,
        -0.000000 1.801353 2.261626,
        -0.296493 1.776785 2.261626,
        -0.584898 1.703750 2.261626,
        -0.442206 1.746232 2.261626,
        -0.857349 1.584243 2.261626,
        -0.723595 1.649631 2.261626,
        -1.106414 1.421520 2.261626,
        -0.985246 1.508032 2.261626,
        -1.325298 1.220023 2.261626,
        -1.220023 1.325298 2.261626,
        -1.508032 0.985246 2.261626,
        -1.421520 1.106414 2.261626,
        -1.649631 0.723595 2.261626,
        -1.584243 0.857349 2.261626,
        -1.746232 0.442206 2.261626,
        -1.703750 0.584898 2.261626,
        -1.795200 0.148755 2.261626,
        -1.776785 0.296493 2.261626,
        -1.795200 -0.148755 2.261626,
        -1.801353 0.000000 2.261626,
        -1.545828 0.836560 2.344975,
        -1.540810 0.833845 2.392025,
        -1.604406 0.703758 2.392025,
        0.836560 1.545828 2.344975,
        0.833845 1.540810 2.392025,
        0.703758 1.604406 2.392025,
        1.545828 -0.836560 2.344975,
        1.540810 -0.833845 2.392025,
        1.604406 -0.703758 2.392025,
        -0.836560 -1.545828 2.344975,
        -0.833845 -1.540810 2.392025,
        -0.703758 -1.604406 2.392025,
        -1.703890 -0.431483 2.344975,
        -1.657042 -0.568863 2.392025,
        -1.662438 -0.570716 2.344975,
        -1.645348 -0.598832 2.392025,
        -1.609631 -0.706050 2.344975,
        -1.604406 -0.703758 2.392025,
        -1.540810 -0.833845 2.392025,
        -1.545828 -0.836560 2.344975,
        -1.516106 -0.875303 2.392025,
        -1.471466 -0.961357 2.344975,
        -1.466689 -0.958236 2.392025,
        -1.382549 -1.076081 2.392025,
        -1.387052 -1.079586 2.344975,
        -1.340958 -1.125188 2.392025,
        -1.293163 -1.190440 2.344975,
        -1.288965 -1.186576 2.392025,
        -1.186576 -1.288965 2.392025,
        -1.125188 -1.340958 2.392025,
        -1.079586 -1.387052 2.344975,
        -1.190440 -1.293163 2.344975,
        -1.076081 -1.382549 2.392025,
        -0.958236 -1.466689 2.392025,
        -0.961357 -1.471466 2.344975,
        -0.875303 -1.516106 2.392025,
        -0.598832 -1.645348 2.392025,
        -0.570716 -1.662438 2.344975,
        -0.706050 -1.609631 2.344975,
        -0.568863 -1.657042 2.392025,
        -0.430083 -1.698359 2.392025,
        -0.431483 -1.703890 2.344975,
        -0.304105 -1.724774 2.392025,
        -0.289304 -1.733702 2.344975,
        -0.288365 -1.728074 2.392025,
        -0.144676 -1.745985 2.392025,
        -0.145148 -1.751671 2.344975,
        0.000000 -1.751969 2.392025,
        0.000000 -1.757674 2.344975,
        0.144676 -1.745985 2.392025,
        0.145148 -1.751671 2.344975,
        0.288365 -1.728074 2.392025,
        0.289304 -1.733702 2.344975,
        0.304105 -1.724774 2.392025,
        0.431483 -1.703890 2.344975,
        0.430083 -1.698359 2.392025,
        0.568863 -1.657042 2.392025,
        0.570716 -1.662438 2.344975,
        0.598832 -1.645348 2.392025,
        0.706050 -1.609631 2.344975,
        0.703758 -1.604406 2.392025,
        0.833845 -1.540810 2.392025,
        0.836560 -1.545828 2.344975,
        0.875303 -1.516106 2.392025,
        0.961357 -1.471466 2.344975,
        0.958236 -1.466689 2.392025,
        1.076081 -1.382549 2.392025,
        1.079586 -1.387052 2.344975,
        1.125188 -1.340958 2.392025,
        1.190440 -1.293163 2.344975,
        1.186576 -1.288965 2.392025,
        1.288965 -1.186576 2.392025,
        1.340958 -1.125188 2.392025,
        1.387052 -1.079586 2.344975,
        1.293163 -1.190440 2.344975,
        1.382549 -1.076081 2.392025,
        1.466689 -0.958236 2.392025,
        1.471466 -0.961357 2.344975,
        1.516106 -0.875303 2.392025,
        1.645348 -0.598832 2.392025,
        1.662438 -0.570716 2.344975,
        1.609631 -0.706050 2.344975,
        1.657042 -0.568863 2.392025,
        1.698359 -0.430083 2.392025,
        1.703890 -0.431483 2.344975,
        1.724774 -0.304105 2.392025,
        1.733702 -0.289304 2.344975,
        1.728074 -0.288365 2.392025,
        1.745985 -0.144676 2.392025,
        1.751671 -0.145148 2.344975,
        1.751969 0.000000 2.392025,
        1.757674 0.000000 2.344975,
        1.745985 0.144676 2.392025,
        1.751671 0.145148 2.344975,
        1.728074 0.288365 2.392025,
        1.733702 0.289304 2.344975,
        1.724774 0.304105 2.392025,
        1.703890 0.431483 2.344975,
        1.698359 0.430083 2.392025,
        1.657042 0.568863 2.392025,
        1.662438 0.570716 2.344975,
        1.645348 0.598832 2.392025,
        1.609631 0.706050 2.344975,
        1.604406 0.703758 2.392025,
        1.540810 0.833845 2.392025,
        1.545828 0.836560 2.344975,
        1.516106 0.875303 2.392025,
        1.471466 0.961357 2.344975,
        1.466689 0.958236 2.392025,
        1.382549 1.076081 2.392025,
        1.387052 1.079586 2.344975,
        1.340958 1.125188 2.392025,
        1.293163 1.190440 2.344975,
        1.288965 1.186576 2.392025,
        1.186576 1.288965 2.392025,
        1.125188 1.340958 2.392025,
        1.079586 1.387052 2.344975,
        1.190440 1.293163 2.344975,
        1.076081 1.382549 2.392025,
        0.958236 1.466689 2.392025,
        0.961357 1.471466 2.344975,
        0.875303 1.516106 2.392025,
        0.598832 1.645348 2.392025,
        0.570716 1.662438 2.344975,
        0.706050 1.609631 2.344975,
        0.568863 1.657042 2.392025,
        0.430083 1.698359 2.392025,
        0.431483 1.703890 2.344975,
        0.304105 1.724774 2.392025,
        0.289304 1.733702 2.344975,
        0.288365 1.728074 2.392025,
        0.144676 1.745985 2.392025,
        0.145148 1.751671 2.344975,
        -0.000000 1.751969 2.392025,
        -0.000000 1.757674 2.344975,
        -0.144676 1.745985 2.392025,
        -0.145148 1.751671 2.344975,
        -0.288365 1.728074 2.392025,
        -0.289304 1.733702 2.344975,
        -0.304105 1.724774 2.392025,
        -0.431483 1.703890 2.344975,
        -0.430083 1.698359 2.392025,
        -0.568863 1.657042 2.392025,
        -0.570716 1.662438 2.344975,
        -0.598832 1.645348 2.392025,
        -0.706050 1.609631 2.344975,
        -0.703758 1.604406 2.392025,
        -0.833845 1.540810 2.392025,
        -0.836560 1.545828 2.344975,
        -0.875303 1.516106 2.392025,
        -0.961357 1.471466 2.344975,
        -0.958236 1.466689 2.392025,
        -1.076081 1.382549 2.392025,
        -1.079586 1.387052 2.344975,
        -1.125188 1.340958 2.392025,
        -1.190440 1.293163 2.344975,
        -1.186576 1.288965 2.392025,
        -1.288965 1.186576 2.392025,
        -1.340958 1.125188 2.392025,
        -1.387052 1.079586 2.344975,
        -1.293163 1.190440 2.344975,
        -1.382549 1.076081 2.392025,
        -1.466689 0.958236 2.392025,
        -1.471466 0.961357 2.344975,
        -1.516106 0.875303 2.392025,
        -1.645348 0.598832 2.392025,
        -1.662438 0.570716 2.344975,
        -1.609631 0.706050 2.344975,
        -1.657042 0.568863 2.392025,
        -1.698359 0.430083 2.392025,
        -1.703890 0.431483 2.344975,
        -1.724774 0.304105 2.392025,
        -1.733702 0.289304 2.344975,
        -1.728074 0.288365 2.392025,
        -1.745985 0.144676 2.392025,
        -1.751671 0.145148 2.344975,
        -1.751969 0.000000 2.392025,
        -1.757674 0.000000 2.344975,
        -1.745985 -0.144676 2.392025,
        -1.751671 -0.145148 2.344975,
        -1.728074 -0.288365 2.392025,
        -1.733702 -0.289304 2.344975,
        -1.724774 -0.304105 2.392025,
        -1.698359 -0.430083 2.392025,
        -1.768399 0.146534 2.300652,
        -1.750259 0.292067 2.300652,
        -1.720162 0.435604 2.300652,
        -1.678315 0.576166 2.300652,
        -1.625003 0.712793 2.300652,
        -1.560591 0.844550 2.300652,
        -1.485518 0.970537 2.300652,
        -1.400298 1.089896 2.300652,
        -1.305513 1.201809 2.300652,
        -1.201809 1.305513 2.300652,
        -1.089896 1.400298 2.300652,
        -0.970537 1.485518 2.300652,
        -0.844550 1.560591 2.300652,
        -0.712793 1.625003 2.300652,
        -0.576166 1.678315 2.300652,
        -0.435604 1.720162 2.300652,
        -0.292067 1.750259 2.300652,
        -0.146534 1.768399 2.300652,
        -0.000000 1.774460 2.300652,
        0.146534 1.768399 2.300652,
        0.292067 1.750259 2.300652,
        0.435604 1.720162 2.300652,
        0.576166 1.678315 2.300652,
        0.712793 1.625003 2.300652,
        0.844550 1.560591 2.300652,
        0.970537 1.485518 2.300652,
        1.089896 1.400298 2.300652,
        1.201809 1.305513 2.300652,
        1.305513 1.201809 2.300652,
        1.400298 1.089896 2.300652,
        1.485518 0.970537 2.300652,
        1.560591 0.844550 2.300652,
        1.625003 0.712793 2.300652,
        1.678315 0.576166 2.300652,
        1.720162 0.435604 2.300652,
        1.750259 0.292067 2.300652,
        1.768399 0.146534 2.300652,
        1.774460 0.000000 2.300652,
        1.768399 -0.146534 2.300652,
        1.750259 -0.292067 2.300652,
        1.720162 -0.435604 2.300652,
        1.678315 -0.576166 2.300652,
        1.625003 -0.712793 2.300652,
        1.560591 -0.844550 2.300652,
        1.485518 -0.970537 2.300652,
        1.400298 -1.089896 2.300652,
        1.305513 -1.201809 2.300652,
        1.201809 -1.305513 2.300652,
        1.089896 -1.400298 2.300652,
        0.970537 -1.485518 2.300652,
        0.844550 -1.560591 2.300652,
        0.712793 -1.625003 2.300652,
        0.576166 -1.678315 2.300652,
        0.435604 -1.720162 2.300652,
        0.292067 -1.750259 2.300652,
        0.146534 -1.768399 2.300652,
        0.000000 -1.774460 2.300652,
        -0.146534 -1.768399 2.300652,
        -0.292067 -1.750259 2.300652,
        -0.435604 -1.720162 2.300652,
        -0.576166 -1.678315 2.300652,
        -0.712793 -1.625003 2.300652,
        -0.844550 -1.560591 2.300652,
        -0.970537 -1.485518 2.300652,
        -1.089896 -1.400298 2.300652,
        -1.201809 -1.305513 2.300652,
        -1.305513 -1.201809 2.300652,
        -1.400298 -1.089896 2.300652,
        -1.485518 -0.970537 2.300652,
        -1.560591 -0.844550 2.300652,
        -1.625003 -0.712793 2.300652,
        -1.678315 -0.576166 2.300652,
        -1.720162 -0.435604 2.300652,
        -1.750259 -0.292067 2.300652,
        -1.768399 -0.146534 2.300652,
        -1.774460 0.000000 2.300652,
        -1.725352 0.304226 8.149607,
        -1.751969 -0.000000 8.149607,
        -1.646312 0.599209 8.149607,
        -1.517249 0.875984 8.149607,
        -1.342086 1.126144 8.149607,
        -1.126144 1.342086 8.149607,
        -0.875984 1.517249 8.149607,
        -0.599209 1.646312 8.149607,
        -0.000000 1.751969 8.149607,
        -0.304226 1.725352 8.149607,
        0.304226 1.725352 8.149607,
        0.599209 1.646312 8.149607,
        0.875984 1.517249 8.149607,
        1.126144 1.342086 8.149607,
        1.342086 1.126144 8.149607,
        1.517249 0.875984 8.149607,
        1.646312 0.599209 8.149607,
        1.751969 0.000000 8.149607,
        1.725352 0.304226 8.149607,
        1.725352 -0.304226 8.149607,
        1.646312 -0.599209 8.149607,
        1.517249 -0.875984 8.149607,
        1.342086 -1.126144 8.149607,
        1.126144 -1.342086 8.149607,
        0.875984 -1.517249 8.149607,
        0.599209 -1.646312 8.149607,
        0.000000 -1.751969 8.149607,
        0.304226 -1.725352 8.149607,
        -0.304226 -1.725352 8.149607,
        -0.599209 -1.646312 8.149607,
        -0.875984 -1.517249 8.149607,
        -1.126144 -1.342086 8.149607,
        -1.342086 -1.126144 8.149607,
        -1.517249 -0.875984 8.149607,
        -1.646312 -0.599209 8.149607,
        -1.725352 -0.304226 8.149607,
        -1.821278 -0.448905 2.389705,
        -1.779250 -0.594001 2.389705,
        0.375205 -1.837876 2.389705,
        0.521876 -1.801725 2.389705,
        1.779250 0.594001 2.389705,
        1.725683 0.735245 2.389705,
        -0.521876 1.801725 2.389705,
        -0.665162 1.753889 2.389705,
        -1.851493 0.300897 2.389705,
        -1.821278 0.448905 2.389705,
        -1.779250 0.594001 2.389705,
        -1.725683 0.735245 2.389705,
        -1.660924 0.871720 2.389705,
        -1.585394 1.002543 2.389705,
        -1.499582 1.126863 2.389705,
        -1.404044 1.243875 2.389705,
        -1.299402 1.352820 2.389705,
        -1.186331 1.452992 2.389705,
        -1.065567 1.543740 2.389705,
        -0.937892 1.624477 2.389705,
        -0.804135 1.694678 2.389705,
        -0.375205 1.837876 2.389705,
        -0.226101 1.862107 2.389705,
        -0.075530 1.874263 2.389705,
        0.075530 1.874263 2.389705,
        0.226101 1.862107 2.389705,
        0.375205 1.837876 2.389705,
        0.521876 1.801725 2.389705,
        0.665162 1.753889 2.389705,
        0.804135 1.694678 2.389705,
        0.937892 1.624477 2.389705,
        1.065567 1.543740 2.389705,
        1.186331 1.452992 2.389705,
        1.299402 1.352820 2.389705,
        1.404044 1.243875 2.389705,
        1.499582 1.126863 2.389705,
        1.585394 1.002543 2.389705,
        1.660924 0.871720 2.389705,
        1.821278 0.448905 2.389705,
        1.851493 0.300897 2.389705,
        1.869702 0.150938 2.389705,
        1.875784 0.000000 2.389705,
        1.869702 -0.150938 2.389705,
        1.851493 -0.300897 2.389705,
        1.821278 -0.448905 2.389705,
        1.779250 -0.594001 2.389705,
        1.725683 -0.735245 2.389705,
        1.660924 -0.871720 2.389705,
        1.585394 -1.002543 2.389705,
        1.499582 -1.126863 2.389705,
        1.404044 -1.243875 2.389705,
        1.299402 -1.352820 2.389705,
        1.186331 -1.452992 2.389705,
        1.065567 -1.543740 2.389705,
        0.937892 -1.624477 2.389705,
        0.804135 -1.694678 2.389705,
        0.665162 -1.753889 2.389705,
        0.226101 -1.862107 2.389705,
        0.075530 -1.874263 2.389705,
        -0.075530 -1.874263 2.389705,
        -0.226101 -1.862107 2.389705,
        -0.375205 -1.837876 2.389705,
        -0.521876 -1.801725 2.389705,
        -0.665162 -1.753889 2.389705,
        -0.804135 -1.694678 2.389705,
        -0.937892 -1.624477 2.389705,
        -1.065567 -1.543740 2.389705,
        -1.186331 -1.452992 2.389705,
        -1.299402 -1.352820 2.389705,
        -1.404044 -1.243875 2.389705,
        -1.499582 -1.126863 2.389705,
        -1.585394 -1.002543 2.389705,
        -1.660924 -0.871720 2.389705,
        -1.725683 -0.735245 2.389705,
        -1.851493 -0.300897 2.389705,
        -1.869702 -0.150938 2.389705,
        -1.875784 -0.000000 2.389705,
        -1.869702 0.150938 2.389705,
        -1.892570 -0.000000 2.345383,
        -1.886433 0.152289 2.345383,
        -1.868062 0.303590 2.345383,
        -1.837575 0.452922 2.345383,
        -1.795172 0.599317 2.345383,
        -1.741126 0.741824 2.345383,
        -1.675787 0.879521 2.345383,
        -1.599581 1.011514 2.345383,
        -1.513002 1.136947 2.345383,
        -1.416609 1.255006 2.345383,
        -1.311029 1.364926 2.345383,
        -1.196947 1.465994 2.345383,
        -1.075102 1.557554 2.345383,
        -0.946285 1.639014 2.345383,
        -0.811331 1.709843 2.345383,
        -0.671115 1.769583 2.345383,
        -0.526546 1.817848 2.345383,
        -0.378563 1.854322 2.345383,
        -0.228124 1.878771 2.345383,
        -0.076206 1.891035 2.345383,
        0.076206 1.891035 2.345383,
        0.228124 1.878771 2.345383,
        0.378563 1.854322 2.345383,
        0.526546 1.817848 2.345383,
        0.671115 1.769583 2.345383,
        0.811331 1.709843 2.345383,
        0.946285 1.639014 2.345383,
        1.075102 1.557554 2.345383,
        1.196947 1.465994 2.345383,
        1.311029 1.364926 2.345383,
        1.416609 1.255006 2.345383,
        1.513002 1.136947 2.345383,
        1.599581 1.011514 2.345383,
        1.675787 0.879521 2.345383,
        1.741126 0.741824 2.345383,
        1.795172 0.599317 2.345383,
        1.837575 0.452922 2.345383,
        1.868062 0.303590 2.345383,
        1.886433 0.152289 2.345383,
        1.892570 0.000000 2.345383,
        1.886433 -0.152289 2.345383,
        1.868062 -0.303590 2.345383,
        1.837575 -0.452922 2.345383,
        1.795172 -0.599317 2.345383,
        1.741126 -0.741824 2.345383,
        1.675787 -0.879521 2.345383,
        1.599581 -1.011514 2.345383,
        1.513002 -1.136947 2.345383,
        1.416609 -1.255006 2.345383,
        1.311029 -1.364926 2.345383,
        1.196947 -1.465994 2.345383,
        1.075102 -1.557554 2.345383,
        0.946285 -1.639014 2.345383,
        0.811331 -1.709843 2.345383,
        0.671115 -1.769583 2.345383,
        0.526546 -1.817848 2.345383,
        0.378563 -1.854322 2.345383,
        0.228124 -1.878771 2.345383,
        0.076206 -1.891035 2.345383,
        -0.076206 -1.891035 2.345383,
        -0.228124 -1.878771 2.345383,
        -0.378563 -1.854322 2.345383,
        -0.526546 -1.817848 2.345383,
        -0.671115 -1.769583 2.345383,
        -0.811331 -1.709843 2.345383,
        -0.946285 -1.639014 2.345383,
        -1.075102 -1.557554 2.345383,
        -1.196947 -1.465994 2.345383,
        -1.311029 -1.364926 2.345383,
        -1.416609 -1.255006 2.345383,
        -1.513002 -1.136947 2.345383,
        -1.599581 -1.011514 2.345383,
        -1.675787 -0.879521 2.345383,
        -1.741126 -0.741824 2.345383,
        -1.795172 -0.599317 2.345383,
        -1.837575 -0.452922 2.345383,
        -1.868062 -0.303590 2.345383,
        -1.886433 -0.152289 2.345383,
        -1.919463 -0.000000 2.306357,
        -1.913239 0.154453 2.306357,
        -1.894606 0.307904 2.306357,
        -1.863687 0.459357 2.306357,
        -1.820681 0.607833 2.306357,
        -1.765867 0.752365 2.306357,
        -1.699600 0.892019 2.306357,
        -1.622311 1.025887 2.306357,
        -1.534501 1.153102 2.306357,
        -1.436739 1.272839 2.306357,
        -1.329659 1.384321 2.306357,
        -1.213956 1.486826 2.306357,
        -1.090379 1.579687 2.306357,
        -0.959731 1.662304 2.306357,
        -0.822859 1.734140 2.306357,
        -0.680651 1.794729 2.306357,
        -0.534028 1.843679 2.306357,
        -0.383942 1.880672 2.306357,
        -0.231366 1.905468 2.306357,
        -0.077289 1.917906 2.306357,
        0.077289 1.917906 2.306357,
        0.231366 1.905468 2.306357,
        0.383942 1.880672 2.306357,
        0.534028 1.843679 2.306357,
        0.680651 1.794729 2.306357,
        0.822859 1.734140 2.306357,
        0.959731 1.662304 2.306357,
        1.090379 1.579687 2.306357,
        1.213956 1.486826 2.306357,
        1.329659 1.384321 2.306357,
        1.436739 1.272839 2.306357,
        1.534501 1.153102 2.306357,
        1.622311 1.025887 2.306357,
        1.699600 0.892019 2.306357,
        1.765867 0.752365 2.306357,
        1.820681 0.607833 2.306357,
        1.863687 0.459357 2.306357,
        1.894606 0.307904 2.306357,
        1.913239 0.154453 2.306357,
        1.919463 0.000000 2.306357,
        1.913239 -0.154453 2.306357,
        1.894606 -0.307904 2.306357,
        1.863687 -0.459357 2.306357,
        1.820681 -0.607833 2.306357,
        1.765867 -0.752365 2.306357,
        1.699600 -0.892019 2.306357,
        1.622311 -1.025887 2.306357,
        1.534501 -1.153102 2.306357,
        1.436739 -1.272839 2.306357,
        1.329659 -1.384321 2.306357,
        1.213956 -1.486826 2.306357,
        1.090379 -1.579687 2.306357,
        0.959731 -1.662304 2.306357,
        0.822859 -1.734140 2.306357,
        0.680651 -1.794729 2.306357,
        0.534028 -1.843679 2.306357,
        0.383942 -1.880672 2.306357,
        0.231366 -1.905468 2.306357,
        0.077289 -1.917906 2.306357,
        -0.077289 -1.917906 2.306357,
        -0.231366 -1.905468 2.306357,
        -0.383942 -1.880672 2.306357,
        -0.534028 -1.843679 2.306357,
        -0.680651 -1.794729 2.306357,
        -0.822859 -1.734140 2.306357,
        -0.959731 -1.662304 2.306357,
        -1.090379 -1.579687 2.306357,
        -1.213956 -1.486826 2.306357,
        -1.329659 -1.384321 2.306357,
        -1.436739 -1.272839 2.306357,
        -1.534501 -1.153102 2.306357,
        -1.622311 -1.025887 2.306357,
        -1.699600 -0.892019 2.306357,
        -1.765867 -0.752365 2.306357,
        -1.820681 -0.607833 2.306357,
        -1.863687 -0.459357 2.306357,
        -1.894606 -0.307904 2.306357,
        -1.913239 -0.154453 2.306357,
        -2.031129 -0.659954 2.061868,
        -2.025178 -0.676084 2.061868,
        -2.109362 -0.334090 2.061868,
        -2.107685 -0.342521 2.061868,
        -2.076647 -0.498559 2.061868,
        -1.727781 -1.255307 2.061868,
        -1.706491 -1.282313 2.061868,
        -1.973088 -0.817280 2.061868,
        -1.902883 -0.969567 2.061868,
        -1.890281 -0.992070 2.061868,
        -1.820945 -1.115877 2.061868,
        -1.255307 -1.727781 2.061868,
        -1.212411 -1.756443 2.061868,
        -1.623965 -1.386997 2.061868,
        -1.510136 -1.510136 2.061868,
        -1.478568 -1.539318 2.061868,
        -1.386997 -1.623965 2.061868,
        -0.659954 -2.031129 2.061868,
        -0.593744 -2.049802 2.061868,
        -1.115877 -1.820945 2.061868,
        -0.969567 -1.902883 2.061868,
        -0.914905 -1.928082 2.061868,
        -0.817280 -1.973088 2.061868,
        0.000000 -2.135655 2.061868,
        -0.498559 -2.076647 2.061868,
        -0.334090 -2.109362 2.061868,
        -0.257232 -2.118458 2.061868,
        -0.167561 -2.129072 2.061868,
        0.085930 -2.132279 2.061868,
        0.167561 -2.129072 2.061868,
        0.334090 -2.109362 2.061868,
        0.426870 -2.090907 2.061868,
        0.498559 -2.076647 2.061868,
        0.659954 -2.031129 2.061868,
        0.756774 -1.995410 2.061868,
        0.817280 -1.973088 2.061868,
        0.969567 -1.902883 2.061868,
        1.067113 -1.848255 2.061868,
        1.115877 -1.820945 2.061868,
        1.255307 -1.727781 2.061868,
        1.349859 -1.653242 2.061868,
        1.386997 -1.623965 2.061868,
        1.510136 -1.510136 2.061868,
        1.597702 -1.415408 2.061868,
        1.623965 -1.386997 2.061868,
        1.727781 -1.255307 2.061868,
        1.804228 -1.140896 2.061868,
        1.820945 -1.115877 2.061868,
        1.902883 -0.969567 2.061868,
        1.964091 -0.836797 2.061868,
        1.973088 -0.817280 2.061868,
        2.031129 -0.659954 2.061868,
        2.073147 -0.510969 2.061868,
        2.076647 -0.498559 2.061868,
        2.109362 -0.334090 2.061868,
        2.128567 -0.171830 2.061868,
        2.129072 -0.167561 2.061868,
        2.076647 0.498559 2.061868,
        2.073147 0.510969 2.061868,
        2.135655 0.000000 2.061868,
        2.129072 0.167561 2.061868,
        2.128567 0.171830 2.061868,
        2.109362 0.334090 2.061868,
        1.820945 1.115877 2.061868,
        1.804228 1.140896 2.061868,
        2.031129 0.659954 2.061868,
        1.973088 0.817280 2.061868,
        1.964091 0.836797 2.061868,
        1.902883 0.969567 2.061868,
        1.386997 1.623965 2.061868,
        1.349859 1.653242 2.061868,
        1.727781 1.255307 2.061868,
        1.623965 1.386997 2.061868,
        1.597702 1.415408 2.061868,
        1.510136 1.510136 2.061868,
        0.817280 1.973088 2.061868,
        0.756774 1.995410 2.061868,
        1.255307 1.727781 2.061868,
        1.115877 1.820945 2.061868,
        1.067113 1.848255 2.061868,
        0.969567 1.902883 2.061868,
        0.167561 2.129072 2.061868,
        0.659954 2.031129 2.061868,
        0.498559 2.076647 2.061868,
        0.426870 2.090907 2.061868,
        0.334090 2.109362 2.061868,
        0.085930 2.132279 2.061868,
        -0.000000 2.135655 2.061868,
        -0.167561 2.129072 2.061868,
        -0.257232 2.118458 2.061868,
        -0.334090 2.109362 2.061868,
        -0.498559 2.076647 2.061868,
        -0.593744 2.049802 2.061868,
        -0.659954 2.031129 2.061868,
        -0.817280 1.973088 2.061868,
        -0.914905 1.928082 2.061868,
        -0.969567 1.902883 2.061868,
        -1.115877 1.820945 2.061868,
        -1.212411 1.756443 2.061868,
        -1.255307 1.727781 2.061868,
        -1.386997 1.623965 2.061868,
        -1.478568 1.539318 2.061868,
        -1.510136 1.510136 2.061868,
        -1.623965 1.386997 2.061868,
        -1.706491 1.282313 2.061868,
        -1.727781 1.255307 2.061868,
        -1.820945 1.115877 2.061868,
        -1.890281 0.992070 2.061868,
        -1.902883 0.969567 2.061868,
        -1.973088 0.817280 2.061868,
        -2.025178 0.676084 2.061868,
        -2.031129 0.659954 2.061868,
        -2.076647 0.498559 2.061868,
        -2.107685 0.342521 2.061868,
        -2.109362 0.334090 2.061868,
        -2.129072 0.167561 2.061868,
        -2.135655 0.000000 2.061868,
        -2.129072 -0.167561 2.061868,
        -0.000000 2.162548 2.022842,
        -0.169672 2.155882 2.022842,
        0.668264 2.056706 2.022842,
        0.504837 2.102797 2.022842,
        1.271114 1.749538 2.022842,
        1.129928 1.843876 2.022842,
        1.749538 1.271114 2.022842,
        1.644415 1.404463 2.022842,
        -0.504837 -2.102797 2.022842,
        -0.338297 -2.135924 2.022842,
        -1.129928 -1.843876 2.022842,
        -0.981776 -1.926844 2.022842,
        -1.644415 -1.404463 2.022842,
        -1.529152 -1.529152 2.022842,
        -2.135924 -0.338297 2.022842,
        -2.102797 -0.504837 2.022842,
        -2.056706 -0.668264 2.022842,
        -1.997934 -0.827571 2.022842,
        -1.926844 -0.981776 2.022842,
        -1.843876 -1.129928 2.022842,
        -1.749538 -1.271114 2.022842,
        -1.404463 -1.644415 2.022842,
        -1.271114 -1.749538 2.022842,
        -0.827571 -1.997934 2.022842,
        -0.668264 -2.056706 2.022842,
        -0.169672 -2.155882 2.022842,
        0.000000 -2.162548 2.022842,
        0.169672 -2.155882 2.022842,
        0.338297 -2.135924 2.022842,
        0.504837 -2.102797 2.022842,
        0.668264 -2.056706 2.022842,
        0.827571 -1.997934 2.022842,
        0.981776 -1.926844 2.022842,
        1.129928 -1.843876 2.022842,
        1.271114 -1.749538 2.022842,
        1.404463 -1.644415 2.022842,
        1.529152 -1.529152 2.022842,
        1.644415 -1.404463 2.022842,
        1.749538 -1.271114 2.022842,
        1.843876 -1.129928 2.022842,
        1.926844 -0.981776 2.022842,
        1.997934 -0.827571 2.022842,
        2.056706 -0.668264 2.022842,
        2.102797 -0.504837 2.022842,
        2.135924 -0.338297 2.022842,
        2.155882 -0.169672 2.022842,
        2.162548 0.000000 2.022842,
        2.155882 0.169672 2.022842,
        2.135924 0.338297 2.022842,
        2.102797 0.504837 2.022842,
        2.056706 0.668264 2.022842,
        1.997934 0.827571 2.022842,
        1.926844 0.981776 2.022842,
        1.843876 1.129928 2.022842,
        1.529152 1.529152 2.022842,
        1.404463 1.644415 2.022842,
        0.981776 1.926844 2.022842,
        0.827571 1.997934 2.022842,
        0.338297 2.135924 2.022842,
        0.169672 2.155882 2.022842,
        -0.504837 2.102797 2.022842,
        -0.338297 2.135924 2.022842,
        -0.827571 1.997934 2.022842,
        -0.668264 2.056706 2.022842,
        -1.129928 1.843876 2.022842,
        -0.981776 1.926844 2.022842,
        -1.404463 1.644415 2.022842,
        -1.271114 1.749538 2.022842,
        -1.644415 1.404463 2.022842,
        -1.529152 1.529152 2.022842,
        -1.843876 1.129928 2.022842,
        -1.749538 1.271114 2.022842,
        -1.997934 0.827571 2.022842,
        -1.926844 0.981776 2.022842,
        -2.102797 0.504837 2.022842,
        -2.056706 0.668264 2.022842,
        -2.185039 0.000000 1.931469,
        -2.172616 0.170989 1.978519,
        -2.178304 0.171436 1.931469,
        -2.152503 0.340923 1.978519,
        -2.158138 0.341815 1.931469,
        -2.119119 0.508756 1.978519,
        -2.124667 0.510087 1.931469,
        -2.072670 0.673451 1.978519,
        -2.078096 0.675214 1.931469,
        -2.013442 0.833995 1.978519,
        -2.018713 0.836178 1.931469,
        -1.941801 0.989397 1.978519,
        -1.946884 0.991987 1.931469,
        -1.858188 1.138699 1.978519,
        -1.863052 1.141680 1.931469,
        -1.763118 1.280980 1.978519,
        -1.767734 1.284334 1.931469,
        -1.657178 1.415364 1.978519,
        -1.661517 1.419070 1.931469,
        -1.541022 1.541022 1.978519,
        -1.545056 1.545056 1.931469,
        -1.415364 1.657178 1.978519,
        -1.419070 1.661517 1.931469,
        -1.280980 1.763118 1.978519,
        -1.284334 1.767734 1.931469,
        -1.138699 1.858188 1.978519,
        -1.141680 1.863052 1.931469,
        -0.989397 1.941801 1.978519,
        -0.991987 1.946884 1.931469,
        -0.833995 2.013442 1.978519,
        -0.836178 2.018713 1.931469,
        -0.673451 2.072670 1.978519,
        -0.675214 2.078096 1.931469,
        -0.508756 2.119119 1.978519,
        -0.510087 2.124667 1.931469,
        -0.340923 2.152503 1.978519,
        -0.341815 2.158138 1.931469,
        -0.170989 2.172616 1.978519,
        -0.171436 2.178304 1.931469,
        -0.000000 2.179334 1.978519,
        -0.000000 2.185039 1.931469,
        0.170989 2.172616 1.978519,
        0.171436 2.178304 1.931469,
        0.340923 2.152503 1.978519,
        0.341815 2.158138 1.931469,
        0.508756 2.119119 1.978519,
        0.510087 2.124667 1.931469,
        0.673451 2.072670 1.978519,
        0.675214 2.078096 1.931469,
        0.833995 2.013442 1.978519,
        0.836178 2.018713 1.931469,
        0.989397 1.941801 1.978519,
        0.991987 1.946884 1.931469,
        1.138699 1.858188 1.978519,
        1.141680 1.863052 1.931469,
        1.280980 1.763118 1.978519,
        1.284334 1.767734 1.931469,
        1.415364 1.657178 1.978519,
        1.419070 1.661517 1.931469,
        1.541022 1.541022 1.978519,
        1.545056 1.545056 1.931469,
        1.657178 1.415364 1.978519,
        1.661517 1.419070 1.931469,
        1.763118 1.280980 1.978519,
        1.767734 1.284334 1.931469,
        1.858188 1.138699 1.978519,
        1.863052 1.141680 1.931469,
        1.941801 0.989397 1.978519,
        1.946884 0.991987 1.931469,
        2.013442 0.833995 1.978519,
        2.018713 0.836178 1.931469,
        2.072670 0.673451 1.978519,
        2.078096 0.675214 1.931469,
        2.119119 0.508756 1.978519,
        2.124667 0.510087 1.931469,
        2.152503 0.340923 1.978519,
        2.158138 0.341815 1.931469,
        2.172616 0.170989 1.978519,
        2.178304 0.171436 1.931469,
        2.179334 0.000000 1.978519,
        2.185039 0.000000 1.931469,
        2.172616 -0.170989 1.978519,
        2.178304 -0.171436 1.931469,
        2.152503 -0.340923 1.978519,
        2.158138 -0.341815 1.931469,
        2.119119 -0.508756 1.978519,
        2.124667 -0.510087 1.931469,
        2.072670 -0.673451 1.978519,
        2.078096 -0.675214 1.931469,
        2.013442 -0.833995 1.978519,
        2.018713 -0.836178 1.931469,
        1.941801 -0.989397 1.978519,
        1.946884 -0.991987 1.931469,
        1.858188 -1.138699 1.978519,
        1.863052 -1.141680 1.931469,
        1.763118 -1.280980 1.978519,
        1.767734 -1.284334 1.931469,
        1.657178 -1.415364 1.978519,
        1.661517 -1.419070 1.931469,
        1.541022 -1.541022 1.978519,
        1.545056 -1.545056 1.931469,
        1.415364 -1.657178 1.978519,
        1.419070 -1.661517 1.931469,
        1.280980 -1.763118 1.978519,
        1.284334 -1.767734 1.931469,
        1.138699 -1.858188 1.978519,
        1.141680 -1.863052 1.931469,
        0.989397 -1.941801 1.978519,
        0.991987 -1.946884 1.931469,
        0.833995 -2.013442 1.978519,
        0.836178 -2.018713 1.931469,
        0.673451 -2.072670 1.978519,
        0.675214 -2.078096 1.931469,
        0.508756 -2.119119 1.978519,
        0.510087 -2.124667 1.931469,
        0.340923 -2.152503 1.978519,
        0.341815 -2.158138 1.931469,
        0.170989 -2.172616 1.978519,
        0.171436 -2.178304 1.931469,
        0.000000 -2.179334 1.978519,
        0.000000 -2.185039 1.931469,
        -0.170989 -2.172616 1.978519,
        -0.171436 -2.178304 1.931469,
        -0.340923 -2.152503 1.978519,
        -0.341815 -2.158138 1.931469,
        -0.508756 -2.119119 1.978519,
        -0.510087 -2.124667 1.931469,
        -0.673451 -2.072670 1.978519,
        -0.675214 -2.078096 1.931469,
        -0.833995 -2.013442 1.978519,
        -0.836178 -2.018713 1.931469,
        -0.989397 -1.941801 1.978519,
        -0.991987 -1.946884 1.931469,
        -1.138699 -1.858188 1.978519,
        -1.141680 -1.863052 1.931469,
        -1.280980 -1.763118 1.978519,
        -1.284334 -1.767734 1.931469,
        -1.415364 -1.657178 1.978519,
        -1.419070 -1.661517 1.931469,
        -1.541022 -1.541022 1.978519,
        -1.545056 -1.545056 1.931469,
        -1.657178 -1.415364 1.978519,
        -1.661517 -1.419070 1.931469,
        -1.763118 -1.280980 1.978519,
        -1.767734 -1.284334 1.931469,
        -1.858188 -1.138699 1.978519,
        -1.863052 -1.141680 1.931469,
        -1.941801 -0.989397 1.978519,
        -1.946884 -0.991987 1.931469,
        -2.013442 -0.833995 1.978519,
        -2.018713 -0.836178 1.931469,
        -2.072670 -0.673451 1.978519,
        -2.078096 -0.675214 1.931469,
        -2.119119 -0.508756 1.978519,
        -2.124667 -0.510087 1.931469,
        -2.152503 -0.340923 1.978519,
        -2.158138 -0.341815 1.931469,
        -2.172616 -0.170989 1.978519,
        -2.178304 -0.171436 1.931469,
        -2.179334 0.000000 1.978519,
        -2.155882 0.169672 2.022842,
        -2.135924 0.338297 2.022842,
        -2.155882 -0.169672 2.022842,
        -2.162548 0.000000 2.022842,
        0.492126 2.128899 0.314961,
        -2.128899 0.492126 0.314961,
        -0.492126 -2.128899 0.314961,
        -0.492126 -2.128899 0.000000,
        -0.341815 -2.158138 0.000000,
        2.128899 -0.492126 0.314961,
        2.128899 0.492126 0.314961,
        1.946884 -0.991987 0.314961,
        2.078096 -0.675214 0.314961,
        1.767734 -1.284334 0.314961,
        1.545056 -1.545056 0.314961,
        1.284334 -1.767734 0.314961,
        0.991987 -1.946884 0.314961,
        0.675214 -2.078096 0.314961,
        0.341815 -2.158138 0.000000,
        0.492126 -2.128899 0.000000,
        0.492126 -2.128899 0.314961,
        -0.991987 -1.946884 0.314961,
        -0.675214 -2.078096 0.314961,
        -1.284334 -1.767734 0.314961,
        -1.545056 -1.545056 0.314961,
        -1.767734 -1.284334 0.314961,
        -1.946884 -0.991987 0.314961,
        -2.078096 -0.675214 0.314961,
        -2.128899 -0.492126 0.314961,
        -1.946884 0.991987 0.314961,
        -2.078096 0.675214 0.314961,
        -1.767734 1.284334 0.314961,
        -1.545056 1.545056 0.314961,
        -1.284334 1.767734 0.314961,
        -0.991987 1.946884 0.314961,
        -0.675214 2.078096 0.314961,
        -0.492126 2.128899 0.314961,
        0.991987 1.946884 0.314961,
        0.675214 2.078096 0.314961,
        1.284334 1.767734 0.314961,
        1.545056 1.545056 0.314961,
        1.767734 1.284334 0.314961,
        1.946884 0.991987 0.314961,
        2.078096 0.675214 0.314961,
        0.000000 -2.185039 0.000000,
        0.492126 -0.852387 0.000000,
        0.282287 -0.942903 0.000000,
        0.057229 -0.982587 0.000000,
        -0.170913 -0.969299 0.000000,
        -0.389842 -0.903756 0.000000,
        -0.492126 -0.852387 0.000000,
        0.492126 -0.852387 0.314961,
        0.852387 0.492126 0.314961,
        -0.852387 -0.492126 0.314961,
        -0.492126 0.852387 0.314961,
        -0.587754 0.789491 0.314961,
        -0.587754 0.789491 0.787402,
        -0.675435 0.715919 0.787402,
        -0.753981 0.632665 0.314961,
        -0.852387 0.492126 0.314961,
        -0.587754 -0.789491 0.314961,
        -0.753981 -0.632665 0.314961,
        -0.675435 -0.715919 0.787402,
        -0.492126 -0.852387 0.314961,
        0.587754 -0.789491 0.787402,
        0.675435 -0.715919 0.314961,
        0.675435 -0.715919 0.787402,
        0.753981 -0.632665 0.787402,
        0.822331 -0.540855 0.314961,
        0.924894 -0.336634 0.787402,
        0.852387 -0.492126 0.314961,
        0.879560 -0.441731 0.787402,
        0.822331 -0.540855 0.787402,
        0.822331 0.540855 0.314961,
        0.822331 0.540855 0.787402,
        0.753981 0.632665 0.787402,
        0.675435 0.715919 0.314961,
        -0.977597 0.114265 0.787402,
        -0.753981 0.632665 0.787402,
        -0.822331 0.540855 0.787402,
        -0.879560 0.441731 0.787402,
        -0.924894 0.336634 0.787402,
        -0.957721 0.226984 0.787402,
        -0.492126 0.852387 0.787402,
        -0.389842 0.903756 0.787402,
        -0.282287 0.942903 0.787402,
        -0.170913 0.969299 0.787402,
        -0.057229 0.982587 0.787402,
        0.057229 0.982587 0.787402,
        0.170913 0.969299 0.787402,
        0.282287 0.942903 0.787402,
        0.492126 0.852387 0.314961,
        0.675435 0.715919 0.787402,
        0.587754 0.789491 0.787402,
        0.492126 0.852387 0.787402,
        0.389842 0.903756 0.787402,
        0.879560 0.441731 0.787402,
        0.924894 0.336634 0.787402,
        0.957721 0.226984 0.787402,
        0.977597 0.114265 0.787402,
        0.984252 0.000000 0.787402,
        0.977597 -0.114265 0.787402,
        0.957721 -0.226984 0.787402,
        0.389842 -0.903756 0.787402,
        0.492126 -0.852387 0.787402,
        0.170913 -0.969299 0.787402,
        0.282287 -0.942903 0.787402,
        -0.057229 -0.982587 0.787402,
        0.057229 -0.982587 0.787402,
        -0.587754 -0.789491 0.787402,
        -0.492126 -0.852387 0.787402,
        -0.389842 -0.903756 0.787402,
        -0.282287 -0.942903 0.787402,
        -0.170913 -0.969299 0.787402,
        -0.924894 -0.336634 0.787402,
        -0.879560 -0.441731 0.787402,
        -0.822331 -0.540855 0.787402,
        -0.753981 -0.632665 0.787402,
        -0.984252 -0.000000 0.787402,
        -0.977597 -0.114265 0.787402,
        -0.957721 -0.226984 0.787402,
        -1.608988 1.419684 0.314961,
        -1.582243 1.484252 0.314961,
        -1.618110 1.350394 0.314961,
        -1.608988 1.281104 0.314961,
        -1.582243 1.216535 0.314961,
        -1.539698 1.161089 0.314961,
        -1.484252 1.118544 0.314961,
        -1.419684 1.091799 0.314961,
        -1.350394 1.082677 0.314961,
        -1.082677 1.350394 0.314961,
        -1.281104 1.091799 0.314961,
        -1.216535 1.118544 0.314961,
        -1.161089 1.161089 0.314961,
        -1.118544 1.216535 0.314961,
        -1.091799 1.281104 0.314961,
        -1.091799 1.419684 0.314961,
        -1.118544 1.484252 0.314961,
        -1.161089 1.539698 0.314961,
        -1.216535 1.582243 0.314961,
        -1.281104 1.608988 0.314961,
        -1.350394 1.618110 0.314961,
        -1.419684 1.608988 0.314961,
        -1.484252 1.582243 0.314961,
        -1.539698 1.539698 0.314961,
        -1.350394 -1.618110 0.314961,
        -1.281104 -1.608988 0.314961,
        -1.618110 -1.350394 0.314961,
        -1.608988 -1.419684 0.314961,
        -1.582243 -1.484252 0.314961,
        -1.216535 -1.582243 0.314961,
        -1.161089 -1.539698 0.314961,
        -1.091799 -1.281104 0.314961,
        -1.118544 -1.216535 0.314961,
        -1.539698 -1.539698 0.314961,
        -1.484252 -1.582243 0.314961,
        -1.419684 -1.608988 0.314961,
        -1.118544 -1.484252 0.314961,
        -1.091799 -1.419684 0.314961,
        -1.082677 -1.350394 0.314961,
        -1.216535 -1.118544 0.314961,
        -1.281104 -1.091799 0.314961,
        -1.350394 -1.082677 0.314961,
        -1.161089 -1.161089 0.314961,
        -1.419684 -1.091799 0.314961,
        -1.484252 -1.118544 0.314961,
        -1.539698 -1.161089 0.314961,
        -1.582243 -1.216535 0.314961,
        -1.608988 -1.281104 0.314961,
        1.608988 -1.419684 0.314961,
        1.582243 -1.484252 0.314961,
        1.419684 -1.091799 0.314961,
        1.350394 -1.618110 0.314961,
        1.419684 -1.608988 0.314961,
        1.484252 -1.582243 0.314961,
        1.539698 -1.539698 0.314961,
        1.618110 -1.350394 0.314961,
        1.608988 -1.281104 0.314961,
        1.582243 -1.216535 0.314961,
        1.539698 -1.161089 0.314961,
        1.484252 -1.118544 0.314961,
        1.350394 -1.082677 0.314961,
        1.281104 -1.091799 0.314961,
        1.216535 -1.118544 0.314961,
        1.118544 -1.484252 0.314961,
        1.161089 -1.539698 0.314961,
        1.216535 -1.582243 0.314961,
        1.281104 -1.608988 0.314961,
        1.118544 -1.216535 0.314961,
        1.091799 -1.281104 0.314961,
        1.082677 -1.350394 0.314961,
        1.091799 -1.419684 0.314961,
        1.161089 -1.161089 0.314961,
        1.419684 1.608988 0.314961,
        1.484252 1.582243 0.314961,
        1.618110 1.350394 0.314961,
        1.608988 1.419684 0.314961,
        1.582243 1.484252 0.314961,
        1.539698 1.539698 0.314961,
        1.350394 1.618110 0.314961,
        1.281104 1.608988 0.314961,
        1.216535 1.582243 0.314961,
        1.161089 1.539698 0.314961,
        1.082677 1.350394 0.314961,
        1.091799 1.419684 0.314961,
        1.118544 1.484252 0.314961,
        1.350394 1.082677 0.314961,
        1.419684 1.091799 0.314961,
        1.484252 1.118544 0.314961,
        1.539698 1.161089 0.314961,
        1.582243 1.216535 0.314961,
        1.608988 1.281104 0.314961,
        1.091799 1.281104 0.314961,
        1.118544 1.216535 0.314961,
        1.161089 1.161089 0.314961,
        1.216535 1.118544 0.314961,
        1.281104 1.091799 0.314961,
        1.082677 1.350394 -1.181102,
        1.091799 1.419684 -1.181102,
        1.118544 1.484252 -1.181102,
        1.161089 1.539698 -1.181102,
        1.216535 1.582243 -1.181102,
        1.281104 1.608988 -1.181102,
        1.350394 1.618110 -1.181102,
        1.419684 1.608988 -1.181102,
        1.484252 1.582243 -1.181102,
        1.539698 1.539698 -1.181102,
        1.582243 1.484252 -1.181102,
        1.608988 1.419684 -1.181102,
        1.618110 1.350394 -1.181102,
        1.608988 1.281104 -1.181102,
        1.582243 1.216535 -1.181102,
        1.539698 1.161089 -1.181102,
        1.484252 1.118544 -1.181102,
        1.419684 1.091799 -1.181102,
        1.350394 1.082677 -1.181102,
        1.281104 1.091799 -1.181102,
        1.216535 1.118544 -1.181102,
        1.161089 1.161089 -1.181102,
        1.118544 1.216535 -1.181102,
        1.091799 1.281104 -1.181102,
        1.350394 1.350394 -1.181102,
        -1.618110 1.350394 -1.181102,
        -1.608988 1.419684 -1.181102,
        -1.582243 1.484252 -1.181102,
        -1.539698 1.539698 -1.181102,
        -1.484252 1.582243 -1.181102,
        -1.419684 1.608988 -1.181102,
        -1.350394 1.618110 -1.181102,
        -1.281104 1.608988 -1.181102,
        -1.216535 1.582243 -1.181102,
        -1.161089 1.539698 -1.181102,
        -1.118544 1.484252 -1.181102,
        -1.091799 1.419684 -1.181102,
        -1.082677 1.350394 -1.181102,
        -1.091799 1.281104 -1.181102,
        -1.118544 1.216535 -1.181102,
        -1.161089 1.161089 -1.181102,
        -1.216535 1.118544 -1.181102,
        -1.281104 1.091799 -1.181102,
        -1.350394 1.082677 -1.181102,
        -1.419684 1.091799 -1.181102,
        -1.484252 1.118544 -1.181102,
        -1.539698 1.161089 -1.181102,
        -1.582243 1.216535 -1.181102,
        -1.608988 1.281104 -1.181102,
        -1.350394 1.350394 -1.181102,
        -1.618110 -1.350394 -1.181102,
        -1.608988 -1.281104 -1.181102,
        -1.582243 -1.216535 -1.181102,
        -1.539698 -1.161089 -1.181102,
        -1.484252 -1.118544 -1.181102,
        -1.419684 -1.091799 -1.181102,
        -1.350394 -1.082677 -1.181102,
        -1.281104 -1.091799 -1.181102,
        -1.216535 -1.118544 -1.181102,
        -1.161089 -1.161089 -1.181102,
        -1.118544 -1.216535 -1.181102,
        -1.091799 -1.281104 -1.181102,
        -1.082677 -1.350394 -1.181102,
        -1.091799 -1.419684 -1.181102,
        -1.118544 -1.484252 -1.181102,
        -1.161089 -1.539698 -1.181102,
        -1.216535 -1.582243 -1.181102,
        -1.281104 -1.608988 -1.181102,
        -1.350394 -1.618110 -1.181102,
        -1.419684 -1.608988 -1.181102,
        -1.484252 -1.582243 -1.181102,
        -1.539698 -1.539698 -1.181102,
        -1.582243 -1.484252 -1.181102,
        -1.608988 -1.419684 -1.181102,
        -1.350394 -1.350394 -1.181102,
        1.082677 -1.350394 -1.181102,
        1.091799 -1.281104 -1.181102,
        1.118544 -1.216535 -1.181102,
        1.161089 -1.161089 -1.181102,
        1.216535 -1.118544 -1.181102,
        1.281104 -1.091799 -1.181102,
        1.350394 -1.082677 -1.181102,
        1.419684 -1.091799 -1.181102,
        1.484252 -1.118544 -1.181102,
        1.539698 -1.161089 -1.181102,
        1.582243 -1.216535 -1.181102,
        1.608988 -1.281104 -1.181102,
        1.618110 -1.350394 -1.181102,
        1.608988 -1.419684 -1.181102,
        1.582243 -1.484252 -1.181102,
        1.539698 -1.539698 -1.181102,
        1.484252 -1.582243 -1.181102,
        1.419684 -1.608988 -1.181102,
        1.350394 -1.618110 -1.181102,
        1.281104 -1.608988 -1.181102,
        1.216535 -1.582243 -1.181102,
        1.161089 -1.539698 -1.181102,
        1.118544 -1.484252 -1.181102,
        1.091799 -1.419684 -1.181102,
        1.350394 -1.350394 -1.181102,
        2.086614 -0.137795 6.241647,
        2.086614 -0.071328 6.214115,
        2.086614 0.000000 6.480315,
        2.086614 -0.000000 6.204725,
        2.086614 0.071328 6.214115,
        2.086614 -0.266200 6.408987,
        2.086614 -0.238669 6.342519,
        2.086614 -0.194872 6.285443,
        2.086614 -0.238669 6.618110,
        2.086614 -0.266200 6.551643,
        2.086614 -0.275591 6.480315,
        2.086614 -0.071328 6.746515,
        2.086614 -0.137795 6.718983,
        2.086614 -0.194872 6.675187,
        2.086614 0.137795 6.718983,
        2.086614 0.071328 6.746515,
        2.086614 -0.000000 6.755906,
        2.086614 0.266200 6.551643,
        2.086614 0.238669 6.618110,
        2.086614 0.194872 6.675187,
        2.086614 0.238669 6.342519,
        2.086614 0.266200 6.408987,
        2.086614 0.275591 6.480315,
        2.086614 0.137795 6.241647,
        2.086614 0.194872 6.285443,
        2.007874 -0.091707 6.138058,
        2.007874 -0.177165 6.173456,
        2.007874 -0.306859 6.303150,
        2.007874 -0.250550 6.229766,
        2.007874 -0.342257 6.388607,
        2.007874 -0.354331 6.480315,
        2.007874 -0.342257 6.572022,
        2.007874 -0.177165 6.787175,
        2.007874 -0.250550 6.730865,
        2.007874 -0.306859 6.657480,
        2.007874 -0.091707 6.822572,
        2.007874 0.091707 6.822572,
        2.007874 0.000000 6.834646,
        2.007874 0.177165 6.787175,
        2.007874 0.306859 6.657480,
        2.007874 0.250550 6.730865,
        2.007874 0.342257 6.572022,
        2.007874 0.354331 6.480315,
        2.007874 0.342257 6.388607,
        2.007874 0.177165 6.173456,
        2.007874 0.250550 6.229766,
        2.007874 0.306859 6.303150,
        2.007874 0.091707 6.138058,
        2.007874 0.000000 6.125984,
        2.083931 0.076603 6.194430,
        2.083931 0.147985 6.223997,
        2.083931 0.209282 6.271033,
        2.083931 0.256318 6.332330,
        2.083931 0.285885 6.403713,
        2.083931 0.295970 6.480315,
        2.083931 0.285885 6.556918,
        2.083931 0.256318 6.628300,
        2.083931 0.209282 6.689597,
        2.083931 0.147985 6.736632,
        2.083931 0.076603 6.766200,
        2.083931 0.000000 6.776285,
        2.083931 -0.076603 6.766200,
        2.083931 -0.147985 6.736632,
        2.083931 -0.209282 6.689597,
        2.083931 -0.256318 6.628300,
        2.083931 -0.285885 6.556918,
        2.083931 -0.295970 6.480315,
        2.083931 -0.285885 6.403713,
        2.083931 -0.256318 6.332330,
        2.083931 -0.209282 6.271033,
        2.083931 -0.147985 6.223997,
        2.083931 -0.076603 6.194430,
        2.083931 0.000000 6.184345,
        2.076065 0.081518 6.176086,
        2.076065 0.157480 6.207551,
        2.076065 0.222711 6.257604,
        2.076065 0.272764 6.322834,
        2.076065 0.304229 6.398797,
        2.076065 0.314961 6.480315,
        2.076065 0.304229 6.561833,
        2.076065 0.272764 6.637796,
        2.076065 0.222711 6.703025,
        2.076065 0.157480 6.753079,
        2.076065 0.081518 6.784543,
        2.076065 0.000000 6.795276,
        2.076065 -0.081518 6.784543,
        2.076065 -0.157480 6.753079,
        2.076065 -0.222711 6.703025,
        2.076065 -0.272764 6.637796,
        2.076065 -0.304229 6.561833,
        2.076065 -0.314961 6.480315,
        2.076065 -0.304229 6.398797,
        2.076065 -0.272764 6.322834,
        2.076065 -0.222711 6.257604,
        2.076065 -0.157480 6.207551,
        2.076065 -0.081518 6.176086,
        2.076065 0.000000 6.165354,
        2.063552 0.085739 6.160334,
        2.063552 0.165634 6.193429,
        2.063552 0.234242 6.246073,
        2.063552 0.286887 6.314681,
        2.063552 0.319981 6.394577,
        2.063552 0.331268 6.480315,
        2.063552 0.319981 6.566054,
        2.063552 0.286887 6.645949,
        2.063552 0.234242 6.714557,
        2.063552 0.165634 6.767202,
        2.063552 0.085739 6.800296,
        2.063552 0.000000 6.811583,
        2.063552 -0.085739 6.800296,
        2.063552 -0.165634 6.767202,
        2.063552 -0.234242 6.714557,
        2.063552 -0.286887 6.645949,
        2.063552 -0.319981 6.566054,
        2.063552 -0.331268 6.480315,
        2.063552 -0.319981 6.394577,
        2.063552 -0.286887 6.314681,
        2.063552 -0.234242 6.246073,
        2.063552 -0.165634 6.193429,
        2.063552 -0.085739 6.160334,
        2.063552 0.000000 6.149047,
        2.047244 0.088977 6.148248,
        2.047244 0.171891 6.182591,
        2.047244 0.243090 6.237225,
        2.047244 0.297724 6.308424,
        2.047244 0.332067 6.391337,
        2.047244 0.343781 6.480315,
        2.047244 0.332067 6.569293,
        2.047244 0.297724 6.652206,
        2.047244 0.243090 6.723406,
        2.047244 0.171891 6.778039,
        2.047244 0.088977 6.812383,
        2.047244 0.000000 6.824097,
        2.047244 -0.088977 6.812383,
        2.047244 -0.171891 6.778039,
        2.047244 -0.243090 6.723406,
        2.047244 -0.297724 6.652206,
        2.047244 -0.332067 6.569293,
        2.047244 -0.343781 6.480315,
        2.047244 -0.332067 6.391337,
        2.047244 -0.297724 6.308424,
        2.047244 -0.243090 6.237225,
        2.047244 -0.171891 6.182591,
        2.047244 -0.088977 6.148248,
        2.047244 0.000000 6.136533,
        2.028254 0.091013 6.140649,
        2.028254 0.175824 6.175779,
        2.028254 0.248652 6.231663,
        2.028254 0.304536 6.304492,
        2.028254 0.339666 6.389302,
        2.028254 0.351648 6.480315,
        2.028254 0.339666 6.571328,
        2.028254 0.304536 6.656139,
        2.028254 0.248652 6.728968,
        2.028254 0.175824 6.784851,
        2.028254 0.091013 6.819980,
        2.028254 0.000000 6.831962,
        2.028254 -0.091013 6.819980,
        2.028254 -0.175824 6.784851,
        2.028254 -0.248652 6.728968,
        2.028254 -0.304536 6.656139,
        2.028254 -0.339666 6.571328,
        2.028254 -0.351648 6.480315,
        2.028254 -0.339666 6.389302,
        2.028254 -0.304536 6.304492,
        2.028254 -0.248652 6.231663,
        2.028254 -0.175824 6.175779,
        2.028254 -0.091013 6.140649,
        2.028254 0.000000 6.128667,
        -2.086614 -0.137795 6.718983,
        -2.086614 -0.071328 6.746515,
        -2.086614 0.000000 6.480315,
        -2.086614 -0.000000 6.755906,
        -2.086614 0.071328 6.746515,
        -2.086614 -0.266200 6.551643,
        -2.086614 -0.238669 6.618110,
        -2.086614 -0.194872 6.675187,
        -2.086614 -0.238669 6.342519,
        -2.086614 -0.266200 6.408987,
        -2.086614 -0.275591 6.480315,
        -2.086614 -0.071328 6.214115,
        -2.086614 -0.137795 6.241647,
        -2.086614 -0.194872 6.285443,
        -2.086614 0.137795 6.241647,
        -2.086614 0.071328 6.214115,
        -2.086614 -0.000000 6.204725,
        -2.086614 0.266200 6.408987,
        -2.086614 0.238669 6.342519,
        -2.086614 0.194872 6.285443,
        -2.086614 0.238669 6.618110,
        -2.086614 0.266200 6.551643,
        -2.086614 0.275591 6.480315,
        -2.086614 0.137795 6.718983,
        -2.086614 0.194872 6.675187,
        -2.007874 -0.091707 6.138058,
        -2.007874 -0.091707 6.822572,
        -2.007874 -0.177165 6.787175,
        -2.007874 -0.250550 6.730865,
        -2.007874 -0.306859 6.657480,
        -2.007874 -0.342257 6.572022,
        -2.007874 -0.354331 6.480315,
        -2.007874 -0.342257 6.388607,
        -2.007874 -0.306859 6.303150,
        -2.007874 -0.250550 6.229766,
        -2.007874 -0.177165 6.173456,
        -2.007874 0.000000 6.125984,
        -2.007874 0.091707 6.138058,
        -2.007874 0.177165 6.173456,
        -2.007874 0.250550 6.229766,
        -2.007874 0.306859 6.303150,
        -2.007874 0.342257 6.388607,
        -2.007874 0.354331 6.480315,
        -2.007874 0.342257 6.572022,
        -2.007874 0.306859 6.657480,
        -2.007874 0.250550 6.730865,
        -2.007874 0.177165 6.787175,
        -2.007874 0.091707 6.822572,
        -2.007874 0.000000 6.834646,
        -2.083931 0.076603 6.766200,
        -2.083931 0.147985 6.736632,
        -2.083931 0.209282 6.689597,
        -2.083931 0.256318 6.628300,
        -2.083931 0.285885 6.556918,
        -2.083931 0.295970 6.480315,
        -2.083931 0.285885 6.403713,
        -2.083931 0.256318 6.332330,
        -2.083931 0.209282 6.271033,
        -2.083931 0.147985 6.223997,
        -2.083931 0.076603 6.194430,
        -2.083931 0.000000 6.184345,
        -2.083931 -0.076603 6.194430,
        -2.083931 -0.147985 6.223997,
        -2.083931 -0.209282 6.271033,
        -2.083931 -0.256318 6.332330,
        -2.083931 -0.285885 6.403713,
        -2.083931 -0.295970 6.480315,
        -2.083931 -0.285885 6.556918,
        -2.083931 -0.256318 6.628300,
        -2.083931 -0.209282 6.689597,
        -2.083931 -0.147985 6.736632,
        -2.083931 -0.076603 6.766200,
        -2.083931 0.000000 6.776285,
        -2.076065 0.081518 6.784543,
        -2.076065 0.157480 6.753079,
        -2.076065 0.222711 6.703025,
        -2.076065 0.272764 6.637796,
        -2.076065 0.304229 6.561833,
        -2.076065 0.314961 6.480315,
        -2.076065 0.304229 6.398797,
        -2.076065 0.272764 6.322834,
        -2.076065 0.222711 6.257604,
        -2.076065 0.157480 6.207551,
        -2.076065 0.081518 6.176086,
        -2.076065 0.000000 6.165354,
        -2.076065 -0.081518 6.176086,
        -2.076065 -0.157480 6.207551,
        -2.076065 -0.222711 6.257604,
        -2.076065 -0.272764 6.322834,
        -2.076065 -0.304229 6.398797,
        -2.076065 -0.314961 6.480315,
        -2.076065 -0.304229 6.561833,
        -2.076065 -0.272764 6.637796,
        -2.076065 -0.222711 6.703025,
        -2.076065 -0.157480 6.753079,
        -2.076065 -0.081518 6.784543,
        -2.076065 0.000000 6.795276,
        -2.063552 0.085739 6.800296,
        -2.063552 0.165634 6.767202,
        -2.063552 0.234242 6.714557,
        -2.063552 0.286887 6.645949,
        -2.063552 0.319981 6.566054,
        -2.063552 0.331268 6.480315,
        -2.063552 0.319981 6.394577,
        -2.063552 0.286887 6.314681,
        -2.063552 0.234242 6.246073,
        -2.063552 0.165634 6.193429,
        -2.063552 0.085739 6.160334,
        -2.063552 0.000000 6.149047,
        -2.063552 -0.085739 6.160334,
        -2.063552 -0.165634 6.193429,
        -2.063552 -0.234242 6.246073,
        -2.063552 -0.286887 6.314681,
        -2.063552 -0.319981 6.394577,
        -2.063552 -0.331268 6.480315,
        -2.063552 -0.319981 6.566054,
        -2.063552 -0.286887 6.645949,
        -2.063552 -0.234242 6.714557,
        -2.063552 -0.165634 6.767202,
        -2.063552 -0.085739 6.800296,
        -2.063552 0.000000 6.811583,
        -2.047244 0.088977 6.812383,
        -2.047244 0.171891 6.778039,
        -2.047244 0.243090 6.723406,
        -2.047244 0.297724 6.652206,
        -2.047244 0.332067 6.569293,
        -2.047244 0.343781 6.480315,
        -2.047244 0.332067 6.391337,
        -2.047244 0.297724 6.308424,
        -2.047244 0.243090 6.237225,
        -2.047244 0.171891 6.182591,
        -2.047244 0.088977 6.148248,
        -2.047244 0.000000 6.136533,
        -2.047244 -0.088977 6.148248,
        -2.047244 -0.171891 6.182591,
        -2.047244 -0.243090 6.237225,
        -2.047244 -0.297724 6.308424,
        -2.047244 -0.332067 6.391337,
        -2.047244 -0.343781 6.480315,
        -2.047244 -0.332067 6.569293,
        -2.047244 -0.297724 6.652206,
        -2.047244 -0.243090 6.723406,
        -2.047244 -0.171891 6.778039,
        -2.047244 -0.088977 6.812383,
        -2.047244 0.000000 6.824097,
        -2.028254 0.091013 6.819980,
        -2.028254 0.175824 6.784851,
        -2.028254 0.248652 6.728968,
        -2.028254 0.304536 6.656139,
        -2.028254 0.339666 6.571328,
        -2.028254 0.351648 6.480315,
        -2.028254 0.339666 6.389302,
        -2.028254 0.304536 6.304492,
        -2.028254 0.248652 6.231663,
        -2.028254 0.175824 6.175779,
        -2.028254 0.091013 6.140649,
        -2.028254 0.000000 6.128667,
        -2.028254 -0.091013 6.140649,
        -2.028254 -0.175824 6.175779,
        -2.028254 -0.248652 6.231663,
        -2.028254 -0.304536 6.304492,
        -2.028254 -0.339666 6.389302,
        -2.028254 -0.351648 6.480315,
        -2.028254 -0.339666 6.571328,
        -2.028254 -0.304536 6.656139,
        -2.028254 -0.248652 6.728968,
        -2.028254 -0.175824 6.784851,
        -2.028254 -0.091013 6.819980,
        -2.028254 0.000000 6.831962,
      ]
    }
    coordIndex [
      0, 1, 2, -1,
      3, 4, 5, -1,
      5, 4, 6, -1,
      5, 6, 7, -1,
      8, 9, 10, -1,
      9, 11, 10, -1,
      10, 11, 12, -1,
      10, 12, 5, -1,
      5, 12, 13, -1,
      5, 13, 3, -1,
      14, 15, 16, -1,
      16, 15, 17, -1,
      16, 17, 18, -1,
      18, 19, 16, -1,
      16, 19, 20, -1,
      16, 20, 21, -1,
      22, 23, 24, -1,
      24, 23, 25, -1,
      24, 25, 26, -1,
      26, 25, 16, -1,
      26, 16, 27, -1,
      27, 16, 21, -1,
      28, 29, 1, -1,
      1, 29, 30, -1,
      30, 31, 1, -1,
      1, 31, 32, -1,
      1, 32, 2, -1,
      14, 33, 15, -1,
      15, 33, 34, -1,
      15, 34, 2, -1,
      2, 34, 35, -1,
      2, 35, 0, -1,
      36, 37, 38, -1,
      38, 37, 39, -1,
      40, 41, 1, -1,
      1, 41, 42, -1,
      1, 42, 28, -1,
      37, 43, 39, -1,
      39, 43, 41, -1,
      39, 41, 44, -1,
      44, 41, 40, -1,
      7, 45, 5, -1,
      5, 45, 46, -1,
      5, 46, 47, -1,
      47, 46, 48, -1,
      47, 48, 49, -1,
      49, 48, 50, -1,
      49, 50, 51, -1,
      51, 52, 49, -1,
      49, 52, 53, -1,
      49, 53, 54, -1,
      54, 55, 49, -1,
      49, 55, 56, -1,
      49, 56, 38, -1,
      38, 56, 57, -1,
      38, 57, 36, -1,
      58, 59, 60, -1,
      60, 59, 61, -1,
      60, 61, 62, -1,
      62, 61, 63, -1,
      62, 63, 64, -1,
      64, 63, 65, -1,
      65, 63, 66, -1,
      66, 63, 67, -1,
      66, 67, 68, -1,
      69, 70, 71, -1,
      71, 70, 72, -1,
      71, 72, 73, -1,
      73, 74, 71, -1,
      71, 74, 75, -1,
      71, 75, 76, -1,
      77, 78, 79, -1,
      77, 79, 80, -1,
      76, 81, 71, -1,
      71, 81, 82, -1,
      71, 82, 79, -1,
      79, 82, 83, -1,
      79, 83, 80, -1,
      84, 85, 60, -1,
      60, 85, 86, -1,
      60, 86, 58, -1,
      78, 87, 79, -1,
      79, 87, 85, -1,
      79, 85, 88, -1,
      88, 85, 84, -1,
      89, 90, 91, -1,
      91, 90, 92, -1,
      91, 92, 69, -1,
      69, 92, 93, -1,
      69, 93, 94, -1,
      94, 95, 69, -1,
      69, 95, 96, -1,
      69, 96, 70, -1,
      68, 97, 66, -1,
      66, 97, 98, -1,
      66, 98, 99, -1,
      99, 98, 100, -1,
      99, 100, 101, -1,
      101, 100, 102, -1,
      102, 100, 103, -1,
      102, 103, 104, -1,
      104, 105, 102, -1,
      102, 105, 106, -1,
      102, 106, 107, -1,
      108, 109, 110, -1,
      110, 111, 108, -1,
      108, 111, 112, -1,
      108, 112, 113, -1,
      113, 114, 108, -1,
      108, 114, 115, -1,
      108, 115, 91, -1,
      91, 115, 116, -1,
      91, 116, 89, -1,
      117, 118, 119, -1,
      119, 118, 38, -1,
      119, 38, 120, -1,
      120, 38, 39, -1,
      121, 122, 123, -1,
      123, 122, 118, -1,
      123, 118, 124, -1,
      124, 118, 117, -1,
      125, 126, 127, -1,
      127, 126, 122, -1,
      127, 122, 128, -1,
      128, 122, 121, -1,
      129, 130, 131, -1,
      131, 130, 126, -1,
      131, 126, 132, -1,
      132, 126, 125, -1,
      133, 134, 135, -1,
      135, 134, 130, -1,
      135, 130, 136, -1,
      136, 130, 129, -1,
      133, 137, 134, -1,
      134, 137, 138, -1,
      134, 138, 139, -1,
      139, 138, 140, -1,
      139, 140, 141, -1,
      141, 140, 142, -1,
      142, 143, 141, -1,
      141, 143, 144, -1,
      141, 144, 145, -1,
      145, 144, 146, -1,
      146, 147, 145, -1,
      145, 147, 148, -1,
      145, 148, 149, -1,
      150, 151, 152, -1,
      152, 151, 145, -1,
      152, 145, 153, -1,
      153, 145, 149, -1,
      154, 155, 156, -1,
      156, 155, 151, -1,
      156, 151, 157, -1,
      157, 151, 150, -1,
      158, 159, 160, -1,
      160, 159, 155, -1,
      160, 155, 161, -1,
      161, 155, 154, -1,
      162, 163, 164, -1,
      164, 163, 159, -1,
      164, 159, 165, -1,
      165, 159, 158, -1,
      166, 167, 168, -1,
      168, 167, 163, -1,
      168, 163, 169, -1,
      169, 163, 162, -1,
      170, 171, 172, -1,
      172, 171, 167, -1,
      172, 167, 173, -1,
      173, 167, 166, -1,
      107, 109, 102, -1,
      102, 109, 108, -1,
      102, 108, 174, -1,
      174, 108, 171, -1,
      174, 171, 175, -1,
      175, 171, 170, -1,
      176, 177, 178, -1,
      178, 177, 71, -1,
      178, 71, 179, -1,
      179, 71, 79, -1,
      180, 181, 182, -1,
      182, 181, 177, -1,
      182, 177, 183, -1,
      183, 177, 176, -1,
      184, 185, 186, -1,
      186, 185, 181, -1,
      186, 181, 187, -1,
      187, 181, 180, -1,
      188, 189, 190, -1,
      190, 189, 185, -1,
      190, 185, 191, -1,
      191, 185, 184, -1,
      192, 193, 194, -1,
      194, 193, 189, -1,
      194, 189, 195, -1,
      195, 189, 188, -1,
      192, 196, 193, -1,
      193, 196, 197, -1,
      193, 197, 198, -1,
      198, 197, 199, -1,
      198, 199, 200, -1,
      200, 199, 201, -1,
      201, 202, 200, -1,
      200, 202, 203, -1,
      200, 203, 204, -1,
      204, 203, 205, -1,
      205, 206, 204, -1,
      204, 206, 207, -1,
      204, 207, 208, -1,
      209, 210, 211, -1,
      211, 210, 204, -1,
      211, 204, 212, -1,
      212, 204, 208, -1,
      213, 214, 215, -1,
      215, 214, 210, -1,
      215, 210, 216, -1,
      216, 210, 209, -1,
      217, 218, 219, -1,
      219, 218, 214, -1,
      219, 214, 220, -1,
      220, 214, 213, -1,
      221, 222, 223, -1,
      223, 222, 218, -1,
      223, 218, 224, -1,
      224, 218, 217, -1,
      225, 226, 227, -1,
      227, 226, 222, -1,
      227, 222, 228, -1,
      228, 222, 221, -1,
      229, 230, 231, -1,
      231, 230, 226, -1,
      231, 226, 232, -1,
      232, 226, 225, -1,
      24, 8, 22, -1,
      22, 8, 10, -1,
      22, 10, 233, -1,
      233, 10, 230, -1,
      233, 230, 234, -1,
      234, 230, 229, -1,
      235, 236, 237, -1,
      235, 237, 238, -1,
      238, 237, 239, -1,
      238, 239, 240, -1,
      240, 239, 241, -1,
      241, 239, 242, -1,
      241, 242, 243, -1,
      243, 242, 244, -1,
      243, 244, 245, -1,
      246, 247, 248, -1,
      246, 248, 249, -1,
      248, 250, 249, -1,
      249, 250, 251, -1,
      249, 251, 252, -1,
      252, 251, 253, -1,
      252, 253, 254, -1,
      254, 253, 255, -1,
      254, 255, 256, -1,
      257, 258, 259, -1,
      259, 258, 260, -1,
      259, 260, 261, -1,
      261, 260, 262, -1,
      261, 262, 263, -1,
      263, 262, 264, -1,
      264, 262, 265, -1,
      264, 265, 266, -1,
      266, 265, 267, -1,
      266, 267, 268, -1,
      269, 270, 271, -1,
      272, 273, 274, -1,
      275, 276, 277, -1,
      278, 279, 280, -1,
      280, 279, 281, -1,
      280, 281, 276, -1,
      276, 281, 282, -1,
      276, 282, 277, -1,
      278, 280, 283, -1,
      283, 280, 284, -1,
      283, 284, 285, -1,
      285, 284, 286, -1,
      285, 286, 287, -1,
      288, 289, 290, -1,
      290, 291, 288, -1,
      288, 291, 292, -1,
      288, 292, 286, -1,
      286, 292, 293, -1,
      286, 293, 287, -1,
      294, 295, 296, -1,
      296, 295, 297, -1,
      296, 297, 289, -1,
      289, 297, 298, -1,
      289, 298, 290, -1,
      299, 300, 301, -1,
      301, 300, 302, -1,
      301, 302, 294, -1,
      294, 302, 303, -1,
      294, 303, 295, -1,
      299, 301, 304, -1,
      304, 301, 305, -1,
      304, 305, 306, -1,
      306, 305, 307, -1,
      306, 307, 308, -1,
      274, 273, 307, -1,
      307, 273, 309, -1,
      307, 309, 308, -1,
      272, 274, 310, -1,
      310, 274, 311, -1,
      310, 311, 312, -1,
      312, 311, 313, -1,
      312, 313, 314, -1,
      315, 316, 313, -1,
      313, 316, 317, -1,
      313, 317, 314, -1,
      318, 319, 320, -1,
      320, 321, 318, -1,
      318, 321, 322, -1,
      318, 322, 315, -1,
      315, 322, 323, -1,
      315, 323, 316, -1,
      324, 325, 326, -1,
      326, 325, 327, -1,
      326, 327, 319, -1,
      319, 327, 328, -1,
      319, 328, 320, -1,
      329, 330, 331, -1,
      331, 330, 332, -1,
      331, 332, 324, -1,
      324, 332, 333, -1,
      324, 333, 325, -1,
      334, 335, 336, -1,
      336, 337, 334, -1,
      334, 337, 338, -1,
      334, 338, 329, -1,
      329, 338, 339, -1,
      329, 339, 330, -1,
      271, 270, 340, -1,
      270, 341, 340, -1,
      340, 341, 342, -1,
      340, 342, 335, -1,
      335, 342, 343, -1,
      335, 343, 336, -1,
      269, 271, 344, -1,
      344, 271, 345, -1,
      344, 345, 346, -1,
      346, 345, 347, -1,
      346, 347, 348, -1,
      349, 350, 351, -1,
      351, 350, 352, -1,
      351, 352, 353, -1,
      353, 352, 354, -1,
      353, 354, 347, -1,
      347, 354, 355, -1,
      347, 355, 348, -1,
      349, 351, 356, -1,
      356, 351, 357, -1,
      356, 357, 358, -1,
      358, 357, 359, -1,
      358, 359, 360, -1,
      361, 362, 359, -1,
      359, 362, 363, -1,
      359, 363, 360, -1,
      364, 365, 366, -1,
      366, 365, 367, -1,
      366, 367, 368, -1,
      368, 367, 369, -1,
      368, 369, 361, -1,
      361, 369, 370, -1,
      361, 370, 362, -1,
      364, 366, 371, -1,
      371, 366, 372, -1,
      371, 372, 373, -1,
      373, 372, 374, -1,
      373, 374, 375, -1,
      376, 377, 374, -1,
      374, 377, 378, -1,
      374, 378, 375, -1,
      379, 380, 381, -1,
      381, 380, 382, -1,
      381, 382, 376, -1,
      376, 382, 383, -1,
      376, 383, 377, -1,
      277, 384, 275, -1,
      275, 384, 385, -1,
      275, 385, 379, -1,
      379, 385, 386, -1,
      379, 386, 380, -1,
      387, 388, 389, -1,
      389, 388, 390, -1,
      389, 390, 391, -1,
      392, 393, 394, -1,
      394, 393, 395, -1,
      394, 395, 387, -1,
      387, 395, 396, -1,
      387, 396, 388, -1,
      397, 398, 392, -1,
      392, 398, 399, -1,
      392, 399, 393, -1,
      400, 401, 402, -1,
      402, 401, 403, -1,
      402, 403, 397, -1,
      397, 403, 404, -1,
      397, 404, 398, -1,
      405, 406, 407, -1,
      407, 406, 408, -1,
      407, 408, 400, -1,
      400, 408, 409, -1,
      400, 409, 401, -1,
      410, 411, 412, -1,
      412, 411, 413, -1,
      412, 413, 405, -1,
      405, 413, 414, -1,
      405, 414, 406, -1,
      415, 416, 417, -1,
      417, 416, 418, -1,
      417, 418, 410, -1,
      410, 418, 419, -1,
      410, 419, 411, -1,
      420, 421, 422, -1,
      422, 421, 423, -1,
      422, 423, 415, -1,
      415, 423, 424, -1,
      415, 424, 416, -1,
      425, 426, 427, -1,
      427, 426, 428, -1,
      427, 428, 429, -1,
      429, 428, 430, -1,
      429, 430, 420, -1,
      420, 430, 431, -1,
      420, 431, 421, -1,
      432, 433, 434, -1,
      434, 433, 435, -1,
      434, 435, 425, -1,
      425, 435, 436, -1,
      425, 436, 426, -1,
      437, 438, 439, -1,
      439, 438, 440, -1,
      439, 440, 432, -1,
      432, 440, 441, -1,
      432, 441, 433, -1,
      442, 443, 444, -1,
      444, 443, 445, -1,
      444, 445, 437, -1,
      437, 445, 446, -1,
      437, 446, 438, -1,
      447, 448, 449, -1,
      449, 448, 450, -1,
      449, 450, 442, -1,
      442, 450, 451, -1,
      442, 451, 443, -1,
      452, 453, 454, -1,
      454, 453, 455, -1,
      454, 455, 447, -1,
      447, 455, 456, -1,
      447, 456, 448, -1,
      457, 458, 459, -1,
      459, 458, 460, -1,
      459, 460, 452, -1,
      452, 460, 461, -1,
      452, 461, 453, -1,
      462, 463, 464, -1,
      464, 463, 465, -1,
      464, 465, 457, -1,
      457, 465, 466, -1,
      457, 466, 458, -1,
      467, 468, 469, -1,
      469, 468, 470, -1,
      469, 470, 462, -1,
      462, 470, 471, -1,
      462, 471, 463, -1,
      472, 473, 474, -1,
      474, 473, 475, -1,
      474, 475, 476, -1,
      476, 475, 477, -1,
      476, 477, 478, -1,
      478, 477, 479, -1,
      478, 479, 480, -1,
      480, 479, 481, -1,
      480, 481, 467, -1,
      467, 481, 482, -1,
      467, 482, 468, -1,
      483, 484, 485, -1,
      485, 484, 486, -1,
      485, 486, 472, -1,
      472, 486, 487, -1,
      472, 487, 473, -1,
      488, 489, 490, -1,
      490, 489, 491, -1,
      490, 491, 483, -1,
      483, 491, 492, -1,
      483, 492, 484, -1,
      493, 494, 488, -1,
      488, 494, 495, -1,
      488, 495, 489, -1,
      496, 497, 498, -1,
      498, 497, 499, -1,
      498, 499, 493, -1,
      493, 499, 500, -1,
      493, 500, 494, -1,
      501, 502, 503, -1,
      503, 502, 504, -1,
      503, 504, 496, -1,
      496, 504, 505, -1,
      496, 505, 497, -1,
      506, 507, 508, -1,
      508, 507, 509, -1,
      508, 509, 501, -1,
      501, 509, 510, -1,
      501, 510, 502, -1,
      511, 512, 513, -1,
      513, 512, 514, -1,
      513, 514, 506, -1,
      506, 514, 515, -1,
      506, 515, 507, -1,
      516, 517, 518, -1,
      518, 517, 519, -1,
      518, 519, 511, -1,
      511, 519, 520, -1,
      511, 520, 512, -1,
      521, 522, 523, -1,
      523, 522, 524, -1,
      523, 524, 525, -1,
      525, 524, 526, -1,
      525, 526, 516, -1,
      516, 526, 527, -1,
      516, 527, 517, -1,
      528, 529, 530, -1,
      530, 529, 531, -1,
      530, 531, 521, -1,
      521, 531, 532, -1,
      521, 532, 522, -1,
      533, 534, 535, -1,
      535, 534, 536, -1,
      535, 536, 528, -1,
      528, 536, 537, -1,
      528, 537, 529, -1,
      538, 539, 540, -1,
      540, 539, 541, -1,
      540, 541, 533, -1,
      533, 541, 542, -1,
      533, 542, 534, -1,
      543, 544, 545, -1,
      545, 544, 546, -1,
      545, 546, 538, -1,
      538, 546, 547, -1,
      538, 547, 539, -1,
      548, 549, 550, -1,
      550, 549, 551, -1,
      550, 551, 543, -1,
      543, 551, 552, -1,
      543, 552, 544, -1,
      553, 554, 555, -1,
      555, 554, 556, -1,
      555, 556, 548, -1,
      548, 556, 557, -1,
      548, 557, 549, -1,
      558, 559, 560, -1,
      560, 559, 561, -1,
      560, 561, 553, -1,
      553, 561, 562, -1,
      553, 562, 554, -1,
      563, 564, 565, -1,
      565, 564, 566, -1,
      565, 566, 558, -1,
      558, 566, 567, -1,
      558, 567, 559, -1,
      568, 384, 569, -1,
      569, 384, 277, -1,
      569, 277, 570, -1,
      570, 277, 282, -1,
      570, 282, 571, -1,
      571, 282, 281, -1,
      571, 281, 572, -1,
      572, 281, 279, -1,
      572, 279, 573, -1,
      573, 279, 278, -1,
      573, 278, 574, -1,
      574, 278, 283, -1,
      574, 283, 575, -1,
      575, 283, 285, -1,
      575, 285, 576, -1,
      576, 285, 287, -1,
      576, 287, 577, -1,
      577, 287, 293, -1,
      577, 293, 578, -1,
      578, 293, 292, -1,
      578, 292, 579, -1,
      579, 292, 291, -1,
      579, 291, 580, -1,
      580, 291, 290, -1,
      580, 290, 581, -1,
      581, 290, 298, -1,
      581, 298, 582, -1,
      582, 298, 297, -1,
      582, 297, 583, -1,
      583, 297, 295, -1,
      583, 295, 584, -1,
      584, 295, 303, -1,
      584, 303, 585, -1,
      585, 303, 302, -1,
      585, 302, 586, -1,
      586, 302, 300, -1,
      586, 300, 587, -1,
      587, 300, 299, -1,
      587, 299, 588, -1,
      588, 299, 304, -1,
      588, 304, 589, -1,
      589, 304, 306, -1,
      589, 306, 590, -1,
      590, 306, 308, -1,
      590, 308, 591, -1,
      591, 308, 309, -1,
      591, 309, 592, -1,
      592, 309, 273, -1,
      592, 273, 593, -1,
      593, 273, 272, -1,
      593, 272, 594, -1,
      594, 272, 310, -1,
      594, 310, 595, -1,
      595, 310, 312, -1,
      595, 312, 596, -1,
      596, 312, 314, -1,
      596, 314, 597, -1,
      597, 314, 317, -1,
      597, 317, 598, -1,
      598, 317, 316, -1,
      598, 316, 599, -1,
      599, 316, 323, -1,
      599, 323, 600, -1,
      600, 323, 322, -1,
      600, 322, 601, -1,
      601, 322, 321, -1,
      601, 321, 602, -1,
      602, 321, 320, -1,
      602, 320, 603, -1,
      603, 320, 328, -1,
      603, 328, 604, -1,
      604, 328, 327, -1,
      604, 327, 605, -1,
      605, 327, 325, -1,
      605, 325, 606, -1,
      606, 325, 333, -1,
      606, 333, 607, -1,
      607, 333, 332, -1,
      607, 332, 608, -1,
      608, 332, 330, -1,
      608, 330, 609, -1,
      609, 330, 339, -1,
      609, 339, 610, -1,
      610, 339, 338, -1,
      610, 338, 611, -1,
      611, 338, 337, -1,
      611, 337, 612, -1,
      612, 337, 336, -1,
      612, 336, 613, -1,
      613, 336, 343, -1,
      613, 343, 614, -1,
      614, 343, 342, -1,
      614, 342, 615, -1,
      615, 342, 341, -1,
      615, 341, 616, -1,
      616, 341, 270, -1,
      616, 270, 617, -1,
      617, 270, 269, -1,
      617, 269, 618, -1,
      618, 269, 344, -1,
      618, 344, 619, -1,
      619, 344, 346, -1,
      619, 346, 620, -1,
      620, 346, 348, -1,
      620, 348, 621, -1,
      621, 348, 355, -1,
      621, 355, 622, -1,
      622, 355, 354, -1,
      622, 354, 623, -1,
      623, 354, 352, -1,
      623, 352, 624, -1,
      624, 352, 350, -1,
      624, 350, 625, -1,
      625, 350, 349, -1,
      625, 349, 626, -1,
      626, 349, 356, -1,
      626, 356, 627, -1,
      627, 356, 358, -1,
      627, 358, 628, -1,
      628, 358, 360, -1,
      628, 360, 629, -1,
      629, 360, 363, -1,
      629, 363, 630, -1,
      630, 363, 362, -1,
      630, 362, 631, -1,
      631, 362, 370, -1,
      631, 370, 632, -1,
      632, 370, 369, -1,
      632, 369, 633, -1,
      633, 369, 367, -1,
      633, 367, 634, -1,
      634, 367, 365, -1,
      634, 365, 635, -1,
      635, 365, 364, -1,
      635, 364, 636, -1,
      636, 364, 371, -1,
      636, 371, 637, -1,
      637, 371, 373, -1,
      637, 373, 638, -1,
      638, 373, 375, -1,
      638, 375, 639, -1,
      639, 375, 378, -1,
      639, 378, 640, -1,
      640, 378, 377, -1,
      640, 377, 641, -1,
      641, 377, 383, -1,
      641, 383, 642, -1,
      642, 383, 382, -1,
      642, 382, 643, -1,
      643, 382, 380, -1,
      643, 380, 644, -1,
      644, 380, 386, -1,
      644, 386, 645, -1,
      645, 386, 385, -1,
      645, 385, 568, -1,
      568, 385, 384, -1,
      646, 568, 647, -1,
      647, 568, 569, -1,
      647, 569, 648, -1,
      648, 569, 570, -1,
      648, 570, 391, -1,
      391, 570, 571, -1,
      391, 571, 389, -1,
      389, 571, 572, -1,
      389, 572, 387, -1,
      387, 572, 573, -1,
      387, 573, 394, -1,
      394, 573, 574, -1,
      394, 574, 392, -1,
      392, 574, 575, -1,
      392, 575, 397, -1,
      397, 575, 576, -1,
      397, 576, 402, -1,
      402, 576, 577, -1,
      402, 577, 400, -1,
      400, 577, 578, -1,
      400, 578, 407, -1,
      407, 578, 579, -1,
      407, 579, 405, -1,
      405, 579, 580, -1,
      405, 580, 412, -1,
      412, 580, 581, -1,
      412, 581, 410, -1,
      410, 581, 582, -1,
      410, 582, 417, -1,
      417, 582, 583, -1,
      417, 583, 415, -1,
      415, 583, 584, -1,
      415, 584, 422, -1,
      422, 584, 585, -1,
      422, 585, 420, -1,
      420, 585, 586, -1,
      420, 586, 429, -1,
      429, 586, 587, -1,
      429, 587, 427, -1,
      427, 587, 588, -1,
      427, 588, 425, -1,
      425, 588, 589, -1,
      425, 589, 434, -1,
      434, 589, 590, -1,
      434, 590, 432, -1,
      432, 590, 591, -1,
      432, 591, 439, -1,
      439, 591, 592, -1,
      439, 592, 437, -1,
      437, 592, 593, -1,
      437, 593, 444, -1,
      444, 593, 594, -1,
      444, 594, 442, -1,
      442, 594, 595, -1,
      442, 595, 449, -1,
      449, 595, 596, -1,
      449, 596, 447, -1,
      447, 596, 597, -1,
      447, 597, 454, -1,
      454, 597, 598, -1,
      454, 598, 452, -1,
      452, 598, 599, -1,
      452, 599, 459, -1,
      459, 599, 600, -1,
      459, 600, 457, -1,
      457, 600, 601, -1,
      457, 601, 464, -1,
      464, 601, 602, -1,
      464, 602, 462, -1,
      462, 602, 603, -1,
      462, 603, 469, -1,
      469, 603, 604, -1,
      469, 604, 467, -1,
      467, 604, 605, -1,
      467, 605, 480, -1,
      480, 605, 606, -1,
      480, 606, 478, -1,
      478, 606, 607, -1,
      478, 607, 476, -1,
      476, 607, 608, -1,
      476, 608, 474, -1,
      474, 608, 609, -1,
      474, 609, 472, -1,
      472, 609, 610, -1,
      472, 610, 485, -1,
      485, 610, 611, -1,
      485, 611, 483, -1,
      483, 611, 612, -1,
      483, 612, 490, -1,
      490, 612, 613, -1,
      490, 613, 488, -1,
      488, 613, 614, -1,
      488, 614, 493, -1,
      493, 614, 615, -1,
      493, 615, 498, -1,
      498, 615, 616, -1,
      498, 616, 496, -1,
      496, 616, 617, -1,
      496, 617, 503, -1,
      503, 617, 618, -1,
      503, 618, 501, -1,
      501, 618, 619, -1,
      501, 619, 508, -1,
      508, 619, 620, -1,
      508, 620, 506, -1,
      506, 620, 621, -1,
      506, 621, 513, -1,
      513, 621, 622, -1,
      513, 622, 511, -1,
      511, 622, 623, -1,
      511, 623, 518, -1,
      518, 623, 624, -1,
      518, 624, 516, -1,
      516, 624, 625, -1,
      516, 625, 525, -1,
      525, 625, 626, -1,
      525, 626, 523, -1,
      523, 626, 627, -1,
      523, 627, 521, -1,
      521, 627, 628, -1,
      521, 628, 530, -1,
      530, 628, 629, -1,
      530, 629, 528, -1,
      528, 629, 630, -1,
      528, 630, 535, -1,
      535, 630, 631, -1,
      535, 631, 533, -1,
      533, 631, 632, -1,
      533, 632, 540, -1,
      540, 632, 633, -1,
      540, 633, 538, -1,
      538, 633, 634, -1,
      538, 634, 545, -1,
      545, 634, 635, -1,
      545, 635, 543, -1,
      543, 635, 636, -1,
      543, 636, 550, -1,
      550, 636, 637, -1,
      550, 637, 548, -1,
      548, 637, 638, -1,
      548, 638, 555, -1,
      555, 638, 639, -1,
      555, 639, 553, -1,
      553, 639, 640, -1,
      553, 640, 560, -1,
      560, 640, 641, -1,
      560, 641, 558, -1,
      558, 641, 642, -1,
      558, 642, 565, -1,
      565, 642, 643, -1,
      565, 643, 563, -1,
      563, 643, 644, -1,
      563, 644, 649, -1,
      649, 644, 645, -1,
      649, 645, 646, -1,
      646, 645, 568, -1,
      390, 650, 391, -1,
      391, 650, 651, -1,
      391, 651, 648, -1,
      648, 651, 652, -1,
      648, 652, 647, -1,
      647, 652, 653, -1,
      647, 653, 646, -1,
      646, 653, 654, -1,
      646, 654, 649, -1,
      649, 654, 655, -1,
      649, 655, 563, -1,
      563, 655, 656, -1,
      563, 656, 564, -1,
      657, 567, 658, -1,
      658, 567, 566, -1,
      658, 566, 659, -1,
      660, 562, 661, -1,
      661, 562, 561, -1,
      661, 561, 657, -1,
      657, 561, 559, -1,
      657, 559, 567, -1,
      662, 557, 663, -1,
      663, 557, 556, -1,
      663, 556, 660, -1,
      660, 556, 554, -1,
      660, 554, 562, -1,
      664, 552, 665, -1,
      665, 552, 551, -1,
      665, 551, 662, -1,
      662, 551, 549, -1,
      662, 549, 557, -1,
      666, 547, 667, -1,
      667, 547, 546, -1,
      667, 546, 664, -1,
      664, 546, 544, -1,
      664, 544, 552, -1,
      668, 542, 669, -1,
      669, 542, 541, -1,
      669, 541, 666, -1,
      666, 541, 539, -1,
      666, 539, 547, -1,
      670, 537, 671, -1,
      671, 537, 536, -1,
      671, 536, 668, -1,
      668, 536, 534, -1,
      668, 534, 542, -1,
      672, 532, 673, -1,
      673, 532, 531, -1,
      673, 531, 670, -1,
      670, 531, 529, -1,
      670, 529, 537, -1,
      674, 524, 672, -1,
      672, 524, 522, -1,
      672, 522, 532, -1,
      675, 517, 676, -1,
      676, 517, 527, -1,
      676, 527, 674, -1,
      674, 527, 526, -1,
      674, 526, 524, -1,
      677, 512, 678, -1,
      678, 512, 520, -1,
      678, 520, 675, -1,
      675, 520, 519, -1,
      675, 519, 517, -1,
      679, 507, 680, -1,
      680, 507, 515, -1,
      680, 515, 677, -1,
      677, 515, 514, -1,
      677, 514, 512, -1,
      681, 502, 682, -1,
      682, 502, 510, -1,
      682, 510, 679, -1,
      679, 510, 509, -1,
      679, 509, 507, -1,
      683, 497, 684, -1,
      684, 497, 505, -1,
      684, 505, 681, -1,
      681, 505, 504, -1,
      681, 504, 502, -1,
      685, 494, 686, -1,
      686, 494, 500, -1,
      686, 500, 683, -1,
      683, 500, 499, -1,
      683, 499, 497, -1,
      687, 491, 688, -1,
      688, 491, 489, -1,
      688, 489, 685, -1,
      685, 489, 495, -1,
      685, 495, 494, -1,
      689, 486, 690, -1,
      690, 486, 484, -1,
      690, 484, 687, -1,
      687, 484, 492, -1,
      687, 492, 491, -1,
      691, 475, 692, -1,
      692, 475, 473, -1,
      692, 473, 689, -1,
      689, 473, 487, -1,
      689, 487, 486, -1,
      693, 482, 694, -1,
      694, 482, 481, -1,
      694, 481, 695, -1,
      695, 481, 479, -1,
      695, 479, 691, -1,
      691, 479, 477, -1,
      691, 477, 475, -1,
      696, 471, 697, -1,
      697, 471, 470, -1,
      697, 470, 693, -1,
      693, 470, 468, -1,
      693, 468, 482, -1,
      698, 466, 699, -1,
      699, 466, 465, -1,
      699, 465, 696, -1,
      696, 465, 463, -1,
      696, 463, 471, -1,
      700, 461, 701, -1,
      701, 461, 460, -1,
      701, 460, 698, -1,
      698, 460, 458, -1,
      698, 458, 466, -1,
      702, 456, 703, -1,
      703, 456, 455, -1,
      703, 455, 700, -1,
      700, 455, 453, -1,
      700, 453, 461, -1,
      704, 451, 705, -1,
      705, 451, 450, -1,
      705, 450, 702, -1,
      702, 450, 448, -1,
      702, 448, 456, -1,
      706, 446, 707, -1,
      707, 446, 445, -1,
      707, 445, 704, -1,
      704, 445, 443, -1,
      704, 443, 451, -1,
      708, 441, 709, -1,
      709, 441, 440, -1,
      709, 440, 706, -1,
      706, 440, 438, -1,
      706, 438, 446, -1,
      710, 436, 711, -1,
      711, 436, 435, -1,
      711, 435, 708, -1,
      708, 435, 433, -1,
      708, 433, 441, -1,
      712, 430, 713, -1,
      713, 430, 428, -1,
      713, 428, 710, -1,
      710, 428, 426, -1,
      710, 426, 436, -1,
      714, 421, 712, -1,
      712, 421, 431, -1,
      712, 431, 430, -1,
      715, 416, 716, -1,
      716, 416, 424, -1,
      716, 424, 714, -1,
      714, 424, 423, -1,
      714, 423, 421, -1,
      717, 411, 718, -1,
      718, 411, 419, -1,
      718, 419, 715, -1,
      715, 419, 418, -1,
      715, 418, 416, -1,
      719, 406, 720, -1,
      720, 406, 414, -1,
      720, 414, 717, -1,
      717, 414, 413, -1,
      717, 413, 411, -1,
      721, 401, 722, -1,
      722, 401, 409, -1,
      722, 409, 719, -1,
      719, 409, 408, -1,
      719, 408, 406, -1,
      723, 398, 724, -1,
      724, 398, 404, -1,
      724, 404, 721, -1,
      721, 404, 403, -1,
      721, 403, 401, -1,
      725, 395, 726, -1,
      726, 395, 393, -1,
      726, 393, 723, -1,
      723, 393, 399, -1,
      723, 399, 398, -1,
      727, 390, 728, -1,
      728, 390, 388, -1,
      728, 388, 725, -1,
      725, 388, 396, -1,
      725, 396, 395, -1,
      729, 652, 730, -1,
      730, 652, 651, -1,
      730, 651, 727, -1,
      727, 651, 650, -1,
      727, 650, 390, -1,
      566, 564, 659, -1,
      659, 564, 656, -1,
      659, 656, 731, -1,
      731, 656, 655, -1,
      731, 655, 732, -1,
      732, 655, 654, -1,
      732, 654, 729, -1,
      729, 654, 653, -1,
      729, 653, 652, -1,
      733, 734, 735, -1,
      736, 737, 738, -1,
      739, 740, 741, -1,
      742, 743, 744, -1,
      745, 746, 747, -1,
      747, 746, 748, -1,
      747, 748, 749, -1,
      748, 750, 749, -1,
      749, 750, 751, -1,
      749, 751, 752, -1,
      752, 751, 753, -1,
      752, 753, 754, -1,
      753, 755, 754, -1,
      754, 755, 756, -1,
      754, 756, 757, -1,
      757, 756, 758, -1,
      757, 758, 759, -1,
      759, 758, 760, -1,
      759, 760, 761, -1,
      762, 763, 761, -1,
      761, 763, 764, -1,
      761, 764, 759, -1,
      762, 765, 763, -1,
      763, 765, 766, -1,
      763, 766, 767, -1,
      767, 766, 742, -1,
      742, 766, 768, -1,
      742, 768, 743, -1,
      769, 770, 744, -1,
      744, 770, 771, -1,
      744, 771, 742, -1,
      769, 772, 770, -1,
      770, 772, 773, -1,
      770, 773, 774, -1,
      774, 773, 775, -1,
      774, 775, 776, -1,
      775, 777, 776, -1,
      776, 777, 778, -1,
      776, 778, 779, -1,
      779, 778, 780, -1,
      779, 780, 781, -1,
      781, 780, 782, -1,
      781, 782, 783, -1,
      783, 782, 784, -1,
      783, 784, 785, -1,
      785, 784, 786, -1,
      785, 786, 787, -1,
      786, 788, 787, -1,
      787, 788, 789, -1,
      787, 789, 790, -1,
      790, 789, 791, -1,
      790, 791, 792, -1,
      791, 793, 792, -1,
      792, 793, 794, -1,
      792, 794, 795, -1,
      795, 794, 796, -1,
      795, 796, 797, -1,
      796, 798, 797, -1,
      797, 798, 799, -1,
      797, 799, 800, -1,
      800, 799, 801, -1,
      800, 801, 802, -1,
      802, 801, 803, -1,
      802, 803, 804, -1,
      805, 806, 804, -1,
      804, 806, 807, -1,
      804, 807, 802, -1,
      805, 808, 806, -1,
      806, 808, 809, -1,
      806, 809, 810, -1,
      810, 809, 739, -1,
      739, 809, 811, -1,
      739, 811, 740, -1,
      812, 813, 741, -1,
      741, 813, 814, -1,
      741, 814, 739, -1,
      812, 815, 813, -1,
      813, 815, 816, -1,
      813, 816, 817, -1,
      817, 816, 818, -1,
      817, 818, 819, -1,
      818, 820, 819, -1,
      819, 820, 821, -1,
      819, 821, 822, -1,
      822, 821, 823, -1,
      822, 823, 824, -1,
      824, 823, 825, -1,
      824, 825, 826, -1,
      826, 825, 827, -1,
      826, 827, 828, -1,
      828, 827, 829, -1,
      828, 829, 830, -1,
      829, 831, 830, -1,
      830, 831, 832, -1,
      830, 832, 833, -1,
      833, 832, 834, -1,
      833, 834, 835, -1,
      834, 836, 835, -1,
      835, 836, 837, -1,
      835, 837, 838, -1,
      838, 837, 839, -1,
      838, 839, 840, -1,
      839, 841, 840, -1,
      840, 841, 842, -1,
      840, 842, 843, -1,
      843, 842, 844, -1,
      843, 844, 845, -1,
      845, 844, 846, -1,
      845, 846, 847, -1,
      848, 849, 847, -1,
      847, 849, 850, -1,
      847, 850, 845, -1,
      848, 851, 849, -1,
      849, 851, 852, -1,
      849, 852, 853, -1,
      853, 852, 736, -1,
      736, 852, 854, -1,
      736, 854, 737, -1,
      855, 856, 738, -1,
      738, 856, 857, -1,
      738, 857, 736, -1,
      855, 858, 856, -1,
      856, 858, 859, -1,
      856, 859, 860, -1,
      860, 859, 861, -1,
      860, 861, 862, -1,
      861, 863, 862, -1,
      862, 863, 864, -1,
      862, 864, 865, -1,
      865, 864, 866, -1,
      865, 866, 867, -1,
      867, 866, 868, -1,
      867, 868, 869, -1,
      869, 868, 870, -1,
      869, 870, 871, -1,
      871, 870, 872, -1,
      871, 872, 873, -1,
      872, 874, 873, -1,
      873, 874, 875, -1,
      873, 875, 876, -1,
      876, 875, 877, -1,
      876, 877, 878, -1,
      877, 879, 878, -1,
      878, 879, 880, -1,
      878, 880, 881, -1,
      881, 880, 882, -1,
      881, 882, 883, -1,
      882, 884, 883, -1,
      883, 884, 885, -1,
      883, 885, 886, -1,
      886, 885, 887, -1,
      886, 887, 888, -1,
      888, 887, 889, -1,
      888, 889, 890, -1,
      891, 892, 890, -1,
      890, 892, 893, -1,
      890, 893, 888, -1,
      891, 894, 892, -1,
      892, 894, 895, -1,
      892, 895, 896, -1,
      896, 895, 733, -1,
      733, 895, 897, -1,
      733, 897, 734, -1,
      898, 899, 735, -1,
      735, 899, 900, -1,
      735, 900, 733, -1,
      898, 901, 899, -1,
      899, 901, 902, -1,
      899, 902, 903, -1,
      903, 902, 904, -1,
      903, 904, 905, -1,
      904, 906, 905, -1,
      905, 906, 907, -1,
      905, 907, 908, -1,
      908, 907, 909, -1,
      908, 909, 910, -1,
      910, 909, 911, -1,
      910, 911, 912, -1,
      912, 911, 913, -1,
      912, 913, 914, -1,
      914, 913, 915, -1,
      914, 915, 745, -1,
      745, 915, 916, -1,
      745, 916, 746, -1,
      910, 917, 908, -1,
      908, 917, 918, -1,
      908, 918, 905, -1,
      905, 918, 919, -1,
      905, 919, 903, -1,
      903, 919, 920, -1,
      903, 920, 899, -1,
      899, 920, 921, -1,
      899, 921, 900, -1,
      900, 921, 922, -1,
      900, 922, 733, -1,
      733, 922, 923, -1,
      733, 923, 896, -1,
      896, 923, 924, -1,
      896, 924, 892, -1,
      892, 924, 925, -1,
      892, 925, 893, -1,
      893, 925, 926, -1,
      893, 926, 888, -1,
      888, 926, 927, -1,
      888, 927, 886, -1,
      886, 927, 928, -1,
      886, 928, 883, -1,
      883, 928, 929, -1,
      883, 929, 881, -1,
      881, 929, 930, -1,
      881, 930, 878, -1,
      878, 930, 931, -1,
      878, 931, 876, -1,
      876, 931, 932, -1,
      876, 932, 873, -1,
      873, 932, 933, -1,
      873, 933, 871, -1,
      871, 933, 934, -1,
      871, 934, 869, -1,
      869, 934, 935, -1,
      869, 935, 867, -1,
      867, 935, 936, -1,
      867, 936, 865, -1,
      865, 936, 937, -1,
      865, 937, 862, -1,
      862, 937, 938, -1,
      862, 938, 860, -1,
      860, 938, 939, -1,
      860, 939, 856, -1,
      856, 939, 940, -1,
      856, 940, 857, -1,
      857, 940, 941, -1,
      857, 941, 736, -1,
      736, 941, 942, -1,
      736, 942, 853, -1,
      853, 942, 943, -1,
      853, 943, 849, -1,
      849, 943, 944, -1,
      849, 944, 850, -1,
      850, 944, 945, -1,
      850, 945, 845, -1,
      845, 945, 946, -1,
      845, 946, 843, -1,
      843, 946, 947, -1,
      843, 947, 840, -1,
      840, 947, 948, -1,
      840, 948, 838, -1,
      838, 948, 949, -1,
      838, 949, 835, -1,
      835, 949, 950, -1,
      835, 950, 833, -1,
      833, 950, 951, -1,
      833, 951, 830, -1,
      830, 951, 952, -1,
      830, 952, 828, -1,
      828, 952, 953, -1,
      828, 953, 826, -1,
      826, 953, 954, -1,
      826, 954, 824, -1,
      824, 954, 955, -1,
      824, 955, 822, -1,
      822, 955, 956, -1,
      822, 956, 819, -1,
      819, 956, 957, -1,
      819, 957, 817, -1,
      817, 957, 958, -1,
      817, 958, 813, -1,
      813, 958, 959, -1,
      813, 959, 814, -1,
      814, 959, 960, -1,
      814, 960, 739, -1,
      739, 960, 961, -1,
      739, 961, 810, -1,
      810, 961, 962, -1,
      810, 962, 806, -1,
      806, 962, 963, -1,
      806, 963, 807, -1,
      807, 963, 964, -1,
      807, 964, 802, -1,
      802, 964, 965, -1,
      802, 965, 800, -1,
      800, 965, 966, -1,
      800, 966, 797, -1,
      797, 966, 967, -1,
      797, 967, 795, -1,
      795, 967, 968, -1,
      795, 968, 792, -1,
      792, 968, 969, -1,
      792, 969, 790, -1,
      790, 969, 970, -1,
      790, 970, 787, -1,
      787, 970, 971, -1,
      787, 971, 785, -1,
      785, 971, 972, -1,
      785, 972, 783, -1,
      783, 972, 973, -1,
      783, 973, 781, -1,
      781, 973, 974, -1,
      781, 974, 779, -1,
      779, 974, 975, -1,
      779, 975, 776, -1,
      776, 975, 976, -1,
      776, 976, 774, -1,
      774, 976, 977, -1,
      774, 977, 770, -1,
      770, 977, 978, -1,
      770, 978, 771, -1,
      771, 978, 979, -1,
      771, 979, 742, -1,
      742, 979, 980, -1,
      742, 980, 767, -1,
      767, 980, 981, -1,
      767, 981, 763, -1,
      763, 981, 982, -1,
      763, 982, 764, -1,
      764, 982, 983, -1,
      764, 983, 759, -1,
      759, 983, 984, -1,
      759, 984, 757, -1,
      757, 984, 985, -1,
      757, 985, 754, -1,
      754, 985, 986, -1,
      754, 986, 752, -1,
      752, 986, 987, -1,
      752, 987, 749, -1,
      749, 987, 988, -1,
      749, 988, 747, -1,
      747, 988, 989, -1,
      747, 989, 745, -1,
      745, 989, 990, -1,
      745, 990, 914, -1,
      914, 990, 991, -1,
      914, 991, 912, -1,
      912, 991, 992, -1,
      912, 992, 910, -1,
      910, 992, 917, -1,
      992, 729, 917, -1,
      917, 729, 730, -1,
      917, 730, 918, -1,
      918, 730, 727, -1,
      918, 727, 919, -1,
      919, 727, 728, -1,
      919, 728, 920, -1,
      920, 728, 725, -1,
      920, 725, 921, -1,
      921, 725, 726, -1,
      921, 726, 922, -1,
      922, 726, 723, -1,
      922, 723, 923, -1,
      923, 723, 724, -1,
      923, 724, 924, -1,
      924, 724, 721, -1,
      924, 721, 925, -1,
      925, 721, 722, -1,
      925, 722, 926, -1,
      926, 722, 719, -1,
      926, 719, 927, -1,
      927, 719, 720, -1,
      927, 720, 928, -1,
      928, 720, 717, -1,
      928, 717, 929, -1,
      929, 717, 718, -1,
      929, 718, 930, -1,
      930, 718, 715, -1,
      930, 715, 931, -1,
      931, 715, 716, -1,
      931, 716, 932, -1,
      932, 716, 714, -1,
      932, 714, 933, -1,
      933, 714, 712, -1,
      933, 712, 934, -1,
      934, 712, 713, -1,
      934, 713, 935, -1,
      935, 713, 710, -1,
      935, 710, 936, -1,
      936, 710, 711, -1,
      936, 711, 937, -1,
      937, 711, 708, -1,
      937, 708, 938, -1,
      938, 708, 709, -1,
      938, 709, 939, -1,
      939, 709, 706, -1,
      939, 706, 940, -1,
      940, 706, 707, -1,
      940, 707, 941, -1,
      941, 707, 704, -1,
      941, 704, 942, -1,
      942, 704, 705, -1,
      942, 705, 943, -1,
      943, 705, 702, -1,
      943, 702, 944, -1,
      944, 702, 703, -1,
      944, 703, 945, -1,
      945, 703, 700, -1,
      945, 700, 946, -1,
      946, 700, 701, -1,
      946, 701, 947, -1,
      947, 701, 698, -1,
      947, 698, 948, -1,
      948, 698, 699, -1,
      948, 699, 949, -1,
      949, 699, 696, -1,
      949, 696, 950, -1,
      950, 696, 697, -1,
      950, 697, 951, -1,
      951, 697, 693, -1,
      951, 693, 952, -1,
      952, 693, 694, -1,
      952, 694, 953, -1,
      953, 694, 695, -1,
      953, 695, 954, -1,
      954, 695, 691, -1,
      954, 691, 955, -1,
      955, 691, 692, -1,
      955, 692, 956, -1,
      956, 692, 689, -1,
      956, 689, 957, -1,
      957, 689, 690, -1,
      957, 690, 958, -1,
      958, 690, 687, -1,
      958, 687, 959, -1,
      959, 687, 688, -1,
      959, 688, 960, -1,
      960, 688, 685, -1,
      960, 685, 961, -1,
      961, 685, 686, -1,
      961, 686, 962, -1,
      962, 686, 683, -1,
      962, 683, 963, -1,
      963, 683, 684, -1,
      963, 684, 964, -1,
      964, 684, 681, -1,
      964, 681, 965, -1,
      965, 681, 682, -1,
      965, 682, 966, -1,
      966, 682, 679, -1,
      966, 679, 967, -1,
      967, 679, 680, -1,
      967, 680, 968, -1,
      968, 680, 677, -1,
      968, 677, 969, -1,
      969, 677, 678, -1,
      969, 678, 970, -1,
      970, 678, 675, -1,
      970, 675, 971, -1,
      971, 675, 676, -1,
      971, 676, 972, -1,
      972, 676, 674, -1,
      972, 674, 973, -1,
      973, 674, 672, -1,
      973, 672, 974, -1,
      974, 672, 673, -1,
      974, 673, 975, -1,
      975, 673, 670, -1,
      975, 670, 976, -1,
      976, 670, 671, -1,
      976, 671, 977, -1,
      977, 671, 668, -1,
      977, 668, 978, -1,
      978, 668, 669, -1,
      978, 669, 979, -1,
      979, 669, 666, -1,
      979, 666, 980, -1,
      980, 666, 667, -1,
      980, 667, 981, -1,
      981, 667, 664, -1,
      981, 664, 982, -1,
      982, 664, 665, -1,
      982, 665, 983, -1,
      983, 665, 662, -1,
      983, 662, 984, -1,
      984, 662, 663, -1,
      984, 663, 985, -1,
      985, 663, 660, -1,
      985, 660, 986, -1,
      986, 660, 661, -1,
      986, 661, 987, -1,
      987, 661, 657, -1,
      987, 657, 988, -1,
      988, 657, 658, -1,
      988, 658, 989, -1,
      989, 658, 659, -1,
      989, 659, 990, -1,
      990, 659, 731, -1,
      990, 731, 991, -1,
      991, 731, 732, -1,
      991, 732, 992, -1,
      992, 732, 729, -1,
      904, 993, 906, -1,
      906, 993, 994, -1,
      898, 995, 901, -1,
      901, 995, 993, -1,
      901, 993, 902, -1,
      902, 993, 904, -1,
      897, 996, 734, -1,
      734, 996, 995, -1,
      734, 995, 735, -1,
      735, 995, 898, -1,
      891, 997, 894, -1,
      894, 997, 996, -1,
      894, 996, 895, -1,
      895, 996, 897, -1,
      887, 998, 889, -1,
      889, 998, 997, -1,
      889, 997, 890, -1,
      890, 997, 891, -1,
      882, 999, 884, -1,
      884, 999, 998, -1,
      884, 998, 885, -1,
      885, 998, 887, -1,
      877, 1000, 879, -1,
      879, 1000, 999, -1,
      879, 999, 880, -1,
      880, 999, 882, -1,
      868, 866, 1001, -1,
      877, 875, 1000, -1,
      1000, 875, 874, -1,
      1000, 874, 1002, -1,
      1002, 874, 872, -1,
      1002, 872, 1001, -1,
      1001, 872, 870, -1,
      1001, 870, 868, -1,
      861, 1003, 863, -1,
      863, 1003, 1001, -1,
      863, 1001, 864, -1,
      864, 1001, 866, -1,
      855, 1004, 858, -1,
      858, 1004, 1003, -1,
      858, 1003, 859, -1,
      859, 1003, 861, -1,
      854, 1005, 737, -1,
      737, 1005, 1004, -1,
      737, 1004, 738, -1,
      738, 1004, 855, -1,
      848, 1006, 851, -1,
      851, 1006, 1005, -1,
      851, 1005, 852, -1,
      852, 1005, 854, -1,
      844, 1007, 846, -1,
      846, 1007, 1006, -1,
      846, 1006, 847, -1,
      847, 1006, 848, -1,
      839, 1008, 841, -1,
      841, 1008, 1007, -1,
      841, 1007, 842, -1,
      842, 1007, 844, -1,
      834, 1009, 836, -1,
      836, 1009, 1008, -1,
      836, 1008, 837, -1,
      837, 1008, 839, -1,
      825, 823, 1010, -1,
      834, 832, 1009, -1,
      1009, 832, 831, -1,
      1009, 831, 1011, -1,
      1011, 831, 829, -1,
      1011, 829, 1010, -1,
      1010, 829, 827, -1,
      1010, 827, 825, -1,
      818, 1012, 820, -1,
      820, 1012, 1010, -1,
      820, 1010, 821, -1,
      821, 1010, 823, -1,
      812, 1013, 815, -1,
      815, 1013, 1012, -1,
      815, 1012, 816, -1,
      816, 1012, 818, -1,
      811, 1014, 740, -1,
      740, 1014, 1013, -1,
      740, 1013, 741, -1,
      741, 1013, 812, -1,
      805, 1015, 808, -1,
      808, 1015, 1014, -1,
      808, 1014, 809, -1,
      809, 1014, 811, -1,
      801, 1016, 803, -1,
      803, 1016, 1015, -1,
      803, 1015, 804, -1,
      804, 1015, 805, -1,
      796, 1017, 798, -1,
      798, 1017, 1016, -1,
      798, 1016, 799, -1,
      799, 1016, 801, -1,
      791, 1018, 793, -1,
      793, 1018, 1017, -1,
      793, 1017, 794, -1,
      794, 1017, 796, -1,
      782, 780, 1019, -1,
      791, 789, 1018, -1,
      1018, 789, 788, -1,
      1018, 788, 1020, -1,
      1020, 788, 786, -1,
      1020, 786, 1019, -1,
      1019, 786, 784, -1,
      1019, 784, 782, -1,
      775, 1021, 777, -1,
      777, 1021, 1019, -1,
      777, 1019, 778, -1,
      778, 1019, 780, -1,
      769, 1022, 772, -1,
      772, 1022, 1021, -1,
      772, 1021, 773, -1,
      773, 1021, 775, -1,
      768, 1023, 743, -1,
      743, 1023, 1022, -1,
      743, 1022, 744, -1,
      744, 1022, 769, -1,
      762, 1024, 765, -1,
      765, 1024, 1023, -1,
      765, 1023, 766, -1,
      766, 1023, 768, -1,
      758, 1025, 760, -1,
      760, 1025, 1024, -1,
      760, 1024, 761, -1,
      761, 1024, 762, -1,
      753, 1026, 755, -1,
      755, 1026, 1025, -1,
      755, 1025, 756, -1,
      756, 1025, 758, -1,
      748, 1027, 750, -1,
      750, 1027, 1026, -1,
      750, 1026, 751, -1,
      751, 1026, 753, -1,
      911, 909, 994, -1,
      994, 909, 907, -1,
      994, 907, 906, -1,
      748, 746, 1027, -1,
      1027, 746, 916, -1,
      1027, 916, 1028, -1,
      1028, 916, 915, -1,
      1028, 915, 994, -1,
      994, 915, 913, -1,
      994, 913, 911, -1,
      108, 91, 1010, -1,
      1010, 91, 69, -1,
      1010, 69, 1011, -1,
      1011, 69, 71, -1,
      1011, 71, 1009, -1,
      1009, 71, 177, -1,
      1009, 177, 1008, -1,
      1008, 177, 181, -1,
      1008, 181, 1007, -1,
      1007, 181, 185, -1,
      1007, 185, 1006, -1,
      1006, 185, 189, -1,
      1006, 189, 1005, -1,
      1005, 189, 193, -1,
      1005, 193, 1004, -1,
      1004, 193, 198, -1,
      1004, 198, 1003, -1,
      1003, 198, 200, -1,
      1003, 200, 1001, -1,
      1001, 200, 204, -1,
      1001, 204, 1002, -1,
      1002, 204, 210, -1,
      1002, 210, 1000, -1,
      1000, 210, 214, -1,
      1000, 214, 999, -1,
      999, 214, 218, -1,
      999, 218, 998, -1,
      998, 218, 222, -1,
      998, 222, 997, -1,
      997, 222, 226, -1,
      997, 226, 996, -1,
      996, 226, 230, -1,
      996, 230, 995, -1,
      995, 230, 10, -1,
      995, 10, 993, -1,
      993, 10, 5, -1,
      993, 5, 994, -1,
      994, 5, 47, -1,
      994, 47, 1028, -1,
      1028, 47, 49, -1,
      1028, 49, 1027, -1,
      1027, 49, 38, -1,
      1027, 38, 1026, -1,
      1026, 38, 118, -1,
      1026, 118, 1025, -1,
      1025, 118, 122, -1,
      1025, 122, 1024, -1,
      1024, 122, 126, -1,
      1024, 126, 1023, -1,
      1023, 126, 130, -1,
      1023, 130, 1022, -1,
      1022, 130, 134, -1,
      1022, 134, 1021, -1,
      1021, 134, 139, -1,
      1021, 139, 1019, -1,
      1019, 139, 141, -1,
      1019, 141, 1020, -1,
      1020, 141, 145, -1,
      1020, 145, 1018, -1,
      1018, 145, 151, -1,
      1018, 151, 1017, -1,
      1017, 151, 155, -1,
      1017, 155, 1016, -1,
      1016, 155, 159, -1,
      1016, 159, 1015, -1,
      1015, 159, 163, -1,
      1015, 163, 1014, -1,
      1014, 163, 167, -1,
      1014, 167, 1013, -1,
      1013, 167, 171, -1,
      1013, 171, 1012, -1,
      1012, 171, 108, -1,
      1012, 108, 1010, -1,
      1029, 1030, 44, -1,
      1031, 1032, 152, -1,
      1033, 1034, 178, -1,
      1035, 1036, 215, -1,
      1037, 16, 1038, -1,
      1038, 16, 25, -1,
      1038, 25, 1039, -1,
      25, 23, 1039, -1,
      1039, 23, 22, -1,
      1039, 22, 1040, -1,
      1040, 22, 233, -1,
      1040, 233, 1041, -1,
      233, 234, 1041, -1,
      1041, 234, 229, -1,
      1041, 229, 1042, -1,
      1042, 229, 231, -1,
      1042, 231, 1043, -1,
      231, 232, 1043, -1,
      1043, 232, 225, -1,
      1043, 225, 1044, -1,
      1044, 225, 227, -1,
      1044, 227, 1045, -1,
      1045, 227, 228, -1,
      1045, 228, 1046, -1,
      228, 221, 1046, -1,
      1046, 221, 223, -1,
      1046, 223, 1047, -1,
      1047, 223, 224, -1,
      1047, 224, 1048, -1,
      224, 217, 1048, -1,
      1048, 217, 219, -1,
      1048, 219, 1049, -1,
      1049, 219, 220, -1,
      1049, 220, 1036, -1,
      1036, 220, 213, -1,
      1036, 213, 215, -1,
      215, 216, 1035, -1,
      1035, 216, 209, -1,
      1035, 209, 1050, -1,
      1050, 209, 211, -1,
      1050, 211, 1051, -1,
      211, 212, 1051, -1,
      1051, 212, 208, -1,
      1051, 208, 1052, -1,
      1052, 208, 207, -1,
      1052, 207, 1053, -1,
      1053, 207, 206, -1,
      1053, 206, 1054, -1,
      206, 205, 1054, -1,
      1054, 205, 203, -1,
      1054, 203, 1055, -1,
      1055, 203, 202, -1,
      1055, 202, 1056, -1,
      202, 201, 1056, -1,
      1056, 201, 199, -1,
      1056, 199, 1057, -1,
      1057, 199, 197, -1,
      1057, 197, 1058, -1,
      197, 196, 1058, -1,
      1058, 196, 192, -1,
      1058, 192, 1059, -1,
      1059, 192, 194, -1,
      1059, 194, 1060, -1,
      194, 195, 1060, -1,
      1060, 195, 188, -1,
      1060, 188, 1061, -1,
      1061, 188, 190, -1,
      1061, 190, 1062, -1,
      1062, 190, 191, -1,
      1062, 191, 1063, -1,
      191, 184, 1063, -1,
      1063, 184, 186, -1,
      1063, 186, 1064, -1,
      1064, 186, 187, -1,
      1064, 187, 1065, -1,
      187, 180, 1065, -1,
      1065, 180, 182, -1,
      1065, 182, 1066, -1,
      1066, 182, 183, -1,
      1066, 183, 1034, -1,
      1034, 183, 176, -1,
      1034, 176, 178, -1,
      178, 179, 1033, -1,
      1033, 179, 79, -1,
      1033, 79, 1067, -1,
      1067, 79, 88, -1,
      1067, 88, 1068, -1,
      88, 84, 1068, -1,
      1068, 84, 60, -1,
      1068, 60, 1069, -1,
      1069, 60, 62, -1,
      1069, 62, 1070, -1,
      1070, 62, 64, -1,
      1070, 64, 1071, -1,
      64, 65, 1071, -1,
      1071, 65, 66, -1,
      1071, 66, 1072, -1,
      1072, 66, 99, -1,
      1072, 99, 1073, -1,
      99, 101, 1073, -1,
      1073, 101, 102, -1,
      1073, 102, 1074, -1,
      1074, 102, 174, -1,
      1074, 174, 1075, -1,
      174, 175, 1075, -1,
      1075, 175, 170, -1,
      1075, 170, 1076, -1,
      1076, 170, 172, -1,
      1076, 172, 1077, -1,
      172, 173, 1077, -1,
      1077, 173, 166, -1,
      1077, 166, 1078, -1,
      1078, 166, 168, -1,
      1078, 168, 1079, -1,
      168, 169, 1079, -1,
      1079, 169, 162, -1,
      1079, 162, 1080, -1,
      1080, 162, 164, -1,
      1080, 164, 1081, -1,
      1081, 164, 165, -1,
      1081, 165, 1082, -1,
      165, 158, 1082, -1,
      1082, 158, 160, -1,
      1082, 160, 1083, -1,
      1083, 160, 161, -1,
      1083, 161, 1084, -1,
      161, 154, 1084, -1,
      1084, 154, 156, -1,
      1084, 156, 1085, -1,
      1085, 156, 157, -1,
      1085, 157, 1032, -1,
      1032, 157, 150, -1,
      1032, 150, 152, -1,
      152, 153, 1031, -1,
      1031, 153, 149, -1,
      1031, 149, 1086, -1,
      1086, 149, 148, -1,
      1086, 148, 1087, -1,
      1087, 148, 147, -1,
      1087, 147, 1088, -1,
      147, 146, 1088, -1,
      1088, 146, 144, -1,
      1088, 144, 1089, -1,
      1089, 144, 143, -1,
      1089, 143, 1090, -1,
      143, 142, 1090, -1,
      1090, 142, 140, -1,
      1090, 140, 1091, -1,
      1091, 140, 138, -1,
      1091, 138, 1092, -1,
      138, 137, 1092, -1,
      1092, 137, 133, -1,
      1092, 133, 1093, -1,
      1093, 133, 135, -1,
      1093, 135, 1094, -1,
      135, 136, 1094, -1,
      1094, 136, 129, -1,
      1094, 129, 1095, -1,
      1095, 129, 131, -1,
      1095, 131, 1096, -1,
      131, 132, 1096, -1,
      1096, 132, 125, -1,
      1096, 125, 1097, -1,
      1097, 125, 127, -1,
      1097, 127, 1098, -1,
      1098, 127, 128, -1,
      1098, 128, 1099, -1,
      128, 121, 1099, -1,
      1099, 121, 123, -1,
      1099, 123, 1100, -1,
      1100, 123, 124, -1,
      1100, 124, 1101, -1,
      124, 117, 1101, -1,
      1101, 117, 119, -1,
      1101, 119, 1102, -1,
      1102, 119, 120, -1,
      1102, 120, 1030, -1,
      1030, 120, 39, -1,
      1030, 39, 44, -1,
      44, 40, 1029, -1,
      1029, 40, 1, -1,
      1029, 1, 1103, -1,
      1103, 1, 0, -1,
      1103, 0, 1104, -1,
      1104, 0, 35, -1,
      1104, 35, 1105, -1,
      1105, 35, 34, -1,
      1105, 34, 1106, -1,
      1106, 34, 33, -1,
      1106, 33, 1037, -1,
      1037, 33, 14, -1,
      1037, 14, 16, -1,
      1107, 1105, 1108, -1,
      1108, 1105, 1106, -1,
      1108, 1106, 1109, -1,
      1109, 1106, 1037, -1,
      1109, 1037, 1110, -1,
      1110, 1037, 1038, -1,
      1110, 1038, 1111, -1,
      1111, 1038, 1039, -1,
      1111, 1039, 1112, -1,
      1112, 1039, 1040, -1,
      1112, 1040, 1113, -1,
      1113, 1040, 1041, -1,
      1113, 1041, 1114, -1,
      1114, 1041, 1042, -1,
      1114, 1042, 1115, -1,
      1115, 1042, 1043, -1,
      1115, 1043, 1116, -1,
      1116, 1043, 1044, -1,
      1116, 1044, 1117, -1,
      1117, 1044, 1045, -1,
      1117, 1045, 1118, -1,
      1118, 1045, 1046, -1,
      1118, 1046, 1119, -1,
      1119, 1046, 1047, -1,
      1119, 1047, 1120, -1,
      1120, 1047, 1048, -1,
      1120, 1048, 1121, -1,
      1121, 1048, 1049, -1,
      1121, 1049, 1122, -1,
      1122, 1049, 1036, -1,
      1122, 1036, 1123, -1,
      1123, 1036, 1035, -1,
      1123, 1035, 1124, -1,
      1124, 1035, 1050, -1,
      1124, 1050, 1125, -1,
      1125, 1050, 1051, -1,
      1125, 1051, 1126, -1,
      1126, 1051, 1052, -1,
      1126, 1052, 1127, -1,
      1127, 1052, 1053, -1,
      1127, 1053, 1128, -1,
      1128, 1053, 1054, -1,
      1128, 1054, 1129, -1,
      1129, 1054, 1055, -1,
      1129, 1055, 1130, -1,
      1130, 1055, 1056, -1,
      1130, 1056, 1131, -1,
      1131, 1056, 1057, -1,
      1131, 1057, 1132, -1,
      1132, 1057, 1058, -1,
      1132, 1058, 1133, -1,
      1133, 1058, 1059, -1,
      1133, 1059, 1134, -1,
      1134, 1059, 1060, -1,
      1134, 1060, 1135, -1,
      1135, 1060, 1061, -1,
      1135, 1061, 1136, -1,
      1136, 1061, 1062, -1,
      1136, 1062, 1137, -1,
      1137, 1062, 1063, -1,
      1137, 1063, 1138, -1,
      1138, 1063, 1064, -1,
      1138, 1064, 1139, -1,
      1139, 1064, 1065, -1,
      1139, 1065, 1140, -1,
      1140, 1065, 1066, -1,
      1140, 1066, 1141, -1,
      1141, 1066, 1034, -1,
      1141, 1034, 1142, -1,
      1142, 1034, 1033, -1,
      1142, 1033, 1143, -1,
      1143, 1033, 1067, -1,
      1143, 1067, 1144, -1,
      1144, 1067, 1068, -1,
      1144, 1068, 1145, -1,
      1145, 1068, 1069, -1,
      1145, 1069, 1146, -1,
      1146, 1069, 1070, -1,
      1146, 1070, 1147, -1,
      1147, 1070, 1071, -1,
      1147, 1071, 1148, -1,
      1148, 1071, 1072, -1,
      1148, 1072, 1149, -1,
      1149, 1072, 1073, -1,
      1149, 1073, 1150, -1,
      1150, 1073, 1074, -1,
      1150, 1074, 1151, -1,
      1151, 1074, 1075, -1,
      1151, 1075, 1152, -1,
      1152, 1075, 1076, -1,
      1152, 1076, 1153, -1,
      1153, 1076, 1077, -1,
      1153, 1077, 1154, -1,
      1154, 1077, 1078, -1,
      1154, 1078, 1155, -1,
      1155, 1078, 1079, -1,
      1155, 1079, 1156, -1,
      1156, 1079, 1080, -1,
      1156, 1080, 1157, -1,
      1157, 1080, 1081, -1,
      1157, 1081, 1158, -1,
      1158, 1081, 1082, -1,
      1158, 1082, 1159, -1,
      1159, 1082, 1083, -1,
      1159, 1083, 1160, -1,
      1160, 1083, 1084, -1,
      1160, 1084, 1161, -1,
      1161, 1084, 1085, -1,
      1161, 1085, 1162, -1,
      1162, 1085, 1032, -1,
      1162, 1032, 1163, -1,
      1163, 1032, 1031, -1,
      1163, 1031, 1164, -1,
      1164, 1031, 1086, -1,
      1164, 1086, 1165, -1,
      1165, 1086, 1087, -1,
      1165, 1087, 1166, -1,
      1166, 1087, 1088, -1,
      1166, 1088, 1167, -1,
      1167, 1088, 1089, -1,
      1167, 1089, 1168, -1,
      1168, 1089, 1090, -1,
      1168, 1090, 1169, -1,
      1169, 1090, 1091, -1,
      1169, 1091, 1170, -1,
      1170, 1091, 1092, -1,
      1170, 1092, 1171, -1,
      1171, 1092, 1093, -1,
      1171, 1093, 1172, -1,
      1172, 1093, 1094, -1,
      1172, 1094, 1173, -1,
      1173, 1094, 1095, -1,
      1173, 1095, 1174, -1,
      1174, 1095, 1096, -1,
      1174, 1096, 1175, -1,
      1175, 1096, 1097, -1,
      1175, 1097, 1176, -1,
      1176, 1097, 1098, -1,
      1176, 1098, 1177, -1,
      1177, 1098, 1099, -1,
      1177, 1099, 1178, -1,
      1178, 1099, 1100, -1,
      1178, 1100, 1179, -1,
      1179, 1100, 1101, -1,
      1179, 1101, 1180, -1,
      1180, 1101, 1102, -1,
      1180, 1102, 1181, -1,
      1181, 1102, 1030, -1,
      1181, 1030, 1182, -1,
      1182, 1030, 1029, -1,
      1182, 1029, 1183, -1,
      1183, 1029, 1103, -1,
      1183, 1103, 1184, -1,
      1184, 1103, 1104, -1,
      1184, 1104, 1107, -1,
      1107, 1104, 1105, -1,
      1185, 1107, 1186, -1,
      1186, 1107, 1108, -1,
      1186, 1108, 1187, -1,
      1187, 1108, 1109, -1,
      1187, 1109, 1188, -1,
      1188, 1109, 1110, -1,
      1188, 1110, 1189, -1,
      1189, 1110, 1111, -1,
      1189, 1111, 1190, -1,
      1190, 1111, 1112, -1,
      1190, 1112, 1191, -1,
      1191, 1112, 1113, -1,
      1191, 1113, 1192, -1,
      1192, 1113, 1114, -1,
      1192, 1114, 1193, -1,
      1193, 1114, 1115, -1,
      1193, 1115, 1194, -1,
      1194, 1115, 1116, -1,
      1194, 1116, 1195, -1,
      1195, 1116, 1117, -1,
      1195, 1117, 1196, -1,
      1196, 1117, 1118, -1,
      1196, 1118, 1197, -1,
      1197, 1118, 1119, -1,
      1197, 1119, 1198, -1,
      1198, 1119, 1120, -1,
      1198, 1120, 1199, -1,
      1199, 1120, 1121, -1,
      1199, 1121, 1200, -1,
      1200, 1121, 1122, -1,
      1200, 1122, 1201, -1,
      1201, 1122, 1123, -1,
      1201, 1123, 1202, -1,
      1202, 1123, 1124, -1,
      1202, 1124, 1203, -1,
      1203, 1124, 1125, -1,
      1203, 1125, 1204, -1,
      1204, 1125, 1126, -1,
      1204, 1126, 1205, -1,
      1205, 1126, 1127, -1,
      1205, 1127, 1206, -1,
      1206, 1127, 1128, -1,
      1206, 1128, 1207, -1,
      1207, 1128, 1129, -1,
      1207, 1129, 1208, -1,
      1208, 1129, 1130, -1,
      1208, 1130, 1209, -1,
      1209, 1130, 1131, -1,
      1209, 1131, 1210, -1,
      1210, 1131, 1132, -1,
      1210, 1132, 1211, -1,
      1211, 1132, 1133, -1,
      1211, 1133, 1212, -1,
      1212, 1133, 1134, -1,
      1212, 1134, 1213, -1,
      1213, 1134, 1135, -1,
      1213, 1135, 1214, -1,
      1214, 1135, 1136, -1,
      1214, 1136, 1215, -1,
      1215, 1136, 1137, -1,
      1215, 1137, 1216, -1,
      1216, 1137, 1138, -1,
      1216, 1138, 1217, -1,
      1217, 1138, 1139, -1,
      1217, 1139, 1218, -1,
      1218, 1139, 1140, -1,
      1218, 1140, 1219, -1,
      1219, 1140, 1141, -1,
      1219, 1141, 1220, -1,
      1220, 1141, 1142, -1,
      1220, 1142, 1221, -1,
      1221, 1142, 1143, -1,
      1221, 1143, 1222, -1,
      1222, 1143, 1144, -1,
      1222, 1144, 1223, -1,
      1223, 1144, 1145, -1,
      1223, 1145, 1224, -1,
      1224, 1145, 1146, -1,
      1224, 1146, 1225, -1,
      1225, 1146, 1147, -1,
      1225, 1147, 1226, -1,
      1226, 1147, 1148, -1,
      1226, 1148, 1227, -1,
      1227, 1148, 1149, -1,
      1227, 1149, 1228, -1,
      1228, 1149, 1150, -1,
      1228, 1150, 1229, -1,
      1229, 1150, 1151, -1,
      1229, 1151, 1230, -1,
      1230, 1151, 1152, -1,
      1230, 1152, 1231, -1,
      1231, 1152, 1153, -1,
      1231, 1153, 1232, -1,
      1232, 1153, 1154, -1,
      1232, 1154, 1233, -1,
      1233, 1154, 1155, -1,
      1233, 1155, 1234, -1,
      1234, 1155, 1156, -1,
      1234, 1156, 1235, -1,
      1235, 1156, 1157, -1,
      1235, 1157, 1236, -1,
      1236, 1157, 1158, -1,
      1236, 1158, 1237, -1,
      1237, 1158, 1159, -1,
      1237, 1159, 1238, -1,
      1238, 1159, 1160, -1,
      1238, 1160, 1239, -1,
      1239, 1160, 1161, -1,
      1239, 1161, 1240, -1,
      1240, 1161, 1162, -1,
      1240, 1162, 1241, -1,
      1241, 1162, 1163, -1,
      1241, 1163, 1242, -1,
      1242, 1163, 1164, -1,
      1242, 1164, 1243, -1,
      1243, 1164, 1165, -1,
      1243, 1165, 1244, -1,
      1244, 1165, 1166, -1,
      1244, 1166, 1245, -1,
      1245, 1166, 1167, -1,
      1245, 1167, 1246, -1,
      1246, 1167, 1168, -1,
      1246, 1168, 1247, -1,
      1247, 1168, 1169, -1,
      1247, 1169, 1248, -1,
      1248, 1169, 1170, -1,
      1248, 1170, 1249, -1,
      1249, 1170, 1171, -1,
      1249, 1171, 1250, -1,
      1250, 1171, 1172, -1,
      1250, 1172, 1251, -1,
      1251, 1172, 1173, -1,
      1251, 1173, 1252, -1,
      1252, 1173, 1174, -1,
      1252, 1174, 1253, -1,
      1253, 1174, 1175, -1,
      1253, 1175, 1254, -1,
      1254, 1175, 1176, -1,
      1254, 1176, 1255, -1,
      1255, 1176, 1177, -1,
      1255, 1177, 1256, -1,
      1256, 1177, 1178, -1,
      1256, 1178, 1257, -1,
      1257, 1178, 1179, -1,
      1257, 1179, 1258, -1,
      1258, 1179, 1180, -1,
      1258, 1180, 1259, -1,
      1259, 1180, 1181, -1,
      1259, 1181, 1260, -1,
      1260, 1181, 1182, -1,
      1260, 1182, 1261, -1,
      1261, 1182, 1183, -1,
      1261, 1183, 1262, -1,
      1262, 1183, 1184, -1,
      1262, 1184, 1185, -1,
      1185, 1184, 1107, -1,
      1260, 1263, 1259, -1,
      1259, 1263, 1264, -1,
      1259, 1264, 1258, -1,
      1262, 1265, 1261, -1,
      1261, 1265, 1266, -1,
      1261, 1266, 1260, -1,
      1260, 1266, 1267, -1,
      1260, 1267, 1263, -1,
      1256, 1268, 1255, -1,
      1255, 1268, 1269, -1,
      1255, 1269, 1254, -1,
      1264, 1270, 1258, -1,
      1258, 1270, 1271, -1,
      1258, 1271, 1257, -1,
      1257, 1271, 1272, -1,
      1257, 1272, 1256, -1,
      1256, 1272, 1273, -1,
      1256, 1273, 1268, -1,
      1252, 1274, 1251, -1,
      1251, 1274, 1275, -1,
      1251, 1275, 1250, -1,
      1269, 1276, 1254, -1,
      1254, 1276, 1277, -1,
      1254, 1277, 1253, -1,
      1253, 1277, 1278, -1,
      1253, 1278, 1252, -1,
      1252, 1278, 1279, -1,
      1252, 1279, 1274, -1,
      1248, 1280, 1247, -1,
      1247, 1280, 1281, -1,
      1247, 1281, 1246, -1,
      1275, 1282, 1250, -1,
      1250, 1282, 1283, -1,
      1250, 1283, 1249, -1,
      1249, 1283, 1284, -1,
      1249, 1284, 1248, -1,
      1248, 1284, 1285, -1,
      1248, 1285, 1280, -1,
      1286, 1243, 1244, -1,
      1281, 1287, 1246, -1,
      1246, 1287, 1288, -1,
      1246, 1288, 1245, -1,
      1245, 1288, 1289, -1,
      1245, 1289, 1244, -1,
      1244, 1289, 1290, -1,
      1244, 1290, 1286, -1,
      1286, 1291, 1243, -1,
      1243, 1291, 1292, -1,
      1243, 1292, 1242, -1,
      1242, 1292, 1293, -1,
      1242, 1293, 1241, -1,
      1293, 1294, 1241, -1,
      1241, 1294, 1295, -1,
      1241, 1295, 1240, -1,
      1240, 1295, 1296, -1,
      1240, 1296, 1239, -1,
      1296, 1297, 1239, -1,
      1239, 1297, 1298, -1,
      1239, 1298, 1238, -1,
      1238, 1298, 1299, -1,
      1238, 1299, 1237, -1,
      1299, 1300, 1237, -1,
      1237, 1300, 1301, -1,
      1237, 1301, 1236, -1,
      1236, 1301, 1302, -1,
      1236, 1302, 1235, -1,
      1302, 1303, 1235, -1,
      1235, 1303, 1304, -1,
      1235, 1304, 1234, -1,
      1234, 1304, 1305, -1,
      1234, 1305, 1233, -1,
      1305, 1306, 1233, -1,
      1233, 1306, 1307, -1,
      1233, 1307, 1232, -1,
      1232, 1307, 1308, -1,
      1232, 1308, 1231, -1,
      1308, 1309, 1231, -1,
      1231, 1309, 1310, -1,
      1231, 1310, 1230, -1,
      1230, 1310, 1311, -1,
      1230, 1311, 1229, -1,
      1311, 1312, 1229, -1,
      1229, 1312, 1313, -1,
      1229, 1313, 1228, -1,
      1228, 1313, 1314, -1,
      1228, 1314, 1227, -1,
      1314, 1315, 1227, -1,
      1227, 1315, 1316, -1,
      1227, 1316, 1226, -1,
      1226, 1316, 1317, -1,
      1226, 1317, 1225, -1,
      1317, 1318, 1225, -1,
      1225, 1318, 1319, -1,
      1225, 1319, 1224, -1,
      1222, 1320, 1221, -1,
      1221, 1320, 1321, -1,
      1221, 1321, 1220, -1,
      1319, 1322, 1224, -1,
      1224, 1322, 1323, -1,
      1224, 1323, 1223, -1,
      1223, 1323, 1324, -1,
      1223, 1324, 1222, -1,
      1222, 1324, 1325, -1,
      1222, 1325, 1320, -1,
      1218, 1326, 1217, -1,
      1217, 1326, 1327, -1,
      1217, 1327, 1216, -1,
      1321, 1328, 1220, -1,
      1220, 1328, 1329, -1,
      1220, 1329, 1219, -1,
      1219, 1329, 1330, -1,
      1219, 1330, 1218, -1,
      1218, 1330, 1331, -1,
      1218, 1331, 1326, -1,
      1214, 1332, 1213, -1,
      1213, 1332, 1333, -1,
      1213, 1333, 1212, -1,
      1327, 1334, 1216, -1,
      1216, 1334, 1335, -1,
      1216, 1335, 1215, -1,
      1215, 1335, 1336, -1,
      1215, 1336, 1214, -1,
      1214, 1336, 1337, -1,
      1214, 1337, 1332, -1,
      1210, 1338, 1209, -1,
      1209, 1338, 1339, -1,
      1209, 1339, 1208, -1,
      1333, 1340, 1212, -1,
      1212, 1340, 1341, -1,
      1212, 1341, 1211, -1,
      1211, 1341, 1342, -1,
      1211, 1342, 1210, -1,
      1210, 1342, 1343, -1,
      1210, 1343, 1338, -1,
      1344, 1205, 1206, -1,
      1339, 1345, 1208, -1,
      1208, 1345, 1346, -1,
      1208, 1346, 1207, -1,
      1207, 1346, 1347, -1,
      1207, 1347, 1206, -1,
      1206, 1347, 1348, -1,
      1206, 1348, 1344, -1,
      1344, 1349, 1205, -1,
      1205, 1349, 1350, -1,
      1205, 1350, 1204, -1,
      1204, 1350, 1351, -1,
      1204, 1351, 1203, -1,
      1351, 1352, 1203, -1,
      1203, 1352, 1353, -1,
      1203, 1353, 1202, -1,
      1202, 1353, 1354, -1,
      1202, 1354, 1201, -1,
      1354, 1355, 1201, -1,
      1201, 1355, 1356, -1,
      1201, 1356, 1200, -1,
      1200, 1356, 1357, -1,
      1200, 1357, 1199, -1,
      1357, 1358, 1199, -1,
      1199, 1358, 1359, -1,
      1199, 1359, 1198, -1,
      1198, 1359, 1360, -1,
      1198, 1360, 1197, -1,
      1360, 1361, 1197, -1,
      1197, 1361, 1362, -1,
      1197, 1362, 1196, -1,
      1196, 1362, 1363, -1,
      1196, 1363, 1195, -1,
      1363, 1364, 1195, -1,
      1195, 1364, 1365, -1,
      1195, 1365, 1194, -1,
      1194, 1365, 1366, -1,
      1194, 1366, 1193, -1,
      1366, 1367, 1193, -1,
      1193, 1367, 1368, -1,
      1193, 1368, 1192, -1,
      1192, 1368, 1369, -1,
      1192, 1369, 1191, -1,
      1369, 1370, 1191, -1,
      1191, 1370, 1371, -1,
      1191, 1371, 1190, -1,
      1190, 1371, 1372, -1,
      1190, 1372, 1189, -1,
      1372, 1373, 1189, -1,
      1189, 1373, 1374, -1,
      1189, 1374, 1188, -1,
      1188, 1374, 1375, -1,
      1188, 1375, 1187, -1,
      1375, 1376, 1187, -1,
      1187, 1376, 1377, -1,
      1187, 1377, 1186, -1,
      1186, 1377, 1378, -1,
      1186, 1378, 1185, -1,
      1185, 1378, 1379, -1,
      1185, 1379, 1262, -1,
      1262, 1379, 1380, -1,
      1262, 1380, 1265, -1,
      1350, 1381, 1382, -1,
      1345, 1383, 1384, -1,
      1340, 1385, 1386, -1,
      1334, 1387, 1388, -1,
      1287, 1389, 1390, -1,
      1282, 1391, 1392, -1,
      1276, 1393, 1394, -1,
      1266, 1395, 1396, -1,
      1266, 1396, 1267, -1,
      1267, 1396, 1397, -1,
      1267, 1397, 1263, -1,
      1263, 1397, 1264, -1,
      1264, 1397, 1398, -1,
      1264, 1398, 1270, -1,
      1270, 1398, 1399, -1,
      1270, 1399, 1271, -1,
      1271, 1399, 1272, -1,
      1272, 1399, 1400, -1,
      1272, 1400, 1273, -1,
      1273, 1400, 1401, -1,
      1273, 1401, 1268, -1,
      1393, 1276, 1401, -1,
      1401, 1276, 1269, -1,
      1401, 1269, 1268, -1,
      1279, 1278, 1394, -1,
      1394, 1278, 1277, -1,
      1394, 1277, 1276, -1,
      1394, 1402, 1279, -1,
      1279, 1402, 1403, -1,
      1279, 1403, 1274, -1,
      1391, 1282, 1403, -1,
      1403, 1282, 1275, -1,
      1403, 1275, 1274, -1,
      1285, 1284, 1392, -1,
      1392, 1284, 1283, -1,
      1392, 1283, 1282, -1,
      1392, 1404, 1285, -1,
      1285, 1404, 1405, -1,
      1285, 1405, 1280, -1,
      1389, 1287, 1405, -1,
      1405, 1287, 1281, -1,
      1405, 1281, 1280, -1,
      1290, 1289, 1390, -1,
      1390, 1289, 1288, -1,
      1390, 1288, 1287, -1,
      1390, 1406, 1290, -1,
      1290, 1406, 1407, -1,
      1290, 1407, 1286, -1,
      1286, 1407, 1291, -1,
      1291, 1407, 1408, -1,
      1291, 1408, 1292, -1,
      1292, 1408, 1409, -1,
      1292, 1409, 1293, -1,
      1293, 1409, 1294, -1,
      1294, 1409, 1410, -1,
      1294, 1410, 1295, -1,
      1295, 1410, 1411, -1,
      1295, 1411, 1296, -1,
      1296, 1411, 1297, -1,
      1297, 1411, 1412, -1,
      1297, 1412, 1298, -1,
      1298, 1412, 1413, -1,
      1298, 1413, 1299, -1,
      1299, 1413, 1300, -1,
      1300, 1413, 1414, -1,
      1300, 1414, 1301, -1,
      1301, 1414, 1415, -1,
      1301, 1415, 1302, -1,
      1302, 1415, 1303, -1,
      1303, 1415, 1416, -1,
      1303, 1416, 1304, -1,
      1304, 1416, 1417, -1,
      1304, 1417, 1305, -1,
      1305, 1417, 1306, -1,
      1306, 1417, 1418, -1,
      1306, 1418, 1307, -1,
      1307, 1418, 1419, -1,
      1307, 1419, 1308, -1,
      1308, 1419, 1309, -1,
      1309, 1419, 1420, -1,
      1309, 1420, 1310, -1,
      1310, 1420, 1421, -1,
      1310, 1421, 1311, -1,
      1311, 1421, 1312, -1,
      1312, 1421, 1422, -1,
      1312, 1422, 1313, -1,
      1313, 1422, 1423, -1,
      1313, 1423, 1314, -1,
      1314, 1423, 1315, -1,
      1315, 1423, 1424, -1,
      1315, 1424, 1316, -1,
      1316, 1424, 1425, -1,
      1316, 1425, 1317, -1,
      1317, 1425, 1318, -1,
      1318, 1425, 1426, -1,
      1318, 1426, 1319, -1,
      1319, 1426, 1427, -1,
      1319, 1427, 1322, -1,
      1322, 1427, 1428, -1,
      1322, 1428, 1323, -1,
      1323, 1428, 1324, -1,
      1324, 1428, 1429, -1,
      1324, 1429, 1325, -1,
      1325, 1429, 1430, -1,
      1325, 1430, 1320, -1,
      1320, 1430, 1321, -1,
      1321, 1430, 1431, -1,
      1321, 1431, 1328, -1,
      1328, 1431, 1432, -1,
      1328, 1432, 1329, -1,
      1329, 1432, 1330, -1,
      1330, 1432, 1433, -1,
      1330, 1433, 1331, -1,
      1331, 1433, 1434, -1,
      1331, 1434, 1326, -1,
      1387, 1334, 1434, -1,
      1434, 1334, 1327, -1,
      1434, 1327, 1326, -1,
      1337, 1336, 1388, -1,
      1388, 1336, 1335, -1,
      1388, 1335, 1334, -1,
      1388, 1435, 1337, -1,
      1337, 1435, 1436, -1,
      1337, 1436, 1332, -1,
      1385, 1340, 1436, -1,
      1436, 1340, 1333, -1,
      1436, 1333, 1332, -1,
      1343, 1342, 1386, -1,
      1386, 1342, 1341, -1,
      1386, 1341, 1340, -1,
      1386, 1437, 1343, -1,
      1343, 1437, 1438, -1,
      1343, 1438, 1338, -1,
      1383, 1345, 1438, -1,
      1438, 1345, 1339, -1,
      1438, 1339, 1338, -1,
      1348, 1347, 1384, -1,
      1384, 1347, 1346, -1,
      1384, 1346, 1345, -1,
      1384, 1439, 1348, -1,
      1348, 1439, 1440, -1,
      1348, 1440, 1344, -1,
      1381, 1350, 1440, -1,
      1440, 1350, 1349, -1,
      1440, 1349, 1344, -1,
      1441, 1353, 1442, -1,
      1442, 1353, 1352, -1,
      1442, 1352, 1382, -1,
      1382, 1352, 1351, -1,
      1382, 1351, 1350, -1,
      1443, 1356, 1444, -1,
      1444, 1356, 1355, -1,
      1444, 1355, 1441, -1,
      1441, 1355, 1354, -1,
      1441, 1354, 1353, -1,
      1445, 1359, 1446, -1,
      1446, 1359, 1358, -1,
      1446, 1358, 1443, -1,
      1443, 1358, 1357, -1,
      1443, 1357, 1356, -1,
      1447, 1362, 1448, -1,
      1448, 1362, 1361, -1,
      1448, 1361, 1445, -1,
      1445, 1361, 1360, -1,
      1445, 1360, 1359, -1,
      1449, 1365, 1450, -1,
      1450, 1365, 1364, -1,
      1450, 1364, 1447, -1,
      1447, 1364, 1363, -1,
      1447, 1363, 1362, -1,
      1451, 1368, 1452, -1,
      1452, 1368, 1367, -1,
      1452, 1367, 1449, -1,
      1449, 1367, 1366, -1,
      1449, 1366, 1365, -1,
      1453, 1371, 1454, -1,
      1454, 1371, 1370, -1,
      1454, 1370, 1451, -1,
      1451, 1370, 1369, -1,
      1451, 1369, 1368, -1,
      1455, 1374, 1456, -1,
      1456, 1374, 1373, -1,
      1456, 1373, 1453, -1,
      1453, 1373, 1372, -1,
      1453, 1372, 1371, -1,
      1457, 1458, 1459, -1,
      1459, 1458, 1460, -1,
      1459, 1460, 1461, -1,
      1461, 1460, 1462, -1,
      1461, 1462, 1463, -1,
      1463, 1462, 1464, -1,
      1463, 1464, 1465, -1,
      1465, 1464, 1466, -1,
      1465, 1466, 1467, -1,
      1467, 1466, 1468, -1,
      1467, 1468, 1469, -1,
      1469, 1468, 1470, -1,
      1469, 1470, 1471, -1,
      1471, 1470, 1472, -1,
      1471, 1472, 1473, -1,
      1473, 1472, 1474, -1,
      1473, 1474, 1475, -1,
      1475, 1474, 1476, -1,
      1475, 1476, 1477, -1,
      1477, 1476, 1478, -1,
      1477, 1478, 1479, -1,
      1479, 1478, 1480, -1,
      1479, 1480, 1481, -1,
      1481, 1480, 1482, -1,
      1481, 1482, 1483, -1,
      1483, 1482, 1484, -1,
      1483, 1484, 1485, -1,
      1485, 1484, 1486, -1,
      1485, 1486, 1487, -1,
      1487, 1486, 1488, -1,
      1487, 1488, 1489, -1,
      1489, 1488, 1490, -1,
      1489, 1490, 1491, -1,
      1491, 1490, 1492, -1,
      1491, 1492, 1493, -1,
      1493, 1492, 1494, -1,
      1493, 1494, 1495, -1,
      1495, 1494, 1496, -1,
      1495, 1496, 1497, -1,
      1497, 1496, 1498, -1,
      1497, 1498, 1499, -1,
      1499, 1498, 1500, -1,
      1499, 1500, 1501, -1,
      1501, 1500, 1502, -1,
      1501, 1502, 1503, -1,
      1503, 1502, 1504, -1,
      1503, 1504, 1505, -1,
      1505, 1504, 1506, -1,
      1505, 1506, 1507, -1,
      1507, 1506, 1508, -1,
      1507, 1508, 1509, -1,
      1509, 1508, 1510, -1,
      1509, 1510, 1511, -1,
      1511, 1510, 1512, -1,
      1511, 1512, 1513, -1,
      1513, 1512, 1514, -1,
      1513, 1514, 1515, -1,
      1515, 1514, 1516, -1,
      1515, 1516, 1517, -1,
      1517, 1516, 1518, -1,
      1517, 1518, 1519, -1,
      1519, 1518, 1520, -1,
      1519, 1520, 1521, -1,
      1521, 1520, 1522, -1,
      1521, 1522, 1523, -1,
      1523, 1522, 1524, -1,
      1523, 1524, 1525, -1,
      1525, 1524, 1526, -1,
      1525, 1526, 1527, -1,
      1527, 1526, 1528, -1,
      1527, 1528, 1529, -1,
      1529, 1528, 1530, -1,
      1529, 1530, 1531, -1,
      1531, 1530, 1532, -1,
      1531, 1532, 1533, -1,
      1533, 1532, 1534, -1,
      1533, 1534, 1535, -1,
      1535, 1534, 1536, -1,
      1535, 1536, 1537, -1,
      1537, 1536, 1538, -1,
      1537, 1538, 1539, -1,
      1539, 1538, 1540, -1,
      1539, 1540, 1541, -1,
      1541, 1540, 1542, -1,
      1541, 1542, 1543, -1,
      1543, 1542, 1544, -1,
      1543, 1544, 1545, -1,
      1545, 1544, 1546, -1,
      1545, 1546, 1547, -1,
      1547, 1546, 1548, -1,
      1547, 1548, 1549, -1,
      1549, 1548, 1550, -1,
      1549, 1550, 1551, -1,
      1551, 1550, 1552, -1,
      1551, 1552, 1553, -1,
      1553, 1552, 1554, -1,
      1553, 1554, 1555, -1,
      1555, 1554, 1556, -1,
      1555, 1556, 1557, -1,
      1557, 1556, 1558, -1,
      1557, 1558, 1559, -1,
      1559, 1558, 1560, -1,
      1559, 1560, 1561, -1,
      1561, 1560, 1562, -1,
      1561, 1562, 1563, -1,
      1563, 1562, 1564, -1,
      1563, 1564, 1565, -1,
      1565, 1564, 1566, -1,
      1565, 1566, 1567, -1,
      1567, 1566, 1568, -1,
      1567, 1568, 1569, -1,
      1569, 1568, 1570, -1,
      1569, 1570, 1571, -1,
      1571, 1570, 1572, -1,
      1571, 1572, 1573, -1,
      1573, 1572, 1574, -1,
      1573, 1574, 1575, -1,
      1575, 1574, 1576, -1,
      1575, 1576, 1577, -1,
      1577, 1576, 1578, -1,
      1577, 1578, 1579, -1,
      1579, 1578, 1580, -1,
      1579, 1580, 1581, -1,
      1581, 1580, 1582, -1,
      1581, 1582, 1583, -1,
      1583, 1582, 1584, -1,
      1583, 1584, 1585, -1,
      1585, 1584, 1586, -1,
      1585, 1586, 1587, -1,
      1587, 1586, 1588, -1,
      1587, 1588, 1589, -1,
      1589, 1588, 1590, -1,
      1589, 1590, 1591, -1,
      1591, 1590, 1592, -1,
      1591, 1592, 1593, -1,
      1593, 1592, 1594, -1,
      1593, 1594, 1595, -1,
      1595, 1594, 1596, -1,
      1595, 1596, 1597, -1,
      1597, 1596, 1598, -1,
      1597, 1598, 1599, -1,
      1599, 1598, 1600, -1,
      1599, 1600, 1601, -1,
      1601, 1600, 1602, -1,
      1601, 1602, 1603, -1,
      1603, 1602, 1604, -1,
      1603, 1604, 1605, -1,
      1605, 1604, 1606, -1,
      1605, 1606, 1607, -1,
      1607, 1606, 1608, -1,
      1607, 1608, 1609, -1,
      1609, 1608, 1610, -1,
      1609, 1610, 1611, -1,
      1611, 1610, 1612, -1,
      1611, 1612, 1613, -1,
      1613, 1612, 1614, -1,
      1613, 1614, 1615, -1,
      1615, 1614, 1616, -1,
      1615, 1616, 1457, -1,
      1457, 1616, 1458, -1,
      1616, 1617, 1458, -1,
      1458, 1617, 1618, -1,
      1458, 1618, 1460, -1,
      1460, 1618, 1455, -1,
      1460, 1455, 1462, -1,
      1462, 1455, 1456, -1,
      1462, 1456, 1464, -1,
      1464, 1456, 1453, -1,
      1464, 1453, 1466, -1,
      1466, 1453, 1454, -1,
      1466, 1454, 1468, -1,
      1468, 1454, 1451, -1,
      1468, 1451, 1470, -1,
      1470, 1451, 1452, -1,
      1470, 1452, 1472, -1,
      1472, 1452, 1449, -1,
      1472, 1449, 1474, -1,
      1474, 1449, 1450, -1,
      1474, 1450, 1476, -1,
      1476, 1450, 1447, -1,
      1476, 1447, 1478, -1,
      1478, 1447, 1448, -1,
      1478, 1448, 1480, -1,
      1480, 1448, 1445, -1,
      1480, 1445, 1482, -1,
      1482, 1445, 1446, -1,
      1482, 1446, 1484, -1,
      1484, 1446, 1443, -1,
      1484, 1443, 1486, -1,
      1486, 1443, 1444, -1,
      1486, 1444, 1488, -1,
      1488, 1444, 1441, -1,
      1488, 1441, 1490, -1,
      1490, 1441, 1442, -1,
      1490, 1442, 1492, -1,
      1492, 1442, 1382, -1,
      1492, 1382, 1494, -1,
      1494, 1382, 1381, -1,
      1494, 1381, 1496, -1,
      1496, 1381, 1440, -1,
      1496, 1440, 1498, -1,
      1498, 1440, 1439, -1,
      1498, 1439, 1500, -1,
      1500, 1439, 1384, -1,
      1500, 1384, 1502, -1,
      1502, 1384, 1383, -1,
      1502, 1383, 1504, -1,
      1504, 1383, 1438, -1,
      1504, 1438, 1506, -1,
      1506, 1438, 1437, -1,
      1506, 1437, 1508, -1,
      1508, 1437, 1386, -1,
      1508, 1386, 1510, -1,
      1510, 1386, 1385, -1,
      1510, 1385, 1512, -1,
      1512, 1385, 1436, -1,
      1512, 1436, 1514, -1,
      1514, 1436, 1435, -1,
      1514, 1435, 1516, -1,
      1516, 1435, 1388, -1,
      1516, 1388, 1518, -1,
      1518, 1388, 1387, -1,
      1518, 1387, 1520, -1,
      1520, 1387, 1434, -1,
      1520, 1434, 1522, -1,
      1522, 1434, 1433, -1,
      1522, 1433, 1524, -1,
      1524, 1433, 1432, -1,
      1524, 1432, 1526, -1,
      1526, 1432, 1431, -1,
      1526, 1431, 1528, -1,
      1528, 1431, 1430, -1,
      1528, 1430, 1530, -1,
      1530, 1430, 1429, -1,
      1530, 1429, 1532, -1,
      1532, 1429, 1428, -1,
      1532, 1428, 1534, -1,
      1534, 1428, 1427, -1,
      1534, 1427, 1536, -1,
      1536, 1427, 1426, -1,
      1536, 1426, 1538, -1,
      1538, 1426, 1425, -1,
      1538, 1425, 1540, -1,
      1540, 1425, 1424, -1,
      1540, 1424, 1542, -1,
      1542, 1424, 1423, -1,
      1542, 1423, 1544, -1,
      1544, 1423, 1422, -1,
      1544, 1422, 1546, -1,
      1546, 1422, 1421, -1,
      1546, 1421, 1548, -1,
      1548, 1421, 1420, -1,
      1548, 1420, 1550, -1,
      1550, 1420, 1419, -1,
      1550, 1419, 1552, -1,
      1552, 1419, 1418, -1,
      1552, 1418, 1554, -1,
      1554, 1418, 1417, -1,
      1554, 1417, 1556, -1,
      1556, 1417, 1416, -1,
      1556, 1416, 1558, -1,
      1558, 1416, 1415, -1,
      1558, 1415, 1560, -1,
      1560, 1415, 1414, -1,
      1560, 1414, 1562, -1,
      1562, 1414, 1413, -1,
      1562, 1413, 1564, -1,
      1564, 1413, 1412, -1,
      1564, 1412, 1566, -1,
      1566, 1412, 1411, -1,
      1566, 1411, 1568, -1,
      1568, 1411, 1410, -1,
      1568, 1410, 1570, -1,
      1570, 1410, 1409, -1,
      1570, 1409, 1572, -1,
      1572, 1409, 1408, -1,
      1572, 1408, 1574, -1,
      1574, 1408, 1407, -1,
      1574, 1407, 1576, -1,
      1576, 1407, 1406, -1,
      1576, 1406, 1578, -1,
      1578, 1406, 1390, -1,
      1578, 1390, 1580, -1,
      1580, 1390, 1389, -1,
      1580, 1389, 1582, -1,
      1582, 1389, 1405, -1,
      1582, 1405, 1584, -1,
      1584, 1405, 1404, -1,
      1584, 1404, 1586, -1,
      1586, 1404, 1392, -1,
      1586, 1392, 1588, -1,
      1588, 1392, 1391, -1,
      1588, 1391, 1590, -1,
      1590, 1391, 1403, -1,
      1590, 1403, 1592, -1,
      1592, 1403, 1402, -1,
      1592, 1402, 1594, -1,
      1594, 1402, 1394, -1,
      1594, 1394, 1596, -1,
      1596, 1394, 1393, -1,
      1596, 1393, 1598, -1,
      1598, 1393, 1401, -1,
      1598, 1401, 1600, -1,
      1600, 1401, 1400, -1,
      1600, 1400, 1602, -1,
      1602, 1400, 1399, -1,
      1602, 1399, 1604, -1,
      1604, 1399, 1398, -1,
      1604, 1398, 1606, -1,
      1606, 1398, 1397, -1,
      1606, 1397, 1608, -1,
      1608, 1397, 1396, -1,
      1608, 1396, 1610, -1,
      1610, 1396, 1395, -1,
      1610, 1395, 1612, -1,
      1612, 1395, 1619, -1,
      1612, 1619, 1614, -1,
      1614, 1619, 1620, -1,
      1614, 1620, 1616, -1,
      1616, 1620, 1617, -1,
      1266, 1265, 1395, -1,
      1395, 1265, 1380, -1,
      1395, 1380, 1619, -1,
      1619, 1380, 1379, -1,
      1619, 1379, 1620, -1,
      1620, 1379, 1378, -1,
      1620, 1378, 1617, -1,
      1617, 1378, 1377, -1,
      1617, 1377, 1618, -1,
      1618, 1377, 1376, -1,
      1618, 1376, 1455, -1,
      1455, 1376, 1375, -1,
      1455, 1375, 1374, -1,
      1621, 235, 238, -1,
      1622, 259, 261, -1,
      1623, 1624, 1625, -1,
      1626, 255, 253, -1,
      250, 248, 1627, -1,
      1628, 1629, 1547, -1,
      1547, 1549, 1628, -1,
      1628, 1549, 1551, -1,
      1628, 1551, 1630, -1,
      1551, 1553, 1630, -1,
      1630, 1553, 1555, -1,
      1630, 1555, 1631, -1,
      1555, 1557, 1631, -1,
      1631, 1557, 1559, -1,
      1631, 1559, 1632, -1,
      1559, 1561, 1632, -1,
      1632, 1561, 1563, -1,
      1632, 1563, 1633, -1,
      1563, 1565, 1633, -1,
      1633, 1565, 1567, -1,
      1633, 1567, 1634, -1,
      1635, 1636, 1637, -1,
      1587, 1638, 1639, -1,
      1587, 1589, 1638, -1,
      1638, 1589, 1591, -1,
      1638, 1591, 1640, -1,
      1591, 1593, 1640, -1,
      1640, 1593, 1595, -1,
      1640, 1595, 1641, -1,
      1595, 1597, 1641, -1,
      1641, 1597, 1599, -1,
      1641, 1599, 1642, -1,
      1599, 1601, 1642, -1,
      1642, 1601, 1603, -1,
      1642, 1603, 1643, -1,
      1603, 1605, 1643, -1,
      1643, 1605, 1607, -1,
      1643, 1607, 1644, -1,
      264, 266, 1645, -1,
      1467, 1646, 1647, -1,
      1467, 1469, 1646, -1,
      1646, 1469, 1471, -1,
      1646, 1471, 1648, -1,
      1471, 1473, 1648, -1,
      1648, 1473, 1475, -1,
      1648, 1475, 1649, -1,
      1475, 1477, 1649, -1,
      1649, 1477, 1479, -1,
      1649, 1479, 1650, -1,
      1479, 1481, 1650, -1,
      1650, 1481, 1483, -1,
      1650, 1483, 1651, -1,
      1483, 1485, 1651, -1,
      1651, 1485, 1487, -1,
      1651, 1487, 1652, -1,
      241, 243, 1653, -1,
      1654, 1655, 1507, -1,
      1507, 1509, 1654, -1,
      1654, 1509, 1511, -1,
      1654, 1511, 1656, -1,
      1511, 1513, 1656, -1,
      1656, 1513, 1515, -1,
      1656, 1515, 1657, -1,
      1515, 1517, 1657, -1,
      1657, 1517, 1519, -1,
      1657, 1519, 1658, -1,
      1519, 1521, 1658, -1,
      1658, 1521, 1523, -1,
      1658, 1523, 1659, -1,
      1523, 1525, 1659, -1,
      1659, 1525, 1527, -1,
      1659, 1527, 1660, -1,
      1607, 1609, 1644, -1,
      1644, 1609, 1611, -1,
      1644, 1611, 1645, -1,
      1645, 1611, 1613, -1,
      1645, 1613, 264, -1,
      264, 1613, 1615, -1,
      264, 1615, 263, -1,
      1661, 1579, 1625, -1,
      1625, 1579, 1581, -1,
      1625, 1581, 1623, -1,
      1623, 1581, 1583, -1,
      1623, 1583, 1639, -1,
      1639, 1583, 1585, -1,
      1639, 1585, 1587, -1,
      1567, 1569, 1634, -1,
      1634, 1569, 1571, -1,
      1634, 1571, 1637, -1,
      1637, 1571, 1573, -1,
      1637, 1573, 1635, -1,
      1635, 1573, 1575, -1,
      1635, 1575, 1661, -1,
      1661, 1575, 1577, -1,
      1661, 1577, 1579, -1,
      251, 1539, 253, -1,
      253, 1539, 1541, -1,
      253, 1541, 1626, -1,
      1626, 1541, 1543, -1,
      1626, 1543, 1629, -1,
      1629, 1543, 1545, -1,
      1629, 1545, 1547, -1,
      1527, 1529, 1660, -1,
      1660, 1529, 1531, -1,
      1660, 1531, 1627, -1,
      1627, 1531, 1533, -1,
      1627, 1533, 250, -1,
      250, 1533, 1535, -1,
      250, 1535, 251, -1,
      251, 1535, 1537, -1,
      251, 1537, 1539, -1,
      240, 1499, 238, -1,
      238, 1499, 1501, -1,
      238, 1501, 1621, -1,
      1621, 1501, 1503, -1,
      1621, 1503, 1655, -1,
      1655, 1503, 1505, -1,
      1655, 1505, 1507, -1,
      1487, 1489, 1652, -1,
      1652, 1489, 1491, -1,
      1652, 1491, 1653, -1,
      1653, 1491, 1493, -1,
      1653, 1493, 241, -1,
      241, 1493, 1495, -1,
      241, 1495, 240, -1,
      240, 1495, 1497, -1,
      240, 1497, 1499, -1,
      1615, 1457, 263, -1,
      263, 1457, 1459, -1,
      263, 1459, 261, -1,
      261, 1459, 1461, -1,
      261, 1461, 1622, -1,
      1622, 1461, 1463, -1,
      1622, 1463, 1647, -1,
      1647, 1463, 1465, -1,
      1647, 1465, 1467, -1,
      1662, 1636, 1663, -1,
      1663, 1636, 1635, -1,
      1663, 1635, 1664, -1,
      1664, 1635, 1661, -1,
      1664, 1661, 1665, -1,
      1665, 1661, 1625, -1,
      1665, 1625, 1666, -1,
      1666, 1625, 1624, -1,
      1666, 1624, 1667, -1,
      1668, 1662, 1663, -1,
      1669, 247, 246, -1,
      1670, 268, 267, -1,
      1671, 245, 244, -1,
      1672, 1673, 1674, -1,
      1672, 1674, 1675, -1,
      258, 257, 1676, -1,
      1677, 1678, 1679, -1,
      1666, 1667, 1680, -1,
      1681, 1682, 1668, -1,
      1681, 1683, 1682, -1,
      1682, 1683, 1684, -1,
      1682, 1684, 1685, -1,
      1686, 1687, 1688, -1,
      1688, 1687, 1685, -1,
      1688, 1685, 1689, -1,
      1689, 1685, 1684, -1,
      1690, 1691, 1692, -1,
      1690, 1692, 1693, -1,
      262, 260, 1694, -1,
      1674, 1695, 1675, -1,
      1675, 1695, 1696, -1,
      1675, 1696, 1676, -1,
      1676, 1696, 1697, -1,
      1676, 1697, 258, -1,
      258, 1697, 1698, -1,
      258, 1698, 260, -1,
      260, 1698, 1699, -1,
      260, 1699, 1694, -1,
      1673, 1672, 1700, -1,
      1700, 1672, 1671, -1,
      1700, 1671, 1701, -1,
      1701, 1671, 244, -1,
      1701, 244, 1702, -1,
      1702, 244, 242, -1,
      1702, 242, 1703, -1,
      1703, 242, 1704, -1,
      1704, 242, 239, -1,
      1704, 239, 1705, -1,
      1705, 239, 1706, -1,
      1706, 239, 237, -1,
      1706, 237, 1707, -1,
      237, 236, 1708, -1,
      1692, 1709, 1693, -1,
      1693, 1709, 1710, -1,
      1693, 1710, 1708, -1,
      1708, 1710, 1711, -1,
      1708, 1711, 237, -1,
      237, 1711, 1712, -1,
      237, 1712, 1707, -1,
      1691, 1690, 1713, -1,
      1713, 1690, 1669, -1,
      1713, 1669, 1714, -1,
      1714, 1669, 246, -1,
      1714, 246, 1715, -1,
      1715, 246, 249, -1,
      1715, 249, 1716, -1,
      1716, 249, 1717, -1,
      1717, 249, 252, -1,
      1717, 252, 1718, -1,
      1718, 252, 1719, -1,
      1719, 252, 254, -1,
      1719, 254, 1686, -1,
      1686, 254, 256, -1,
      1686, 256, 1687, -1,
      1663, 1720, 1668, -1,
      1668, 1720, 1721, -1,
      1668, 1721, 1681, -1,
      1664, 1722, 1663, -1,
      1663, 1722, 1723, -1,
      1663, 1723, 1720, -1,
      1665, 1724, 1664, -1,
      1664, 1724, 1725, -1,
      1664, 1725, 1722, -1,
      1679, 1726, 1677, -1,
      1677, 1726, 1727, -1,
      1677, 1727, 1680, -1,
      1680, 1727, 1728, -1,
      1680, 1728, 1666, -1,
      1666, 1728, 1729, -1,
      1666, 1729, 1665, -1,
      1665, 1729, 1730, -1,
      1665, 1730, 1724, -1,
      265, 1731, 267, -1,
      267, 1731, 1732, -1,
      267, 1732, 1670, -1,
      1670, 1732, 1733, -1,
      1670, 1733, 1678, -1,
      1678, 1733, 1734, -1,
      1678, 1734, 1679, -1,
      1694, 1735, 262, -1,
      262, 1735, 1736, -1,
      262, 1736, 265, -1,
      265, 1736, 1737, -1,
      265, 1737, 1731, -1,
      243, 245, 1653, -1,
      1653, 245, 1671, -1,
      1622, 1676, 259, -1,
      259, 1676, 257, -1,
      1738, 1648, 1739, -1,
      1739, 1648, 1649, -1,
      1738, 1740, 1648, -1,
      1648, 1740, 1741, -1,
      1648, 1741, 1646, -1,
      1646, 1741, 1742, -1,
      1646, 1742, 1647, -1,
      1647, 1742, 1743, -1,
      1647, 1743, 1622, -1,
      1743, 1744, 1622, -1,
      1622, 1744, 1745, -1,
      1622, 1745, 1676, -1,
      1676, 1745, 1746, -1,
      1653, 1671, 1747, -1,
      1746, 1748, 1676, -1,
      1676, 1748, 1749, -1,
      1676, 1749, 1675, -1,
      1675, 1749, 1750, -1,
      1675, 1750, 1672, -1,
      1672, 1750, 1751, -1,
      1672, 1751, 1671, -1,
      1671, 1751, 1752, -1,
      1671, 1752, 1747, -1,
      1747, 1753, 1653, -1,
      1653, 1753, 1754, -1,
      1653, 1754, 1652, -1,
      1652, 1754, 1755, -1,
      1652, 1755, 1651, -1,
      1651, 1755, 1756, -1,
      1651, 1756, 1650, -1,
      1650, 1756, 1757, -1,
      1650, 1757, 1758, -1,
      1758, 1759, 1650, -1,
      1650, 1759, 1760, -1,
      1650, 1760, 1649, -1,
      1649, 1760, 1761, -1,
      1649, 1761, 1739, -1,
      266, 268, 1645, -1,
      1645, 268, 1670, -1,
      1623, 1680, 1624, -1,
      1624, 1680, 1667, -1,
      1762, 1763, 1640, -1,
      1764, 1765, 1642, -1,
      1642, 1765, 1766, -1,
      1642, 1766, 1641, -1,
      1640, 1763, 1638, -1,
      1638, 1763, 1767, -1,
      1638, 1767, 1639, -1,
      1639, 1767, 1768, -1,
      1639, 1768, 1623, -1,
      1769, 1770, 1680, -1,
      1766, 1771, 1641, -1,
      1641, 1771, 1772, -1,
      1641, 1772, 1640, -1,
      1640, 1772, 1773, -1,
      1640, 1773, 1762, -1,
      1768, 1774, 1623, -1,
      1623, 1774, 1775, -1,
      1623, 1775, 1680, -1,
      1680, 1775, 1776, -1,
      1680, 1776, 1769, -1,
      1777, 1778, 1670, -1,
      1670, 1778, 1779, -1,
      1670, 1779, 1645, -1,
      1777, 1670, 1780, -1,
      1780, 1670, 1678, -1,
      1780, 1678, 1770, -1,
      1770, 1678, 1677, -1,
      1770, 1677, 1680, -1,
      1779, 1781, 1645, -1,
      1645, 1781, 1782, -1,
      1645, 1782, 1644, -1,
      1644, 1782, 1783, -1,
      1644, 1783, 1643, -1,
      1643, 1783, 1784, -1,
      1643, 1784, 1642, -1,
      1642, 1784, 1785, -1,
      1642, 1785, 1764, -1,
      1626, 1687, 255, -1,
      255, 1687, 256, -1,
      1636, 1662, 1637, -1,
      1637, 1662, 1668, -1,
      1786, 1630, 1787, -1,
      1787, 1630, 1631, -1,
      1687, 1626, 1788, -1,
      1789, 1790, 1632, -1,
      1632, 1790, 1791, -1,
      1632, 1791, 1631, -1,
      1631, 1791, 1792, -1,
      1631, 1792, 1787, -1,
      1786, 1793, 1630, -1,
      1630, 1793, 1794, -1,
      1630, 1794, 1628, -1,
      1628, 1794, 1795, -1,
      1628, 1795, 1629, -1,
      1629, 1795, 1796, -1,
      1629, 1796, 1626, -1,
      1626, 1796, 1797, -1,
      1626, 1797, 1788, -1,
      1788, 1798, 1687, -1,
      1687, 1798, 1799, -1,
      1687, 1799, 1800, -1,
      1637, 1801, 1634, -1,
      1634, 1801, 1802, -1,
      1634, 1802, 1633, -1,
      1633, 1802, 1803, -1,
      1633, 1803, 1632, -1,
      1632, 1803, 1804, -1,
      1632, 1804, 1789, -1,
      1805, 1806, 1668, -1,
      1668, 1806, 1807, -1,
      1668, 1807, 1637, -1,
      1637, 1807, 1808, -1,
      1637, 1808, 1801, -1,
      1805, 1668, 1809, -1,
      1809, 1668, 1682, -1,
      1809, 1682, 1800, -1,
      1800, 1682, 1685, -1,
      1800, 1685, 1687, -1,
      1621, 1708, 235, -1,
      235, 1708, 236, -1,
      248, 247, 1627, -1,
      1627, 247, 1669, -1,
      1810, 1656, 1811, -1,
      1811, 1656, 1657, -1,
      1812, 1813, 1658, -1,
      1658, 1813, 1814, -1,
      1658, 1814, 1657, -1,
      1657, 1814, 1815, -1,
      1657, 1815, 1811, -1,
      1810, 1816, 1656, -1,
      1656, 1816, 1817, -1,
      1656, 1817, 1654, -1,
      1654, 1817, 1818, -1,
      1654, 1818, 1655, -1,
      1655, 1818, 1819, -1,
      1655, 1819, 1621, -1,
      1820, 1708, 1821, -1,
      1821, 1708, 1621, -1,
      1821, 1621, 1822, -1,
      1822, 1621, 1819, -1,
      1627, 1669, 1823, -1,
      1823, 1824, 1627, -1,
      1627, 1824, 1825, -1,
      1627, 1825, 1660, -1,
      1660, 1825, 1826, -1,
      1660, 1826, 1659, -1,
      1659, 1826, 1827, -1,
      1659, 1827, 1658, -1,
      1658, 1827, 1828, -1,
      1658, 1828, 1812, -1,
      1820, 1829, 1708, -1,
      1708, 1829, 1830, -1,
      1708, 1830, 1693, -1,
      1693, 1830, 1831, -1,
      1693, 1831, 1690, -1,
      1690, 1831, 1832, -1,
      1690, 1832, 1669, -1,
      1669, 1832, 1833, -1,
      1669, 1833, 1823, -1,
      1834, 1821, 1835, -1,
      1835, 1821, 1822, -1,
      1835, 1822, 1836, -1,
      1836, 1822, 1819, -1,
      1836, 1819, 1837, -1,
      1837, 1819, 1818, -1,
      1837, 1818, 1838, -1,
      1838, 1818, 1817, -1,
      1838, 1817, 1839, -1,
      1839, 1817, 1816, -1,
      1839, 1816, 1840, -1,
      1840, 1816, 1810, -1,
      1840, 1810, 1841, -1,
      1841, 1810, 1811, -1,
      1841, 1811, 1842, -1,
      1842, 1811, 1815, -1,
      1842, 1815, 1843, -1,
      1843, 1815, 1814, -1,
      1843, 1814, 1844, -1,
      1844, 1814, 1813, -1,
      1844, 1813, 1845, -1,
      1845, 1813, 1812, -1,
      1845, 1812, 1846, -1,
      1846, 1812, 1828, -1,
      1846, 1828, 1847, -1,
      1847, 1828, 1827, -1,
      1847, 1827, 1848, -1,
      1848, 1827, 1826, -1,
      1848, 1826, 1849, -1,
      1849, 1826, 1825, -1,
      1849, 1825, 1850, -1,
      1850, 1825, 1824, -1,
      1850, 1824, 1851, -1,
      1851, 1824, 1823, -1,
      1851, 1823, 1852, -1,
      1852, 1823, 1833, -1,
      1852, 1833, 1853, -1,
      1853, 1833, 1832, -1,
      1853, 1832, 1854, -1,
      1854, 1832, 1831, -1,
      1854, 1831, 1855, -1,
      1855, 1831, 1830, -1,
      1855, 1830, 1856, -1,
      1856, 1830, 1829, -1,
      1856, 1829, 1857, -1,
      1857, 1829, 1820, -1,
      1857, 1820, 1834, -1,
      1834, 1820, 1821, -1,
      1844, 1845, 1858, -1,
      1858, 1845, 1846, -1,
      1858, 1846, 1847, -1,
      1841, 1842, 1858, -1,
      1858, 1842, 1843, -1,
      1858, 1843, 1844, -1,
      1838, 1839, 1858, -1,
      1858, 1839, 1840, -1,
      1858, 1840, 1841, -1,
      1835, 1836, 1858, -1,
      1858, 1836, 1837, -1,
      1858, 1837, 1838, -1,
      1856, 1857, 1858, -1,
      1858, 1857, 1834, -1,
      1858, 1834, 1835, -1,
      1853, 1854, 1858, -1,
      1858, 1854, 1855, -1,
      1858, 1855, 1856, -1,
      1850, 1851, 1858, -1,
      1858, 1851, 1852, -1,
      1858, 1852, 1853, -1,
      1847, 1848, 1858, -1,
      1858, 1848, 1849, -1,
      1858, 1849, 1850, -1,
      1859, 1738, 1860, -1,
      1860, 1738, 1739, -1,
      1860, 1739, 1861, -1,
      1861, 1739, 1761, -1,
      1861, 1761, 1862, -1,
      1862, 1761, 1760, -1,
      1862, 1760, 1863, -1,
      1863, 1760, 1759, -1,
      1863, 1759, 1864, -1,
      1864, 1759, 1758, -1,
      1864, 1758, 1865, -1,
      1865, 1758, 1757, -1,
      1865, 1757, 1866, -1,
      1866, 1757, 1756, -1,
      1866, 1756, 1867, -1,
      1867, 1756, 1755, -1,
      1867, 1755, 1868, -1,
      1868, 1755, 1754, -1,
      1868, 1754, 1869, -1,
      1869, 1754, 1753, -1,
      1869, 1753, 1870, -1,
      1870, 1753, 1747, -1,
      1870, 1747, 1871, -1,
      1871, 1747, 1752, -1,
      1871, 1752, 1872, -1,
      1872, 1752, 1751, -1,
      1872, 1751, 1873, -1,
      1873, 1751, 1750, -1,
      1873, 1750, 1874, -1,
      1874, 1750, 1749, -1,
      1874, 1749, 1875, -1,
      1875, 1749, 1748, -1,
      1875, 1748, 1876, -1,
      1876, 1748, 1746, -1,
      1876, 1746, 1877, -1,
      1877, 1746, 1745, -1,
      1877, 1745, 1878, -1,
      1878, 1745, 1744, -1,
      1878, 1744, 1879, -1,
      1879, 1744, 1743, -1,
      1879, 1743, 1880, -1,
      1880, 1743, 1742, -1,
      1880, 1742, 1881, -1,
      1881, 1742, 1741, -1,
      1881, 1741, 1882, -1,
      1882, 1741, 1740, -1,
      1882, 1740, 1859, -1,
      1859, 1740, 1738, -1,
      1869, 1870, 1883, -1,
      1883, 1870, 1871, -1,
      1883, 1871, 1872, -1,
      1866, 1867, 1883, -1,
      1883, 1867, 1868, -1,
      1883, 1868, 1869, -1,
      1863, 1864, 1883, -1,
      1883, 1864, 1865, -1,
      1883, 1865, 1866, -1,
      1860, 1861, 1883, -1,
      1883, 1861, 1862, -1,
      1883, 1862, 1863, -1,
      1881, 1882, 1883, -1,
      1883, 1882, 1859, -1,
      1883, 1859, 1860, -1,
      1878, 1879, 1883, -1,
      1883, 1879, 1880, -1,
      1883, 1880, 1881, -1,
      1875, 1876, 1883, -1,
      1883, 1876, 1877, -1,
      1883, 1877, 1878, -1,
      1872, 1873, 1883, -1,
      1883, 1873, 1874, -1,
      1883, 1874, 1875, -1,
      1884, 1785, 1885, -1,
      1885, 1785, 1784, -1,
      1885, 1784, 1886, -1,
      1886, 1784, 1783, -1,
      1886, 1783, 1887, -1,
      1887, 1783, 1782, -1,
      1887, 1782, 1888, -1,
      1888, 1782, 1781, -1,
      1888, 1781, 1889, -1,
      1889, 1781, 1779, -1,
      1889, 1779, 1890, -1,
      1890, 1779, 1778, -1,
      1890, 1778, 1891, -1,
      1891, 1778, 1777, -1,
      1891, 1777, 1892, -1,
      1892, 1777, 1780, -1,
      1892, 1780, 1893, -1,
      1893, 1780, 1770, -1,
      1893, 1770, 1894, -1,
      1894, 1770, 1769, -1,
      1894, 1769, 1895, -1,
      1895, 1769, 1776, -1,
      1895, 1776, 1896, -1,
      1896, 1776, 1775, -1,
      1896, 1775, 1897, -1,
      1897, 1775, 1774, -1,
      1897, 1774, 1898, -1,
      1898, 1774, 1768, -1,
      1898, 1768, 1899, -1,
      1899, 1768, 1767, -1,
      1899, 1767, 1900, -1,
      1900, 1767, 1763, -1,
      1900, 1763, 1901, -1,
      1901, 1763, 1762, -1,
      1901, 1762, 1902, -1,
      1902, 1762, 1773, -1,
      1902, 1773, 1903, -1,
      1903, 1773, 1772, -1,
      1903, 1772, 1904, -1,
      1904, 1772, 1771, -1,
      1904, 1771, 1905, -1,
      1905, 1771, 1766, -1,
      1905, 1766, 1906, -1,
      1906, 1766, 1765, -1,
      1906, 1765, 1907, -1,
      1907, 1765, 1764, -1,
      1907, 1764, 1884, -1,
      1884, 1764, 1785, -1,
      1894, 1895, 1908, -1,
      1908, 1895, 1896, -1,
      1908, 1896, 1897, -1,
      1891, 1892, 1908, -1,
      1908, 1892, 1893, -1,
      1908, 1893, 1894, -1,
      1888, 1889, 1908, -1,
      1908, 1889, 1890, -1,
      1908, 1890, 1891, -1,
      1885, 1886, 1908, -1,
      1908, 1886, 1887, -1,
      1908, 1887, 1888, -1,
      1906, 1907, 1908, -1,
      1908, 1907, 1884, -1,
      1908, 1884, 1885, -1,
      1903, 1904, 1908, -1,
      1908, 1904, 1905, -1,
      1908, 1905, 1906, -1,
      1900, 1901, 1908, -1,
      1908, 1901, 1902, -1,
      1908, 1902, 1903, -1,
      1897, 1898, 1908, -1,
      1908, 1898, 1899, -1,
      1908, 1899, 1900, -1,
      1909, 1806, 1910, -1,
      1910, 1806, 1805, -1,
      1910, 1805, 1911, -1,
      1911, 1805, 1809, -1,
      1911, 1809, 1912, -1,
      1912, 1809, 1800, -1,
      1912, 1800, 1913, -1,
      1913, 1800, 1799, -1,
      1913, 1799, 1914, -1,
      1914, 1799, 1798, -1,
      1914, 1798, 1915, -1,
      1915, 1798, 1788, -1,
      1915, 1788, 1916, -1,
      1916, 1788, 1797, -1,
      1916, 1797, 1917, -1,
      1917, 1797, 1796, -1,
      1917, 1796, 1918, -1,
      1918, 1796, 1795, -1,
      1918, 1795, 1919, -1,
      1919, 1795, 1794, -1,
      1919, 1794, 1920, -1,
      1920, 1794, 1793, -1,
      1920, 1793, 1921, -1,
      1921, 1793, 1786, -1,
      1921, 1786, 1922, -1,
      1922, 1786, 1787, -1,
      1922, 1787, 1923, -1,
      1923, 1787, 1792, -1,
      1923, 1792, 1924, -1,
      1924, 1792, 1791, -1,
      1924, 1791, 1925, -1,
      1925, 1791, 1790, -1,
      1925, 1790, 1926, -1,
      1926, 1790, 1789, -1,
      1926, 1789, 1927, -1,
      1927, 1789, 1804, -1,
      1927, 1804, 1928, -1,
      1928, 1804, 1803, -1,
      1928, 1803, 1929, -1,
      1929, 1803, 1802, -1,
      1929, 1802, 1930, -1,
      1930, 1802, 1801, -1,
      1930, 1801, 1931, -1,
      1931, 1801, 1808, -1,
      1931, 1808, 1932, -1,
      1932, 1808, 1807, -1,
      1932, 1807, 1909, -1,
      1909, 1807, 1806, -1,
      1919, 1920, 1933, -1,
      1933, 1920, 1921, -1,
      1933, 1921, 1922, -1,
      1916, 1917, 1933, -1,
      1933, 1917, 1918, -1,
      1933, 1918, 1919, -1,
      1913, 1914, 1933, -1,
      1933, 1914, 1915, -1,
      1933, 1915, 1916, -1,
      1910, 1911, 1933, -1,
      1933, 1911, 1912, -1,
      1933, 1912, 1913, -1,
      1931, 1932, 1933, -1,
      1933, 1932, 1909, -1,
      1933, 1909, 1910, -1,
      1928, 1929, 1933, -1,
      1933, 1929, 1930, -1,
      1933, 1930, 1931, -1,
      1925, 1926, 1933, -1,
      1933, 1926, 1927, -1,
      1933, 1927, 1928, -1,
      1922, 1923, 1933, -1,
      1933, 1923, 1924, -1,
      1933, 1924, 1925, -1,
      1934, 1935, 1936, -1,
      1936, 1935, 1937, -1,
      1936, 1937, 1938, -1,
      1939, 1940, 1936, -1,
      1936, 1940, 1941, -1,
      1936, 1941, 1934, -1,
      1942, 1943, 1936, -1,
      1936, 1943, 1944, -1,
      1936, 1944, 1939, -1,
      1945, 1946, 1936, -1,
      1936, 1946, 1947, -1,
      1936, 1947, 1942, -1,
      1948, 1949, 1936, -1,
      1936, 1949, 1950, -1,
      1936, 1950, 1945, -1,
      1951, 1952, 1936, -1,
      1936, 1952, 1953, -1,
      1936, 1953, 1948, -1,
      1954, 1955, 1936, -1,
      1936, 1955, 1956, -1,
      1936, 1956, 1951, -1,
      1938, 1957, 1936, -1,
      1936, 1957, 1958, -1,
      1936, 1958, 1954, -1,
      1959, 1960, 97, -1,
      1961, 103, 1962, -1,
      1962, 103, 100, -1,
      1962, 100, 1960, -1,
      1960, 100, 98, -1,
      1960, 98, 97, -1,
      1963, 105, 1961, -1,
      1961, 105, 104, -1,
      1961, 104, 103, -1,
      1964, 107, 1963, -1,
      1963, 107, 106, -1,
      1963, 106, 105, -1,
      1965, 110, 1964, -1,
      1964, 110, 109, -1,
      1964, 109, 107, -1,
      1966, 114, 1967, -1,
      1967, 114, 113, -1,
      1967, 113, 1968, -1,
      1968, 113, 112, -1,
      1968, 112, 1965, -1,
      1965, 112, 111, -1,
      1965, 111, 110, -1,
      1969, 90, 1966, -1,
      1966, 90, 89, -1,
      89, 116, 1966, -1,
      1966, 116, 115, -1,
      1966, 115, 114, -1,
      1970, 94, 1971, -1,
      1971, 94, 93, -1,
      1971, 93, 1969, -1,
      1969, 93, 92, -1,
      1969, 92, 90, -1,
      1972, 96, 1970, -1,
      1970, 96, 95, -1,
      1970, 95, 94, -1,
      1973, 73, 1974, -1,
      1974, 73, 72, -1,
      1974, 72, 1972, -1,
      1972, 72, 70, -1,
      1972, 70, 96, -1,
      1975, 75, 1973, -1,
      1973, 75, 74, -1,
      1973, 74, 73, -1,
      1976, 81, 1975, -1,
      1975, 81, 76, -1,
      1975, 76, 75, -1,
      1977, 83, 1976, -1,
      1976, 83, 82, -1,
      1976, 82, 81, -1,
      1978, 87, 1979, -1,
      1979, 87, 78, -1,
      1979, 78, 1980, -1,
      1980, 78, 77, -1,
      1980, 77, 1977, -1,
      1977, 77, 80, -1,
      1977, 80, 83, -1,
      1981, 59, 1978, -1,
      1978, 59, 58, -1,
      58, 86, 1978, -1,
      1978, 86, 85, -1,
      1978, 85, 87, -1,
      97, 68, 1959, -1,
      1959, 68, 67, -1,
      1959, 67, 1982, -1,
      1982, 67, 63, -1,
      1982, 63, 1981, -1,
      1981, 63, 61, -1,
      1981, 61, 59, -1,
      1937, 1983, 1938, -1,
      1938, 1983, 1984, -1,
      1938, 1984, 1957, -1,
      1957, 1984, 1985, -1,
      1957, 1985, 1958, -1,
      1958, 1985, 1986, -1,
      1958, 1986, 1954, -1,
      1954, 1986, 1987, -1,
      1954, 1987, 1955, -1,
      1955, 1987, 1988, -1,
      1955, 1988, 1956, -1,
      1956, 1988, 1989, -1,
      1956, 1989, 1951, -1,
      1951, 1989, 1990, -1,
      1951, 1990, 1952, -1,
      1952, 1990, 1991, -1,
      1952, 1991, 1953, -1,
      1953, 1991, 1992, -1,
      1953, 1992, 1948, -1,
      1948, 1992, 1993, -1,
      1948, 1993, 1949, -1,
      1949, 1993, 1994, -1,
      1949, 1994, 1950, -1,
      1950, 1994, 1995, -1,
      1950, 1995, 1945, -1,
      1945, 1995, 1996, -1,
      1945, 1996, 1946, -1,
      1946, 1996, 1997, -1,
      1946, 1997, 1947, -1,
      1947, 1997, 1998, -1,
      1947, 1998, 1942, -1,
      1942, 1998, 1999, -1,
      1942, 1999, 1943, -1,
      1943, 1999, 2000, -1,
      1943, 2000, 1944, -1,
      1944, 2000, 2001, -1,
      1944, 2001, 1939, -1,
      1939, 2001, 2002, -1,
      1939, 2002, 1940, -1,
      1940, 2002, 2003, -1,
      1940, 2003, 1941, -1,
      1941, 2003, 2004, -1,
      1941, 2004, 1934, -1,
      1934, 2004, 2005, -1,
      1934, 2005, 1935, -1,
      1935, 2005, 2006, -1,
      1935, 2006, 1937, -1,
      1937, 2006, 1983, -1,
      2006, 2007, 1983, -1,
      1983, 2007, 2008, -1,
      1983, 2008, 1984, -1,
      1984, 2008, 2009, -1,
      1984, 2009, 1985, -1,
      1985, 2009, 2010, -1,
      1985, 2010, 1986, -1,
      1986, 2010, 2011, -1,
      1986, 2011, 1987, -1,
      1987, 2011, 2012, -1,
      1987, 2012, 1988, -1,
      1988, 2012, 2013, -1,
      1988, 2013, 1989, -1,
      1989, 2013, 2014, -1,
      1989, 2014, 1990, -1,
      1990, 2014, 2015, -1,
      1990, 2015, 1991, -1,
      1991, 2015, 2016, -1,
      1991, 2016, 1992, -1,
      1992, 2016, 2017, -1,
      1992, 2017, 1993, -1,
      1993, 2017, 2018, -1,
      1993, 2018, 1994, -1,
      1994, 2018, 2019, -1,
      1994, 2019, 1995, -1,
      1995, 2019, 2020, -1,
      1995, 2020, 1996, -1,
      1996, 2020, 2021, -1,
      1996, 2021, 1997, -1,
      1997, 2021, 2022, -1,
      1997, 2022, 1998, -1,
      1998, 2022, 2023, -1,
      1998, 2023, 1999, -1,
      1999, 2023, 2024, -1,
      1999, 2024, 2000, -1,
      2000, 2024, 2025, -1,
      2000, 2025, 2001, -1,
      2001, 2025, 2026, -1,
      2001, 2026, 2002, -1,
      2002, 2026, 2027, -1,
      2002, 2027, 2003, -1,
      2003, 2027, 2028, -1,
      2003, 2028, 2004, -1,
      2004, 2028, 2029, -1,
      2004, 2029, 2005, -1,
      2005, 2029, 2030, -1,
      2005, 2030, 2006, -1,
      2006, 2030, 2007, -1,
      2030, 2031, 2007, -1,
      2007, 2031, 2032, -1,
      2007, 2032, 2008, -1,
      2008, 2032, 2033, -1,
      2008, 2033, 2009, -1,
      2009, 2033, 2034, -1,
      2009, 2034, 2010, -1,
      2010, 2034, 2035, -1,
      2010, 2035, 2011, -1,
      2011, 2035, 2036, -1,
      2011, 2036, 2012, -1,
      2012, 2036, 2037, -1,
      2012, 2037, 2013, -1,
      2013, 2037, 2038, -1,
      2013, 2038, 2014, -1,
      2014, 2038, 2039, -1,
      2014, 2039, 2015, -1,
      2015, 2039, 2040, -1,
      2015, 2040, 2016, -1,
      2016, 2040, 2041, -1,
      2016, 2041, 2017, -1,
      2017, 2041, 2042, -1,
      2017, 2042, 2018, -1,
      2018, 2042, 2043, -1,
      2018, 2043, 2019, -1,
      2019, 2043, 2044, -1,
      2019, 2044, 2020, -1,
      2020, 2044, 2045, -1,
      2020, 2045, 2021, -1,
      2021, 2045, 2046, -1,
      2021, 2046, 2022, -1,
      2022, 2046, 2047, -1,
      2022, 2047, 2023, -1,
      2023, 2047, 2048, -1,
      2023, 2048, 2024, -1,
      2024, 2048, 2049, -1,
      2024, 2049, 2025, -1,
      2025, 2049, 2050, -1,
      2025, 2050, 2026, -1,
      2026, 2050, 2051, -1,
      2026, 2051, 2027, -1,
      2027, 2051, 2052, -1,
      2027, 2052, 2028, -1,
      2028, 2052, 2053, -1,
      2028, 2053, 2029, -1,
      2029, 2053, 2054, -1,
      2029, 2054, 2030, -1,
      2030, 2054, 2031, -1,
      2054, 2055, 2031, -1,
      2031, 2055, 2056, -1,
      2031, 2056, 2032, -1,
      2032, 2056, 2057, -1,
      2032, 2057, 2033, -1,
      2033, 2057, 2058, -1,
      2033, 2058, 2034, -1,
      2034, 2058, 2059, -1,
      2034, 2059, 2035, -1,
      2035, 2059, 2060, -1,
      2035, 2060, 2036, -1,
      2036, 2060, 2061, -1,
      2036, 2061, 2037, -1,
      2037, 2061, 2062, -1,
      2037, 2062, 2038, -1,
      2038, 2062, 2063, -1,
      2038, 2063, 2039, -1,
      2039, 2063, 2064, -1,
      2039, 2064, 2040, -1,
      2040, 2064, 2065, -1,
      2040, 2065, 2041, -1,
      2041, 2065, 2066, -1,
      2041, 2066, 2042, -1,
      2042, 2066, 2067, -1,
      2042, 2067, 2043, -1,
      2043, 2067, 2068, -1,
      2043, 2068, 2044, -1,
      2044, 2068, 2069, -1,
      2044, 2069, 2045, -1,
      2045, 2069, 2070, -1,
      2045, 2070, 2046, -1,
      2046, 2070, 2071, -1,
      2046, 2071, 2047, -1,
      2047, 2071, 2072, -1,
      2047, 2072, 2048, -1,
      2048, 2072, 2073, -1,
      2048, 2073, 2049, -1,
      2049, 2073, 2074, -1,
      2049, 2074, 2050, -1,
      2050, 2074, 2075, -1,
      2050, 2075, 2051, -1,
      2051, 2075, 2076, -1,
      2051, 2076, 2052, -1,
      2052, 2076, 2077, -1,
      2052, 2077, 2053, -1,
      2053, 2077, 2078, -1,
      2053, 2078, 2054, -1,
      2054, 2078, 2055, -1,
      2078, 2079, 2055, -1,
      2055, 2079, 2080, -1,
      2055, 2080, 2056, -1,
      2056, 2080, 2081, -1,
      2056, 2081, 2057, -1,
      2057, 2081, 2082, -1,
      2057, 2082, 2058, -1,
      2058, 2082, 2083, -1,
      2058, 2083, 2059, -1,
      2059, 2083, 2084, -1,
      2059, 2084, 2060, -1,
      2060, 2084, 2085, -1,
      2060, 2085, 2061, -1,
      2061, 2085, 2086, -1,
      2061, 2086, 2062, -1,
      2062, 2086, 2087, -1,
      2062, 2087, 2063, -1,
      2063, 2087, 2088, -1,
      2063, 2088, 2064, -1,
      2064, 2088, 2089, -1,
      2064, 2089, 2065, -1,
      2065, 2089, 2090, -1,
      2065, 2090, 2066, -1,
      2066, 2090, 2091, -1,
      2066, 2091, 2067, -1,
      2067, 2091, 2092, -1,
      2067, 2092, 2068, -1,
      2068, 2092, 2093, -1,
      2068, 2093, 2069, -1,
      2069, 2093, 2094, -1,
      2069, 2094, 2070, -1,
      2070, 2094, 2095, -1,
      2070, 2095, 2071, -1,
      2071, 2095, 2096, -1,
      2071, 2096, 2072, -1,
      2072, 2096, 2097, -1,
      2072, 2097, 2073, -1,
      2073, 2097, 2098, -1,
      2073, 2098, 2074, -1,
      2074, 2098, 2099, -1,
      2074, 2099, 2075, -1,
      2075, 2099, 2100, -1,
      2075, 2100, 2076, -1,
      2076, 2100, 2101, -1,
      2076, 2101, 2077, -1,
      2077, 2101, 2102, -1,
      2077, 2102, 2078, -1,
      2078, 2102, 2079, -1,
      2102, 1981, 2079, -1,
      2079, 1981, 1978, -1,
      2079, 1978, 2080, -1,
      2080, 1978, 1979, -1,
      2080, 1979, 2081, -1,
      2081, 1979, 1980, -1,
      2081, 1980, 2082, -1,
      2082, 1980, 1977, -1,
      2082, 1977, 2083, -1,
      2083, 1977, 1976, -1,
      2083, 1976, 2084, -1,
      2084, 1976, 1975, -1,
      2084, 1975, 2085, -1,
      2085, 1975, 1973, -1,
      2085, 1973, 2086, -1,
      2086, 1973, 1974, -1,
      2086, 1974, 2087, -1,
      2087, 1974, 1972, -1,
      2087, 1972, 2088, -1,
      2088, 1972, 1970, -1,
      2088, 1970, 2089, -1,
      2089, 1970, 1971, -1,
      2089, 1971, 2090, -1,
      2090, 1971, 1969, -1,
      2090, 1969, 2091, -1,
      2091, 1969, 1966, -1,
      2091, 1966, 2092, -1,
      2092, 1966, 1967, -1,
      2092, 1967, 2093, -1,
      2093, 1967, 1968, -1,
      2093, 1968, 2094, -1,
      2094, 1968, 1965, -1,
      2094, 1965, 2095, -1,
      2095, 1965, 1964, -1,
      2095, 1964, 2096, -1,
      2096, 1964, 1963, -1,
      2096, 1963, 2097, -1,
      2097, 1963, 1961, -1,
      2097, 1961, 2098, -1,
      2098, 1961, 1962, -1,
      2098, 1962, 2099, -1,
      2099, 1962, 1960, -1,
      2099, 1960, 2100, -1,
      2100, 1960, 1959, -1,
      2100, 1959, 2101, -1,
      2101, 1959, 1982, -1,
      2101, 1982, 2102, -1,
      2102, 1982, 1981, -1,
      2103, 2104, 2105, -1,
      2105, 2104, 2106, -1,
      2105, 2106, 2107, -1,
      2108, 2109, 2105, -1,
      2105, 2109, 2110, -1,
      2105, 2110, 2103, -1,
      2111, 2112, 2105, -1,
      2105, 2112, 2113, -1,
      2105, 2113, 2108, -1,
      2114, 2115, 2105, -1,
      2105, 2115, 2116, -1,
      2105, 2116, 2111, -1,
      2117, 2118, 2105, -1,
      2105, 2118, 2119, -1,
      2105, 2119, 2114, -1,
      2120, 2121, 2105, -1,
      2105, 2121, 2122, -1,
      2105, 2122, 2117, -1,
      2123, 2124, 2105, -1,
      2105, 2124, 2125, -1,
      2105, 2125, 2120, -1,
      2107, 2126, 2105, -1,
      2105, 2126, 2127, -1,
      2105, 2127, 2123, -1,
      2, 32, 2128, -1,
      2129, 2130, 52, -1,
      52, 2130, 53, -1,
      53, 2130, 2131, -1,
      53, 2131, 54, -1,
      54, 2131, 2132, -1,
      54, 2132, 55, -1,
      55, 2132, 56, -1,
      56, 2132, 2133, -1,
      56, 2133, 57, -1,
      57, 2133, 36, -1,
      36, 2133, 2134, -1,
      36, 2134, 37, -1,
      37, 2134, 43, -1,
      43, 2134, 2135, -1,
      43, 2135, 41, -1,
      41, 2135, 42, -1,
      42, 2135, 2136, -1,
      42, 2136, 28, -1,
      28, 2136, 2137, -1,
      28, 2137, 29, -1,
      29, 2137, 2138, -1,
      29, 2138, 30, -1,
      2128, 32, 2138, -1,
      2138, 32, 31, -1,
      2138, 31, 30, -1,
      2, 2128, 15, -1,
      15, 2128, 2139, -1,
      15, 2139, 17, -1,
      17, 2139, 2140, -1,
      17, 2140, 18, -1,
      18, 2140, 19, -1,
      19, 2140, 2141, -1,
      19, 2141, 20, -1,
      20, 2141, 2142, -1,
      20, 2142, 21, -1,
      21, 2142, 2143, -1,
      21, 2143, 27, -1,
      27, 2143, 26, -1,
      26, 2143, 2144, -1,
      26, 2144, 24, -1,
      24, 2144, 8, -1,
      8, 2144, 2145, -1,
      8, 2145, 9, -1,
      9, 2145, 11, -1,
      11, 2145, 2146, -1,
      11, 2146, 12, -1,
      12, 2146, 13, -1,
      13, 2146, 2147, -1,
      13, 2147, 3, -1,
      3, 2147, 2148, -1,
      3, 2148, 4, -1,
      4, 2148, 2149, -1,
      4, 2149, 6, -1,
      2150, 45, 2149, -1,
      2149, 45, 7, -1,
      2149, 7, 6, -1,
      52, 51, 2129, -1,
      2129, 51, 50, -1,
      2129, 50, 2151, -1,
      2151, 50, 48, -1,
      2151, 48, 2150, -1,
      2150, 48, 46, -1,
      2150, 46, 45, -1,
      2106, 2152, 2107, -1,
      2107, 2152, 2153, -1,
      2107, 2153, 2126, -1,
      2126, 2153, 2154, -1,
      2126, 2154, 2127, -1,
      2127, 2154, 2155, -1,
      2127, 2155, 2123, -1,
      2123, 2155, 2156, -1,
      2123, 2156, 2124, -1,
      2124, 2156, 2157, -1,
      2124, 2157, 2125, -1,
      2125, 2157, 2158, -1,
      2125, 2158, 2120, -1,
      2120, 2158, 2159, -1,
      2120, 2159, 2121, -1,
      2121, 2159, 2160, -1,
      2121, 2160, 2122, -1,
      2122, 2160, 2161, -1,
      2122, 2161, 2117, -1,
      2117, 2161, 2162, -1,
      2117, 2162, 2118, -1,
      2118, 2162, 2163, -1,
      2118, 2163, 2119, -1,
      2119, 2163, 2164, -1,
      2119, 2164, 2114, -1,
      2114, 2164, 2165, -1,
      2114, 2165, 2115, -1,
      2115, 2165, 2166, -1,
      2115, 2166, 2116, -1,
      2116, 2166, 2167, -1,
      2116, 2167, 2111, -1,
      2111, 2167, 2168, -1,
      2111, 2168, 2112, -1,
      2112, 2168, 2169, -1,
      2112, 2169, 2113, -1,
      2113, 2169, 2170, -1,
      2113, 2170, 2108, -1,
      2108, 2170, 2171, -1,
      2108, 2171, 2109, -1,
      2109, 2171, 2172, -1,
      2109, 2172, 2110, -1,
      2110, 2172, 2173, -1,
      2110, 2173, 2103, -1,
      2103, 2173, 2174, -1,
      2103, 2174, 2104, -1,
      2104, 2174, 2175, -1,
      2104, 2175, 2106, -1,
      2106, 2175, 2152, -1,
      2175, 2176, 2152, -1,
      2152, 2176, 2177, -1,
      2152, 2177, 2153, -1,
      2153, 2177, 2178, -1,
      2153, 2178, 2154, -1,
      2154, 2178, 2179, -1,
      2154, 2179, 2155, -1,
      2155, 2179, 2180, -1,
      2155, 2180, 2156, -1,
      2156, 2180, 2181, -1,
      2156, 2181, 2157, -1,
      2157, 2181, 2182, -1,
      2157, 2182, 2158, -1,
      2158, 2182, 2183, -1,
      2158, 2183, 2159, -1,
      2159, 2183, 2184, -1,
      2159, 2184, 2160, -1,
      2160, 2184, 2185, -1,
      2160, 2185, 2161, -1,
      2161, 2185, 2186, -1,
      2161, 2186, 2162, -1,
      2162, 2186, 2187, -1,
      2162, 2187, 2163, -1,
      2163, 2187, 2188, -1,
      2163, 2188, 2164, -1,
      2164, 2188, 2189, -1,
      2164, 2189, 2165, -1,
      2165, 2189, 2190, -1,
      2165, 2190, 2166, -1,
      2166, 2190, 2191, -1,
      2166, 2191, 2167, -1,
      2167, 2191, 2192, -1,
      2167, 2192, 2168, -1,
      2168, 2192, 2193, -1,
      2168, 2193, 2169, -1,
      2169, 2193, 2194, -1,
      2169, 2194, 2170, -1,
      2170, 2194, 2195, -1,
      2170, 2195, 2171, -1,
      2171, 2195, 2196, -1,
      2171, 2196, 2172, -1,
      2172, 2196, 2197, -1,
      2172, 2197, 2173, -1,
      2173, 2197, 2198, -1,
      2173, 2198, 2174, -1,
      2174, 2198, 2199, -1,
      2174, 2199, 2175, -1,
      2175, 2199, 2176, -1,
      2199, 2200, 2176, -1,
      2176, 2200, 2201, -1,
      2176, 2201, 2177, -1,
      2177, 2201, 2202, -1,
      2177, 2202, 2178, -1,
      2178, 2202, 2203, -1,
      2178, 2203, 2179, -1,
      2179, 2203, 2204, -1,
      2179, 2204, 2180, -1,
      2180, 2204, 2205, -1,
      2180, 2205, 2181, -1,
      2181, 2205, 2206, -1,
      2181, 2206, 2182, -1,
      2182, 2206, 2207, -1,
      2182, 2207, 2183, -1,
      2183, 2207, 2208, -1,
      2183, 2208, 2184, -1,
      2184, 2208, 2209, -1,
      2184, 2209, 2185, -1,
      2185, 2209, 2210, -1,
      2185, 2210, 2186, -1,
      2186, 2210, 2211, -1,
      2186, 2211, 2187, -1,
      2187, 2211, 2212, -1,
      2187, 2212, 2188, -1,
      2188, 2212, 2213, -1,
      2188, 2213, 2189, -1,
      2189, 2213, 2214, -1,
      2189, 2214, 2190, -1,
      2190, 2214, 2215, -1,
      2190, 2215, 2191, -1,
      2191, 2215, 2216, -1,
      2191, 2216, 2192, -1,
      2192, 2216, 2217, -1,
      2192, 2217, 2193, -1,
      2193, 2217, 2218, -1,
      2193, 2218, 2194, -1,
      2194, 2218, 2219, -1,
      2194, 2219, 2195, -1,
      2195, 2219, 2220, -1,
      2195, 2220, 2196, -1,
      2196, 2220, 2221, -1,
      2196, 2221, 2197, -1,
      2197, 2221, 2222, -1,
      2197, 2222, 2198, -1,
      2198, 2222, 2223, -1,
      2198, 2223, 2199, -1,
      2199, 2223, 2200, -1,
      2223, 2224, 2200, -1,
      2200, 2224, 2225, -1,
      2200, 2225, 2201, -1,
      2201, 2225, 2226, -1,
      2201, 2226, 2202, -1,
      2202, 2226, 2227, -1,
      2202, 2227, 2203, -1,
      2203, 2227, 2228, -1,
      2203, 2228, 2204, -1,
      2204, 2228, 2229, -1,
      2204, 2229, 2205, -1,
      2205, 2229, 2230, -1,
      2205, 2230, 2206, -1,
      2206, 2230, 2231, -1,
      2206, 2231, 2207, -1,
      2207, 2231, 2232, -1,
      2207, 2232, 2208, -1,
      2208, 2232, 2233, -1,
      2208, 2233, 2209, -1,
      2209, 2233, 2234, -1,
      2209, 2234, 2210, -1,
      2210, 2234, 2235, -1,
      2210, 2235, 2211, -1,
      2211, 2235, 2236, -1,
      2211, 2236, 2212, -1,
      2212, 2236, 2237, -1,
      2212, 2237, 2213, -1,
      2213, 2237, 2238, -1,
      2213, 2238, 2214, -1,
      2214, 2238, 2239, -1,
      2214, 2239, 2215, -1,
      2215, 2239, 2240, -1,
      2215, 2240, 2216, -1,
      2216, 2240, 2241, -1,
      2216, 2241, 2217, -1,
      2217, 2241, 2242, -1,
      2217, 2242, 2218, -1,
      2218, 2242, 2243, -1,
      2218, 2243, 2219, -1,
      2219, 2243, 2244, -1,
      2219, 2244, 2220, -1,
      2220, 2244, 2245, -1,
      2220, 2245, 2221, -1,
      2221, 2245, 2246, -1,
      2221, 2246, 2222, -1,
      2222, 2246, 2247, -1,
      2222, 2247, 2223, -1,
      2223, 2247, 2224, -1,
      2247, 2248, 2224, -1,
      2224, 2248, 2249, -1,
      2224, 2249, 2225, -1,
      2225, 2249, 2250, -1,
      2225, 2250, 2226, -1,
      2226, 2250, 2251, -1,
      2226, 2251, 2227, -1,
      2227, 2251, 2252, -1,
      2227, 2252, 2228, -1,
      2228, 2252, 2253, -1,
      2228, 2253, 2229, -1,
      2229, 2253, 2254, -1,
      2229, 2254, 2230, -1,
      2230, 2254, 2255, -1,
      2230, 2255, 2231, -1,
      2231, 2255, 2256, -1,
      2231, 2256, 2232, -1,
      2232, 2256, 2257, -1,
      2232, 2257, 2233, -1,
      2233, 2257, 2258, -1,
      2233, 2258, 2234, -1,
      2234, 2258, 2259, -1,
      2234, 2259, 2235, -1,
      2235, 2259, 2260, -1,
      2235, 2260, 2236, -1,
      2236, 2260, 2261, -1,
      2236, 2261, 2237, -1,
      2237, 2261, 2262, -1,
      2237, 2262, 2238, -1,
      2238, 2262, 2263, -1,
      2238, 2263, 2239, -1,
      2239, 2263, 2264, -1,
      2239, 2264, 2240, -1,
      2240, 2264, 2265, -1,
      2240, 2265, 2241, -1,
      2241, 2265, 2266, -1,
      2241, 2266, 2242, -1,
      2242, 2266, 2267, -1,
      2242, 2267, 2243, -1,
      2243, 2267, 2268, -1,
      2243, 2268, 2244, -1,
      2244, 2268, 2269, -1,
      2244, 2269, 2245, -1,
      2245, 2269, 2270, -1,
      2245, 2270, 2246, -1,
      2246, 2270, 2271, -1,
      2246, 2271, 2247, -1,
      2247, 2271, 2248, -1,
      2271, 2150, 2248, -1,
      2248, 2150, 2149, -1,
      2248, 2149, 2249, -1,
      2249, 2149, 2148, -1,
      2249, 2148, 2250, -1,
      2250, 2148, 2147, -1,
      2250, 2147, 2251, -1,
      2251, 2147, 2146, -1,
      2251, 2146, 2252, -1,
      2252, 2146, 2145, -1,
      2252, 2145, 2253, -1,
      2253, 2145, 2144, -1,
      2253, 2144, 2254, -1,
      2254, 2144, 2143, -1,
      2254, 2143, 2255, -1,
      2255, 2143, 2142, -1,
      2255, 2142, 2256, -1,
      2256, 2142, 2141, -1,
      2256, 2141, 2257, -1,
      2257, 2141, 2140, -1,
      2257, 2140, 2258, -1,
      2258, 2140, 2139, -1,
      2258, 2139, 2259, -1,
      2259, 2139, 2128, -1,
      2259, 2128, 2260, -1,
      2260, 2128, 2138, -1,
      2260, 2138, 2261, -1,
      2261, 2138, 2137, -1,
      2261, 2137, 2262, -1,
      2262, 2137, 2136, -1,
      2262, 2136, 2263, -1,
      2263, 2136, 2135, -1,
      2263, 2135, 2264, -1,
      2264, 2135, 2134, -1,
      2264, 2134, 2265, -1,
      2265, 2134, 2133, -1,
      2265, 2133, 2266, -1,
      2266, 2133, 2132, -1,
      2266, 2132, 2267, -1,
      2267, 2132, 2131, -1,
      2267, 2131, 2268, -1,
      2268, 2131, 2130, -1,
      2268, 2130, 2269, -1,
      2269, 2130, 2129, -1,
      2269, 2129, 2270, -1,
      2270, 2129, 2151, -1,
      2270, 2151, 2271, -1,
      2271, 2151, 2150, -1,
    ]
  }
}

Shape {
  appearance Appearance {
    material Material {
      diffuseColor 1.0000 1.0000 1.0000
      specularColor 0.5020 0.5020 0.5020
      ambientIntensity 0.2
      transparency 0.0000
      shininess 0.5
    }
  }
  geometry IndexedFaceSet {
    ccw TRUE
    solid FALSE
    coord DEF co Coordinate {
      point [
        -0.782098 0.356080 0.196850,
        0.842124 0.174776 0.196850,
        0.815488 0.279957 0.196850,
        0.812740 0.286222 0.196850,
        0.782098 0.356080 0.196850,
        0.758286 0.410364 0.196850,
        -0.646210 0.566719 0.196850,
        -0.680401 0.529577 0.196850,
        -0.758286 0.410364 0.196850,
        -0.699724 -0.500000 0.196850,
        -0.758286 -0.410364 0.196850,
        -0.815488 -0.279957 0.196850,
        -0.850445 -0.141914 0.196850,
        -0.862205 -0.000000 0.196850,
        -0.211659 -0.835822 0.196850,
        -0.346344 -0.789584 0.196850,
        -0.471581 -0.721809 0.196850,
        -0.583956 -0.634344 0.196850,
        -0.680401 -0.529577 0.196850,
        -0.071200 -0.859260 0.196850,
        -0.179024 -0.841267 0.196850,
        0.110267 -0.852741 0.196850,
        0.071200 -0.859260 0.196850,
        -0.040721 -0.859260 0.196850,
        0.391749 -0.765012 0.196850,
        0.346344 -0.789584 0.196850,
        0.211659 -0.835822 0.196850,
        0.199189 -0.837902 0.196850,
        0.680401 -0.529577 0.196850,
        0.583956 -0.634344 0.196850,
        0.471581 -0.721809 0.196850,
        0.850445 0.141914 0.196850,
        0.862205 0.000000 0.196850,
        0.850445 -0.141914 0.196850,
        0.815488 -0.279957 0.196850,
        0.758286 -0.410364 0.196850,
        0.699724 -0.500000 0.196850,
        0.391749 0.765012 0.196850,
        0.471581 0.721809 0.196850,
        0.583956 0.634344 0.196850,
        0.646210 0.566719 0.196850,
        0.680401 0.529577 0.196850,
        0.346344 0.789584 0.196850,
        -0.040721 0.859260 0.196850,
        0.071200 0.859260 0.196850,
        0.110267 0.852741 0.196850,
        0.199189 0.837902 0.196850,
        0.211659 0.835822 0.196850,
        -0.583956 0.634344 0.196850,
        -0.471581 0.721809 0.196850,
        -0.346344 0.789584 0.196850,
        -0.071200 0.859260 0.196850,
        -0.179024 0.841267 0.196850,
        -0.211659 0.835822 0.196850,
        -0.850445 0.141914 0.196850,
        -0.842124 0.174776 0.196850,
        -0.815488 0.279957 0.196850,
        -0.812740 0.286222 0.196850,
        1.547119 -1.370628 1.771654,
        0.732943 1.932612 1.771654,
        -2.066929 -0.000000 1.771654,
        -2.040163 0.331559 1.771654,
        -1.960557 0.654530 1.771654,
        -1.830175 0.960550 1.771654,
        -1.652391 1.241692 1.771654,
        -1.431812 1.490674 1.771654,
        -1.174150 1.701049 1.771654,
        -0.575056 1.985323 1.771654,
        -0.886077 1.867368 1.771654,
        -0.249141 2.051859 1.771654,
        0.083227 2.065253 1.771654,
        0.413439 2.025158 1.771654,
        1.033465 1.790013 1.771654,
        1.307220 1.601054 1.771654,
        1.547119 1.370628 1.771654,
        1.746948 1.104703 1.771654,
        1.901532 0.810167 1.771654,
        2.060227 0.166319 1.771654,
        2.006868 0.494648 1.771654,
        2.060227 -0.166319 1.771654,
        2.066929 0.000000 1.771654,
        2.006868 -0.494648 1.771654,
        1.901532 -0.810167 1.771654,
        1.746948 -1.104703 1.771654,
        1.307220 -1.601054 1.771654,
        1.033465 -1.790013 1.771654,
        0.413439 -2.025158 1.771654,
        0.732943 -1.932612 1.771654,
        0.083227 -2.065253 1.771654,
        -0.249141 -2.051859 1.771654,
        -0.575056 -1.985323 1.771654,
        -1.174150 -1.701049 1.771654,
        -0.886077 -1.867368 1.771654,
        -1.431812 -1.490674 1.771654,
        -1.652391 -1.241692 1.771654,
        -1.830175 -0.960550 1.771654,
        -2.040163 -0.331559 1.771654,
        -1.960557 -0.654530 1.771654,
        -0.587754 0.789491 0.787402,
        -0.675435 0.715919 0.787402,
        -0.675435 -0.715919 0.787402,
        0.587754 -0.789491 0.787402,
        0.675435 -0.715919 0.787402,
        0.753981 -0.632665 0.787402,
        0.924894 -0.336634 0.787402,
        0.879560 -0.441731 0.787402,
        0.822331 -0.540855 0.787402,
        0.822331 0.540855 0.787402,
        0.753981 0.632665 0.787402,
        -0.977597 0.114265 0.787402,
        -0.753981 0.632665 0.787402,
        -0.822331 0.540855 0.787402,
        -0.879560 0.441731 0.787402,
        -0.924894 0.336634 0.787402,
        -0.957721 0.226984 0.787402,
        -0.492126 0.852387 0.787402,
        -0.389842 0.903756 0.787402,
        -0.282287 0.942903 0.787402,
        -0.170913 0.969299 0.787402,
        -0.057229 0.982587 0.787402,
        0.057229 0.982587 0.787402,
        0.170913 0.969299 0.787402,
        0.282287 0.942903 0.787402,
        0.675435 0.715919 0.787402,
        0.587754 0.789491 0.787402,
        0.492126 0.852387 0.787402,
        0.389842 0.903756 0.787402,
        0.879560 0.441731 0.787402,
        0.924894 0.336634 0.787402,
        0.957721 0.226984 0.787402,
        0.977597 0.114265 0.787402,
        0.984252 0.000000 0.787402,
        0.977597 -0.114265 0.787402,
        0.957721 -0.226984 0.787402,
        0.389842 -0.903756 0.787402,
        0.492126 -0.852387 0.787402,
        0.170913 -0.969299 0.787402,
        0.282287 -0.942903 0.787402,
        -0.057229 -0.982587 0.787402,
        0.057229 -0.982587 0.787402,
        -0.587754 -0.789491 0.787402,
        -0.492126 -0.852387 0.787402,
        -0.389842 -0.903756 0.787402,
        -0.282287 -0.942903 0.787402,
        -0.170913 -0.969299 0.787402,
        -0.924894 -0.336634 0.787402,
        -0.879560 -0.441731 0.787402,
        -0.822331 -0.540855 0.787402,
        -0.753981 -0.632665 0.787402,
        -0.984252 -0.000000 0.787402,
        -0.977597 -0.114265 0.787402,
        -0.957721 -0.226984 0.787402,
        0.953891 0.226076 0.787402,
        0.980315 -0.000000 0.787402,
        0.973686 -0.113807 0.787402,
        0.965422 -0.170230 0.787402,
        0.953891 -0.226076 0.787402,
        0.921195 -0.335287 0.787402,
        0.876041 -0.439965 0.787402,
        0.819041 -0.538692 0.787402,
        0.750965 -0.630134 0.787402,
        0.672733 -0.713055 0.787402,
        0.585404 -0.786333 0.787402,
        0.490157 -0.848978 0.787402,
        0.388283 -0.900141 0.787402,
        0.281157 -0.939131 0.787402,
        0.170230 -0.965422 0.787402,
        0.057000 -0.978656 0.787402,
        -0.057000 -0.978656 0.787402,
        -0.170230 -0.965422 0.787402,
        -0.281157 -0.939131 0.787402,
        -0.388283 -0.900141 0.787402,
        -0.490157 -0.848978 0.787402,
        -0.585404 -0.786333 0.787402,
        -0.672733 -0.713055 0.787402,
        -0.750965 -0.630134 0.787402,
        -0.819041 -0.538692 0.787402,
        -0.876041 -0.439965 0.787402,
        -0.921195 -0.335287 0.787402,
        -0.953891 -0.226076 0.787402,
        -0.973686 -0.113807 0.787402,
        -0.980315 0.000000 0.787402,
        -0.973686 0.113807 0.787402,
        -0.953891 0.226076 0.787402,
        -0.921195 0.335287 0.787402,
        -0.876041 0.439965 0.787402,
        -0.819041 0.538692 0.787402,
        -0.750965 0.630134 0.787402,
        -0.672733 0.713055 0.787402,
        -0.585404 0.786333 0.787402,
        -0.490157 0.848978 0.787402,
        -0.388283 0.900141 0.787402,
        -0.281157 0.939131 0.787402,
        -0.170230 0.965422 0.787402,
        -0.057000 0.978656 0.787402,
        0.057000 0.978656 0.787402,
        0.170230 0.965422 0.787402,
        0.281157 0.939131 0.787402,
        0.388283 0.900141 0.787402,
        0.490157 0.848978 0.787402,
        0.585404 0.786333 0.787402,
        0.672733 0.713055 0.787402,
        0.750965 0.630134 0.787402,
        0.819041 0.538692 0.787402,
        0.876041 0.439965 0.787402,
        0.921195 0.335287 0.787402,
        0.057229 -0.982587 1.771654,
        0.282287 -0.942903 1.771654,
        0.492126 -0.852387 1.771654,
        0.675435 -0.715919 1.771654,
        0.822331 0.540855 1.771654,
        0.675435 0.715919 1.771654,
        0.492126 0.852387 1.771654,
        0.282287 0.942903 1.771654,
        0.822331 -0.540855 1.771654,
        0.924894 -0.336634 1.771654,
        0.977597 0.114265 1.771654,
        0.924894 0.336634 1.771654,
        0.977597 -0.114265 1.771654,
        0.984252 0.000000 1.771654,
        -0.389842 -0.903756 1.771654,
        -0.170913 -0.969299 1.771654,
        -0.957721 -0.226984 1.771654,
        -0.879560 -0.441731 1.771654,
        -0.753981 -0.632665 1.771654,
        -0.879560 0.441731 1.771654,
        -0.957721 0.226984 1.771654,
        -0.984252 0.000000 1.771654,
        -0.587754 0.789491 1.771654,
        -0.753981 0.632665 1.771654,
        -0.587754 -0.789491 1.771654,
        -0.170913 0.969299 1.771654,
        -0.389842 0.903756 1.771654,
        0.057229 0.982587 1.771654,
        -0.954574 -0.226187 6.811024,
        -0.970828 -0.162002 6.811024,
        -0.930922 -0.319586 6.811024,
        -0.877702 -0.440917 6.811024,
        -0.865624 -0.468452 6.811024,
        -0.776713 -0.604540 6.811024,
        -0.666616 -0.724138 6.811024,
        -0.752271 -0.631091 6.811024,
        -0.395370 -0.901352 6.811024,
        -0.538335 -0.823983 6.811024,
        -0.585829 -0.787017 6.811024,
        -0.389687 -0.903303 6.811024,
        -0.241620 -0.954134 6.811024,
        -0.170367 -0.966024 6.811024,
        -0.081279 -0.980890 6.811024,
        0.057229 -0.980890 6.811024,
        0.081279 -0.980890 6.811024,
        0.241620 -0.954134 6.811024,
        0.395370 -0.901352 6.811024,
        0.281448 -0.940461 6.811024,
        0.666616 -0.724138 6.811024,
        0.538335 -0.823983 6.811024,
        0.490704 -0.849759 6.811024,
        0.674756 -0.715294 6.811024,
        0.776713 -0.604540 6.811024,
        0.819520 -0.539019 6.811024,
        0.865624 -0.468452 6.811024,
        0.923678 -0.336101 6.811024,
        0.930922 -0.319586 6.811024,
        0.970828 -0.162002 6.811024,
        0.930922 0.319586 6.811024,
        0.970828 0.162002 6.811024,
        0.974803 0.114033 6.811024,
        0.984252 0.000000 6.811024,
        0.974803 -0.114033 6.811024,
        0.923678 0.336101 6.811024,
        0.865624 0.468452 6.811024,
        0.819520 0.539019 6.811024,
        0.776713 0.604540 6.811024,
        0.674756 0.715294 6.811024,
        0.666616 0.724138 6.811024,
        0.538335 0.823983 6.811024,
        0.241620 0.954134 6.811024,
        0.281448 0.940461 6.811024,
        0.395370 0.901352 6.811024,
        0.490704 0.849759 6.811024,
        -0.081279 0.980890 6.811024,
        0.057229 0.980890 6.811024,
        0.081279 0.980890 6.811024,
        -0.241620 0.954134 6.811024,
        -0.170367 0.966024 6.811024,
        -0.585829 0.787017 6.811024,
        -0.538335 0.823983 6.811024,
        -0.395370 0.901352 6.811024,
        -0.389687 0.903303 6.811024,
        -0.666616 0.724138 6.811024,
        -0.752271 0.631091 6.811024,
        -0.776713 0.604540 6.811024,
        -0.865624 0.468452 6.811024,
        -0.930922 0.319586 6.811024,
        -0.877702 0.440917 6.811024,
        -0.984252 0.000000 6.811024,
        -0.970828 0.162002 6.811024,
        -0.954574 0.226187 6.811024,
        -0.893162 0.149043 6.889764,
        -0.905512 0.000000 6.889764,
        -0.767717 0.196850 6.889764,
        -0.767717 -0.196850 6.889764,
        0.767717 -0.196850 6.889764,
        0.893162 -0.149043 6.889764,
        0.767717 0.196850 6.889764,
        0.905512 -0.000000 6.889764,
        -0.106785 0.419699 6.889764,
        -0.363740 0.829244 6.889764,
        -0.206976 0.380409 6.889764,
        -0.495268 0.758064 6.889764,
        -0.294385 0.317628 6.889764,
        -0.613287 0.666207 6.889764,
        -0.363615 0.235232 6.889764,
        -0.714576 0.556177 6.889764,
        -0.385746 0.196850 6.889764,
        -0.796374 0.430976 6.889764,
        -0.856449 0.294019 6.889764,
        0.106785 0.419699 6.889764,
        0.206976 0.380409 6.889764,
        0.363740 0.829244 6.889764,
        0.222290 0.877804 6.889764,
        0.074776 0.902419 6.889764,
        0.000000 0.433071 6.889764,
        -0.074776 0.902419 6.889764,
        -0.222290 0.877804 6.889764,
        -0.106785 -0.419699 6.889764,
        -0.074776 -0.902419 6.889764,
        -0.000000 -0.433071 6.889764,
        0.074776 -0.902419 6.889764,
        0.106785 -0.419699 6.889764,
        -0.206976 -0.380409 6.889764,
        -0.363740 -0.829244 6.889764,
        -0.222290 -0.877804 6.889764,
        -0.893162 -0.149043 6.889764,
        -0.856449 -0.294019 6.889764,
        -0.385746 -0.196850 6.889764,
        -0.796374 -0.430976 6.889764,
        -0.363615 -0.235232 6.889764,
        -0.714576 -0.556177 6.889764,
        -0.294385 -0.317628 6.889764,
        -0.613287 -0.666207 6.889764,
        -0.495268 -0.758064 6.889764,
        0.893162 0.149043 6.889764,
        0.856449 0.294019 6.889764,
        0.385746 0.196850 6.889764,
        0.796374 0.430976 6.889764,
        0.363615 0.235232 6.889764,
        0.714576 0.556177 6.889764,
        0.294385 0.317628 6.889764,
        0.613287 0.666207 6.889764,
        0.495268 0.758064 6.889764,
        0.222290 -0.877804 6.889764,
        0.363740 -0.829244 6.889764,
        0.206976 -0.380409 6.889764,
        0.495268 -0.758064 6.889764,
        0.294385 -0.317628 6.889764,
        0.613287 -0.666207 6.889764,
        0.363615 -0.235232 6.889764,
        0.714576 -0.556177 6.889764,
        0.385746 -0.196850 6.889764,
        0.796374 -0.430976 6.889764,
        0.856449 -0.294019 6.889764,
        0.334066 0.118110 6.811024,
        0.297504 0.192463 6.811024,
        0.334066 0.118110 2.165354,
        0.295208 0.195965 2.165354,
        0.294829 0.195646 6.811024,
        0.240861 0.259878 6.811024,
        0.238548 0.262002 2.165354,
        0.238328 0.261696 6.811024,
        0.169344 0.311244 6.811024,
        0.167502 0.312239 2.165354,
        0.167409 0.312003 6.811024,
        0.087370 0.343390 6.811024,
        0.086355 0.343647 2.165354,
        0.086339 0.343519 6.811024,
        0.000000 0.354331 2.165354,
        0.000000 0.354331 6.811024,
        -0.086355 0.343647 2.165354,
        -0.086339 0.343519 6.811024,
        -0.167502 0.312239 2.165354,
        -0.087370 0.343390 6.811024,
        -0.167409 0.312003 6.811024,
        -0.238548 0.262002 2.165354,
        -0.169344 0.311244 6.811024,
        -0.238328 0.261696 6.811024,
        -0.295208 0.195965 2.165354,
        -0.240861 0.259878 6.811024,
        -0.294829 0.195646 6.811024,
        -0.334066 0.118110 2.165354,
        -0.297504 0.192463 6.811024,
        -0.334066 0.118110 6.811024,
        0.688976 0.118110 6.811024,
        0.688976 0.118110 2.165354,
        0.688976 -0.118110 6.811024,
        0.688976 -0.118110 2.165354,
        0.334066 -0.118110 6.811024,
        0.334066 -0.118110 2.165354,
        -0.334066 -0.118110 6.811024,
        -0.297504 -0.192463 6.811024,
        -0.334066 -0.118110 2.165354,
        -0.295208 -0.195965 2.165354,
        -0.294829 -0.195646 6.811024,
        -0.240861 -0.259878 6.811024,
        -0.238548 -0.262002 2.165354,
        -0.238328 -0.261696 6.811024,
        -0.169344 -0.311244 6.811024,
        -0.167502 -0.312239 2.165354,
        -0.167409 -0.312003 6.811024,
        -0.087370 -0.343390 6.811024,
        -0.086355 -0.343647 2.165354,
        -0.086339 -0.343519 6.811024,
        -0.000000 -0.354331 2.165354,
        -0.000000 -0.354331 6.811024,
        0.086355 -0.343647 2.165354,
        0.086339 -0.343519 6.811024,
        0.167502 -0.312239 2.165354,
        0.087370 -0.343390 6.811024,
        0.167409 -0.312003 6.811024,
        0.238548 -0.262002 2.165354,
        0.169344 -0.311244 6.811024,
        0.238328 -0.261696 6.811024,
        0.295208 -0.195965 2.165354,
        0.240861 -0.259878 6.811024,
        0.294829 -0.195646 6.811024,
        0.297504 -0.192463 6.811024,
        -0.688976 -0.118110 6.811024,
        -0.688976 -0.118110 2.165354,
        -0.688976 0.118110 6.811024,
        -0.688976 0.118110 2.165354,
        0.968182 0.161561 6.831403,
        0.863264 0.467175 6.831403,
        0.774596 0.602892 6.831403,
        0.664798 0.722164 6.831403,
        0.394292 0.898894 6.831403,
        -0.081057 0.978217 6.831403,
        -0.240961 0.951533 6.831403,
        -0.394292 0.898894 6.831403,
        -0.664798 0.722164 6.831403,
        -0.928385 0.318715 6.831403,
        -0.968182 0.161561 6.831403,
        -0.928385 -0.318715 6.831403,
        -0.664798 -0.722164 6.831403,
        -0.240961 -0.951533 6.831403,
        -0.081057 -0.978217 6.831403,
        0.394292 -0.898894 6.831403,
        0.774596 -0.602892 6.831403,
        0.863264 -0.467175 6.831403,
        0.814297 -0.440676 6.887081,
        0.875724 -0.300636 6.887081,
        0.893685 -0.306803 6.879215,
        0.913263 -0.152397 6.887081,
        0.931995 -0.155522 6.879215,
        0.948080 -0.158207 6.866702,
        0.925891 0.000000 6.887081,
        0.944882 0.000000 6.879215,
        0.961189 0.000000 6.866702,
        0.973703 0.000000 6.850394,
        0.913263 0.152397 6.887081,
        0.931995 0.155522 6.879215,
        0.948080 0.158207 6.866702,
        0.960423 0.160266 6.850394,
        0.960423 -0.160266 6.850394,
        0.968182 -0.161561 6.831403,
        0.981569 0.000000 6.831403,
        0.928385 -0.318715 6.831403,
        0.856346 -0.463431 6.850394,
        0.920945 -0.316161 6.850394,
        0.845341 -0.457476 6.866702,
        0.909110 -0.312098 6.866702,
        0.830999 -0.449714 6.879215,
        0.506415 -0.775125 6.887081,
        0.371926 -0.847906 6.887081,
        0.516802 -0.791023 6.879215,
        0.379555 -0.865298 6.879215,
        0.525721 -0.804676 6.866702,
        0.386106 -0.880232 6.866702,
        0.532565 -0.815151 6.850394,
        0.391132 -0.891691 6.850394,
        0.536867 -0.821737 6.831403,
        0.076459 -0.922729 6.887081,
        -0.076459 -0.922729 6.887081,
        0.078028 -0.941655 6.879215,
        -0.078028 -0.941655 6.879215,
        0.079374 -0.957907 6.866702,
        -0.079374 -0.957907 6.866702,
        0.080408 -0.970377 6.850394,
        -0.080408 -0.970377 6.850394,
        0.081057 -0.978217 6.831403,
        -0.506415 -0.775125 6.887081,
        -0.627089 -0.681200 6.887081,
        -0.516802 -0.791023 6.879215,
        -0.639951 -0.695172 6.879215,
        -0.525721 -0.804676 6.866702,
        -0.650996 -0.707170 6.866702,
        -0.532565 -0.815151 6.850394,
        -0.659471 -0.716376 6.850394,
        -0.536867 -0.821737 6.831403,
        -0.814297 -0.440676 6.887081,
        -0.875724 -0.300636 6.887081,
        -0.830999 -0.449714 6.879215,
        -0.893685 -0.306803 6.879215,
        -0.845341 -0.457476 6.866702,
        -0.909110 -0.312098 6.866702,
        -0.856346 -0.463431 6.850394,
        -0.920945 -0.316161 6.850394,
        -0.863264 -0.467175 6.831403,
        -0.730658 0.568694 6.887081,
        -0.627089 0.681200 6.887081,
        -0.745644 0.580358 6.879215,
        -0.639951 0.695172 6.879215,
        -0.758513 0.590375 6.866702,
        -0.650996 0.707170 6.866702,
        -0.768388 0.598061 6.850394,
        -0.659471 0.716376 6.850394,
        -0.774596 0.602892 6.831403,
        0.227293 0.897559 6.887081,
        0.371926 0.847906 6.887081,
        0.231955 0.915969 6.879215,
        0.379555 0.865298 6.879215,
        0.235958 0.931777 6.866702,
        0.386106 0.880232 6.866702,
        0.239030 0.943908 6.850394,
        0.391132 0.891691 6.850394,
        0.240961 0.951533 6.831403,
        0.768388 -0.598061 6.850394,
        0.758513 -0.590375 6.866702,
        0.745644 -0.580358 6.879215,
        0.730658 -0.568694 6.887081,
        0.664798 -0.722164 6.831403,
        0.659471 -0.716376 6.850394,
        0.650996 -0.707170 6.866702,
        0.639951 -0.695172 6.879215,
        0.627089 -0.681200 6.887081,
        0.240961 -0.951533 6.831403,
        0.239030 -0.943908 6.850394,
        0.235958 -0.931777 6.866702,
        0.231955 -0.915969 6.879215,
        0.227293 -0.897559 6.887081,
        -0.239030 -0.943908 6.850394,
        -0.235958 -0.931777 6.866702,
        -0.231955 -0.915969 6.879215,
        -0.227293 -0.897559 6.887081,
        -0.394292 -0.898894 6.831403,
        -0.391132 -0.891691 6.850394,
        -0.386106 -0.880232 6.866702,
        -0.379555 -0.865298 6.879215,
        -0.371926 -0.847906 6.887081,
        -0.774596 -0.602892 6.831403,
        -0.768388 -0.598061 6.850394,
        -0.758513 -0.590375 6.866702,
        -0.745644 -0.580358 6.879215,
        -0.730658 -0.568694 6.887081,
        -0.968182 -0.161561 6.831403,
        -0.960423 -0.160266 6.850394,
        -0.948080 -0.158207 6.866702,
        -0.931995 -0.155522 6.879215,
        -0.913263 -0.152397 6.887081,
        -0.925891 -0.000000 6.887081,
        -0.944882 -0.000000 6.879215,
        -0.961189 -0.000000 6.866702,
        -0.973703 -0.000000 6.850394,
        -0.981569 -0.000000 6.831403,
        -0.913263 0.152397 6.887081,
        -0.931995 0.155522 6.879215,
        -0.948080 0.158207 6.866702,
        -0.960423 0.160266 6.850394,
        -0.875724 0.300636 6.887081,
        -0.893685 0.306803 6.879215,
        -0.909110 0.312098 6.866702,
        -0.920945 0.316161 6.850394,
        -0.863264 0.467175 6.831403,
        -0.856346 0.463431 6.850394,
        -0.845341 0.457476 6.866702,
        -0.830999 0.449714 6.879215,
        -0.814297 0.440676 6.887081,
        -0.536867 0.821737 6.831403,
        -0.532565 0.815151 6.850394,
        -0.525721 0.804676 6.866702,
        -0.516802 0.791023 6.879215,
        -0.506415 0.775125 6.887081,
        -0.371926 0.847906 6.887081,
        -0.379555 0.865298 6.879215,
        -0.386106 0.880232 6.866702,
        -0.391132 0.891691 6.850394,
        -0.239030 0.943908 6.850394,
        -0.235958 0.931777 6.866702,
        -0.231955 0.915969 6.879215,
        -0.227293 0.897559 6.887081,
        -0.076459 0.922729 6.887081,
        -0.078028 0.941655 6.879215,
        -0.079374 0.957907 6.866702,
        -0.080408 0.970377 6.850394,
        0.081057 0.978217 6.831403,
        0.080408 0.970377 6.850394,
        0.079374 0.957907 6.866702,
        0.078028 0.941655 6.879215,
        0.076459 0.922729 6.887081,
        0.536867 0.821737 6.831403,
        0.532565 0.815151 6.850394,
        0.525721 0.804676 6.866702,
        0.516802 0.791023 6.879215,
        0.506415 0.775125 6.887081,
        0.627089 0.681200 6.887081,
        0.639951 0.695172 6.879215,
        0.650996 0.707170 6.866702,
        0.659471 0.716376 6.850394,
        0.768388 0.598061 6.850394,
        0.758513 0.590375 6.866702,
        0.745644 0.580358 6.879215,
        0.730658 0.568694 6.887081,
        0.814297 0.440676 6.887081,
        0.830999 0.449714 6.879215,
        0.845341 0.457476 6.866702,
        0.856346 0.463431 6.850394,
        0.928385 0.318715 6.831403,
        0.920945 0.316161 6.850394,
        0.909110 0.312098 6.866702,
        0.893685 0.306803 6.879215,
        0.875724 0.300636 6.887081,
        0.336094 -0.120988 6.831365,
        0.691659 -0.120793 6.831403,
        0.689650 -0.118784 6.821301,
        0.334321 -0.118470 6.818548,
        0.336418 -0.121447 6.833704,
        0.337651 -0.123207 6.838893,
        0.694970 -0.124104 6.841156,
        0.341632 -0.128941 6.850251,
        0.699526 -0.128659 6.850394,
        0.342850 -0.130695 6.853726,
        0.344400 -0.132951 6.857033,
        0.350202 -0.141514 6.866370,
        0.705248 -0.134381 6.858958,
        0.350207 -0.141522 6.866378,
        0.712039 -0.141173 6.866702,
        0.352900 -0.145497 6.870713,
        0.355411 -0.149260 6.873755,
        0.360987 -0.157788 6.878618,
        0.728346 -0.157480 6.879215,
        0.361003 -0.157813 6.878632,
        0.367069 -0.167089 6.883923,
        0.371740 -0.174394 6.886494,
        0.373056 -0.176500 6.886814,
        0.747337 -0.176471 6.887081,
        0.385130 -0.195844 6.889757,
        0.373064 -0.176514 6.886816,
        0.689650 0.118784 6.821301,
        0.691659 0.120793 6.831403,
        0.694970 0.124104 6.841156,
        0.699526 0.128659 6.850394,
        0.705248 0.134381 6.858958,
        0.712039 0.141173 6.866702,
        0.728346 0.157480 6.879215,
        0.747337 0.176471 6.887081,
        -0.344400 -0.132951 6.857033,
        -0.350202 -0.141514 6.866370,
        -0.316867 -0.204990 6.866702,
        -0.355411 -0.149260 6.873755,
        -0.360987 -0.157788 6.878618,
        -0.330559 -0.213848 6.879215,
        -0.373056 -0.176500 6.886814,
        -0.373064 -0.176514 6.886816,
        -0.385130 -0.195844 6.889757,
        -0.361003 -0.157813 6.878632,
        -0.346504 -0.224163 6.887081,
        -0.367069 -0.167089 6.883923,
        -0.371740 -0.174394 6.886494,
        -0.350207 -0.141522 6.866378,
        -0.352900 -0.145497 6.870713,
        -0.337651 -0.123207 6.838893,
        -0.341631 -0.128940 6.850249,
        -0.306361 -0.198193 6.850394,
        -0.342850 -0.130695 6.853726,
        -0.334321 -0.118470 6.818548,
        -0.336094 -0.120988 6.831365,
        -0.299756 -0.193920 6.831403,
        -0.336418 -0.121447 6.833704,
        0.299756 -0.193920 6.831403,
        0.341631 -0.128940 6.850249,
        0.306361 -0.198193 6.850394,
        0.316867 -0.204990 6.866702,
        0.330559 -0.213848 6.879215,
        0.346504 -0.224163 6.887081,
        0.242685 -0.261845 6.831403,
        0.170626 -0.313601 6.831403,
        0.088031 -0.345990 6.831403,
        -0.000000 -0.357014 6.831403,
        -0.088031 -0.345990 6.831403,
        -0.170626 -0.313601 6.831403,
        -0.242685 -0.261845 6.831403,
        -0.248031 -0.267615 6.850394,
        -0.174386 -0.320511 6.850394,
        -0.089971 -0.353614 6.850394,
        -0.000000 -0.364880 6.850394,
        0.089971 -0.353614 6.850394,
        0.174386 -0.320511 6.850394,
        0.248031 -0.267615 6.850394,
        -0.256538 -0.276793 6.866702,
        -0.180366 -0.331502 6.866702,
        -0.093056 -0.365741 6.866702,
        -0.000000 -0.377393 6.866702,
        0.093056 -0.365741 6.866702,
        0.180366 -0.331502 6.866702,
        0.256538 -0.276793 6.866702,
        -0.267623 -0.288753 6.879215,
        -0.188160 -0.345827 6.879215,
        -0.097078 -0.381544 6.879215,
        -0.000000 -0.393701 6.879215,
        0.097078 -0.381544 6.879215,
        0.188160 -0.345827 6.879215,
        0.267623 -0.288753 6.879215,
        -0.280532 -0.302681 6.887081,
        -0.197236 -0.362508 6.887081,
        -0.101760 -0.399949 6.887081,
        -0.000000 -0.412691 6.887081,
        0.101760 -0.399949 6.887081,
        0.197236 -0.362508 6.887081,
        0.280532 -0.302681 6.887081,
        0.380387 0.188159 6.889282,
        0.373116 0.176656 6.886356,
        0.341463 0.128689 6.850376,
        0.340972 0.127977 6.849187,
        0.335150 0.119645 6.826496,
        0.336010 0.120867 6.831385,
        0.336418 0.121447 6.833704,
        0.342850 0.130695 6.853726,
        0.350098 0.141340 6.866562,
        0.350096 0.141337 6.866558,
        0.350988 0.142648 6.868138,
        0.352900 0.145497 6.870713,
        0.373093 0.176620 6.886347,
        0.367069 0.167089 6.883923,
        0.364298 0.162800 6.882021,
        0.360995 0.157785 6.878743,
        0.360983 0.157767 6.878731,
        0.385130 0.195844 6.889757,
        -0.747337 -0.176471 6.887081,
        -0.728346 -0.157480 6.879215,
        -0.712039 -0.141173 6.866702,
        -0.699526 -0.128659 6.850394,
        -0.705248 -0.134381 6.858958,
        -0.341632 -0.128941 6.850251,
        -0.691659 -0.120793 6.831403,
        -0.694970 -0.124104 6.841156,
        -0.689650 -0.118784 6.821301,
        0.306361 0.198193 6.850394,
        0.330559 0.213848 6.879215,
        -0.335150 0.119645 6.826496,
        -0.299756 0.193920 6.831403,
        -0.336010 0.120867 6.831385,
        -0.341463 0.128689 6.850376,
        -0.340972 0.127977 6.849187,
        -0.306361 0.198193 6.850394,
        -0.336418 0.121447 6.833704,
        -0.350988 0.142648 6.868138,
        -0.350098 0.141340 6.866562,
        -0.316867 0.204990 6.866702,
        -0.350096 0.141337 6.866558,
        -0.342850 0.130695 6.853726,
        -0.364298 0.162800 6.882021,
        -0.360995 0.157785 6.878743,
        -0.330559 0.213848 6.879215,
        -0.360983 0.157767 6.878731,
        -0.352900 0.145497 6.870713,
        -0.346504 0.224163 6.887081,
        -0.373093 0.176620 6.886347,
        -0.367069 0.167089 6.883923,
        -0.385130 0.195844 6.889757,
        -0.380387 0.188159 6.889282,
        -0.373116 0.176656 6.886356,
        0.346504 0.224163 6.887081,
        0.316867 0.204990 6.866702,
        0.299756 0.193920 6.831403,
        -0.242685 0.261845 6.831403,
        -0.170626 0.313601 6.831403,
        -0.088031 0.345990 6.831403,
        -0.000000 0.357014 6.831403,
        0.088031 0.345990 6.831403,
        0.170626 0.313601 6.831403,
        0.242685 0.261845 6.831403,
        0.248031 0.267615 6.850394,
        0.174386 0.320511 6.850394,
        0.089971 0.353614 6.850394,
        -0.000000 0.364880 6.850394,
        -0.089971 0.353614 6.850394,
        -0.174386 0.320511 6.850394,
        -0.248031 0.267615 6.850394,
        0.256538 0.276793 6.866702,
        0.180366 0.331502 6.866702,
        0.093056 0.365741 6.866702,
        -0.000000 0.377393 6.866702,
        -0.093056 0.365741 6.866702,
        -0.180366 0.331502 6.866702,
        -0.256538 0.276793 6.866702,
        0.267623 0.288753 6.879215,
        0.188160 0.345827 6.879215,
        0.097078 0.381544 6.879215,
        -0.000000 0.393701 6.879215,
        -0.097078 0.381544 6.879215,
        -0.188160 0.345827 6.879215,
        -0.267623 0.288753 6.879215,
        0.280532 0.302681 6.887081,
        0.197236 0.362508 6.887081,
        0.101760 0.399949 6.887081,
        -0.000000 0.412691 6.887081,
        -0.101760 0.399949 6.887081,
        -0.197236 0.362508 6.887081,
        -0.280532 0.302681 6.887081,
        -0.747337 0.176471 6.887081,
        -0.728346 0.157480 6.879215,
        -0.712039 0.141173 6.866702,
        -0.705248 0.134381 6.858958,
        -0.699526 0.128659 6.850394,
        -0.694970 0.124104 6.841156,
        -0.691659 0.120793 6.831403,
        -0.689650 0.118784 6.821301,
        0.393788 -0.897746 0.314961,
        0.536181 -0.820687 0.314961,
        0.583485 -0.783869 0.314961,
        0.663949 -0.721241 0.314961,
        -0.240653 -0.950318 0.314961,
        -0.080954 -0.976967 0.314961,
        -0.057000 -0.976967 0.314961,
        0.080954 -0.976967 0.314961,
        0.169685 -0.962160 0.314961,
        0.240653 -0.950318 0.314961,
        0.388128 -0.899689 0.314961,
        -0.663949 -0.721241 0.314961,
        -0.536181 -0.820687 0.314961,
        -0.488741 -0.846360 0.314961,
        -0.393788 -0.897746 0.314961,
        -0.280322 -0.936699 0.314961,
        -0.966945 -0.161355 0.314961,
        -0.927199 -0.318308 0.314961,
        -0.919984 -0.334756 0.314961,
        -0.862161 -0.466578 0.314961,
        -0.816242 -0.536863 0.314961,
        -0.773606 -0.602122 0.314961,
        -0.672057 -0.712433 0.314961,
        -0.927199 0.318308 0.314961,
        -0.966945 0.161355 0.314961,
        -0.970904 0.113577 0.314961,
        -0.980315 0.000000 0.314961,
        -0.970904 -0.113577 0.314961,
        -0.536181 0.820687 0.314961,
        -0.663949 0.721241 0.314961,
        -0.672057 0.712433 0.314961,
        -0.773606 0.602122 0.314961,
        -0.816242 0.536863 0.314961,
        -0.862161 0.466578 0.314961,
        -0.919984 0.334756 0.314961,
        -0.080954 0.976967 0.314961,
        -0.240653 0.950318 0.314961,
        -0.280322 0.936699 0.314961,
        -0.393788 0.897746 0.314961,
        -0.488741 0.846360 0.314961,
        0.393788 0.897746 0.314961,
        0.388128 0.899689 0.314961,
        0.240653 0.950318 0.314961,
        0.169685 0.962160 0.314961,
        0.080954 0.976967 0.314961,
        -0.057000 0.976967 0.314961,
        0.862161 0.466578 0.314961,
        0.773606 0.602122 0.314961,
        0.749262 0.628567 0.314961,
        0.663949 0.721241 0.314961,
        0.583485 0.783869 0.314961,
        0.536181 0.820687 0.314961,
        0.749262 -0.628567 0.314961,
        0.773606 -0.602122 0.314961,
        0.862161 -0.466578 0.314961,
        0.874191 -0.439153 0.314961,
        0.927199 -0.318308 0.314961,
        0.950756 -0.225282 0.314961,
        0.966945 -0.161355 0.314961,
        0.980315 0.000000 0.314961,
        0.966945 0.161355 0.314961,
        0.950756 0.225282 0.314961,
        0.927199 0.318308 0.314961,
        0.874191 0.439153 0.314961,
        -0.962975 0.160692 0.284391,
        -0.858622 0.464663 0.284391,
        -0.661224 0.718280 0.284391,
        -0.392171 0.894061 0.284391,
        0.080621 0.972956 0.284391,
        0.392171 0.894061 0.284391,
        0.661224 0.718280 0.284391,
        0.923393 0.317001 0.284391,
        0.923393 -0.317001 0.284391,
        0.661224 -0.718280 0.284391,
        0.239665 -0.946416 0.284391,
        0.080621 -0.972956 0.284391,
        -0.392171 -0.894061 0.284391,
        -0.770430 -0.599650 0.284391,
        -0.858622 -0.464663 0.284391,
        -0.880598 0.146946 0.200875,
        -0.704524 0.548353 0.200875,
        0.358623 0.817579 0.200875,
        0.785171 0.424913 0.200875,
        0.844401 0.289883 0.200875,
        0.785171 -0.424913 0.200875,
        0.488301 -0.747400 0.200875,
        0.219163 -0.865455 0.200875,
        0.073725 -0.889725 0.200875,
        -0.073725 -0.889725 0.200875,
        -0.704524 -0.548353 0.200875,
        -0.844401 -0.289883 0.200875,
        -0.785171 -0.424913 0.200875,
        -0.871343 -0.299133 0.212674,
        0.073725 0.889725 0.200875,
        -0.073725 0.889725 0.200875,
        -0.219163 0.865455 0.200875,
        -0.844401 0.289883 0.200875,
        -0.880598 -0.146946 0.200875,
        -0.908695 -0.151634 0.212674,
        -0.932823 -0.155661 0.231444,
        -0.892774 0.000000 0.200875,
        -0.921260 0.000000 0.212674,
        -0.945721 0.000000 0.231444,
        -0.964491 0.000000 0.255906,
        -0.908695 0.151634 0.212674,
        -0.932823 0.155661 0.231444,
        -0.951337 0.158750 0.255906,
        -0.951337 -0.158750 0.255906,
        -0.962975 -0.160692 0.284391,
        -0.976291 0.000000 0.284391,
        -0.923393 -0.317001 0.284391,
        -0.912232 -0.313170 0.255906,
        -0.894480 -0.307075 0.231444,
        -0.488301 -0.747400 0.200875,
        -0.358623 -0.817579 0.200875,
        -0.503881 -0.771248 0.212674,
        -0.370066 -0.843665 0.212674,
        -0.517261 -0.791726 0.231444,
        -0.379892 -0.866066 0.231444,
        -0.527527 -0.807440 0.255906,
        -0.387431 -0.883256 0.255906,
        -0.533980 -0.817318 0.284391,
        -0.076077 -0.918113 0.212674,
        0.076077 -0.918113 0.212674,
        -0.078097 -0.942491 0.231444,
        0.078097 -0.942491 0.231444,
        -0.079647 -0.961197 0.255906,
        0.079647 -0.961197 0.255906,
        -0.080621 -0.972956 0.284391,
        0.604659 -0.656835 0.200875,
        0.503881 -0.771248 0.212674,
        0.623952 -0.677793 0.212674,
        0.517261 -0.791726 0.231444,
        0.640520 -0.695790 0.231444,
        0.527527 -0.807440 0.255906,
        0.653232 -0.709599 0.255906,
        0.533980 -0.817318 0.284391,
        0.844401 -0.289883 0.200875,
        0.810224 -0.438471 0.212674,
        0.871343 -0.299133 0.212674,
        0.831737 -0.450113 0.231444,
        0.894480 -0.307075 0.231444,
        0.848244 -0.459047 0.255906,
        0.912232 -0.313170 0.255906,
        0.858622 -0.464663 0.284391,
        0.880598 0.146946 0.200875,
        0.908695 0.151634 0.212674,
        0.871343 0.299133 0.212674,
        0.932823 0.155661 0.231444,
        0.894480 0.307075 0.231444,
        0.951337 0.158750 0.255906,
        0.912232 0.313170 0.255906,
        0.962975 0.160692 0.284391,
        0.704524 0.548353 0.200875,
        0.604659 0.656835 0.200875,
        0.727004 0.565850 0.212674,
        0.623952 0.677793 0.212674,
        0.746307 0.580874 0.231444,
        0.640520 0.695790 0.231444,
        0.761119 0.592403 0.255906,
        0.653232 0.709599 0.255906,
        0.770430 0.599650 0.284391,
        0.219163 0.865455 0.200875,
        0.226156 0.893070 0.212674,
        0.076077 0.918113 0.212674,
        0.232161 0.916783 0.231444,
        0.078097 0.942491 0.231444,
        0.236769 0.934978 0.255906,
        0.079647 0.961197 0.255906,
        0.239665 0.946416 0.284391,
        -0.358623 0.817579 0.200875,
        -0.226156 0.893070 0.212674,
        -0.370066 0.843665 0.212674,
        -0.232161 0.916783 0.231444,
        -0.379892 0.866066 0.231444,
        -0.236769 0.934978 0.255906,
        -0.387431 0.883256 0.255906,
        -0.239665 0.946416 0.284391,
        -0.785171 0.424913 0.200875,
        -0.727004 0.565850 0.212674,
        -0.810224 0.438471 0.212674,
        -0.746307 0.580874 0.231444,
        -0.831737 0.450113 0.231444,
        -0.761119 0.592403 0.255906,
        -0.848244 0.459047 0.255906,
        -0.770430 0.599650 0.284391,
        -0.848244 -0.459047 0.255906,
        -0.831737 -0.450113 0.231444,
        -0.810224 -0.438471 0.212674,
        -0.761119 -0.592403 0.255906,
        -0.746307 -0.580874 0.231444,
        -0.727004 -0.565850 0.212674,
        -0.661224 -0.718280 0.284391,
        -0.653232 -0.709599 0.255906,
        -0.640520 -0.695790 0.231444,
        -0.623952 -0.677793 0.212674,
        -0.604659 -0.656835 0.200875,
        -0.239665 -0.946416 0.284391,
        -0.236769 -0.934978 0.255906,
        -0.232161 -0.916783 0.231444,
        -0.226156 -0.893070 0.212674,
        -0.219163 -0.865455 0.200875,
        0.236769 -0.934978 0.255906,
        0.232161 -0.916783 0.231444,
        0.226156 -0.893070 0.212674,
        0.392171 -0.894061 0.284391,
        0.387431 -0.883256 0.255906,
        0.379892 -0.866066 0.231444,
        0.370066 -0.843665 0.212674,
        0.358623 -0.817579 0.200875,
        0.770430 -0.599650 0.284391,
        0.761119 -0.592403 0.255906,
        0.746307 -0.580874 0.231444,
        0.727004 -0.565850 0.212674,
        0.704524 -0.548353 0.200875,
        0.962975 -0.160692 0.284391,
        0.951337 -0.158750 0.255906,
        0.932823 -0.155661 0.231444,
        0.908695 -0.151634 0.212674,
        0.880598 -0.146946 0.200875,
        0.892774 -0.000000 0.200875,
        0.921260 -0.000000 0.212674,
        0.945721 -0.000000 0.231444,
        0.964491 -0.000000 0.255906,
        0.976291 -0.000000 0.284391,
        0.858622 0.464663 0.284391,
        0.848244 0.459047 0.255906,
        0.831737 0.450113 0.231444,
        0.810224 0.438471 0.212674,
        0.533980 0.817318 0.284391,
        0.527527 0.807440 0.255906,
        0.517261 0.791726 0.231444,
        0.503881 0.771248 0.212674,
        0.488301 0.747400 0.200875,
        0.370066 0.843665 0.212674,
        0.379892 0.866066 0.231444,
        0.387431 0.883256 0.255906,
        -0.080621 0.972956 0.284391,
        -0.079647 0.961197 0.255906,
        -0.078097 0.942491 0.231444,
        -0.076077 0.918113 0.212674,
        -0.533980 0.817318 0.284391,
        -0.527527 0.807440 0.255906,
        -0.517261 0.791726 0.231444,
        -0.503881 0.771248 0.212674,
        -0.488301 0.747400 0.200875,
        -0.604659 0.656835 0.200875,
        -0.623952 0.677793 0.212674,
        -0.640520 0.695790 0.231444,
        -0.653232 0.709599 0.255906,
        -0.923393 0.317001 0.284391,
        -0.912232 0.313170 0.255906,
        -0.894480 0.307075 0.231444,
        -0.871343 0.299133 0.212674,
      ]
    }
    coordIndex [
      152, 130, 153, -1,
      153, 130, 131, -1,
      153, 131, 154, -1,
      154, 131, 132, -1,
      154, 132, 155, -1,
      155, 132, 133, -1,
      155, 133, 156, -1,
      156, 133, 157, -1,
      157, 133, 104, -1,
      157, 104, 158, -1,
      158, 104, 105, -1,
      158, 105, 159, -1,
      159, 105, 106, -1,
      159, 106, 160, -1,
      160, 106, 103, -1,
      160, 103, 161, -1,
      161, 103, 102, -1,
      161, 102, 162, -1,
      162, 102, 101, -1,
      162, 101, 163, -1,
      163, 101, 135, -1,
      163, 135, 164, -1,
      164, 135, 134, -1,
      164, 134, 165, -1,
      165, 134, 137, -1,
      165, 137, 166, -1,
      166, 137, 136, -1,
      166, 136, 167, -1,
      167, 136, 139, -1,
      167, 139, 168, -1,
      168, 139, 138, -1,
      168, 138, 169, -1,
      169, 138, 144, -1,
      169, 144, 170, -1,
      170, 144, 143, -1,
      170, 143, 171, -1,
      171, 143, 142, -1,
      171, 142, 172, -1,
      172, 142, 141, -1,
      172, 141, 173, -1,
      173, 141, 140, -1,
      173, 140, 174, -1,
      174, 140, 100, -1,
      174, 100, 175, -1,
      175, 100, 148, -1,
      175, 148, 176, -1,
      176, 148, 147, -1,
      176, 147, 177, -1,
      177, 147, 146, -1,
      177, 146, 178, -1,
      178, 146, 145, -1,
      178, 145, 179, -1,
      179, 145, 151, -1,
      179, 151, 180, -1,
      180, 151, 150, -1,
      180, 150, 181, -1,
      181, 150, 149, -1,
      181, 149, 182, -1,
      182, 149, 109, -1,
      182, 109, 183, -1,
      183, 109, 114, -1,
      183, 114, 184, -1,
      184, 114, 113, -1,
      184, 113, 185, -1,
      185, 113, 112, -1,
      185, 112, 186, -1,
      186, 112, 111, -1,
      186, 111, 187, -1,
      187, 111, 110, -1,
      187, 110, 188, -1,
      188, 110, 99, -1,
      188, 99, 189, -1,
      189, 99, 98, -1,
      189, 98, 190, -1,
      190, 98, 115, -1,
      190, 115, 191, -1,
      191, 115, 116, -1,
      191, 116, 192, -1,
      192, 116, 117, -1,
      192, 117, 193, -1,
      193, 117, 118, -1,
      193, 118, 194, -1,
      194, 118, 119, -1,
      194, 119, 195, -1,
      195, 119, 120, -1,
      195, 120, 196, -1,
      196, 120, 121, -1,
      196, 121, 197, -1,
      197, 121, 122, -1,
      197, 122, 198, -1,
      198, 122, 126, -1,
      198, 126, 199, -1,
      199, 126, 125, -1,
      199, 125, 200, -1,
      200, 125, 124, -1,
      200, 124, 201, -1,
      201, 124, 123, -1,
      201, 123, 202, -1,
      202, 123, 108, -1,
      202, 108, 203, -1,
      203, 108, 107, -1,
      203, 107, 204, -1,
      204, 107, 127, -1,
      204, 127, 205, -1,
      205, 127, 128, -1,
      205, 128, 152, -1,
      152, 128, 129, -1,
      152, 129, 130, -1,
      206, 86, 207, -1,
      207, 86, 87, -1,
      207, 87, 208, -1,
      208, 87, 85, -1,
      208, 85, 209, -1,
      210, 74, 211, -1,
      211, 74, 73, -1,
      211, 73, 212, -1,
      212, 73, 72, -1,
      212, 72, 213, -1,
      85, 84, 209, -1,
      209, 84, 58, -1,
      209, 58, 214, -1,
      214, 58, 83, -1,
      214, 83, 215, -1,
      216, 78, 217, -1,
      217, 78, 76, -1,
      217, 76, 210, -1,
      210, 76, 75, -1,
      210, 75, 74, -1,
      83, 82, 215, -1,
      215, 82, 81, -1,
      215, 81, 218, -1,
      218, 81, 79, -1,
      218, 79, 219, -1,
      219, 79, 80, -1,
      219, 80, 216, -1,
      216, 80, 77, -1,
      216, 77, 78, -1,
      220, 90, 221, -1,
      221, 90, 89, -1,
      221, 89, 206, -1,
      206, 89, 88, -1,
      206, 88, 86, -1,
      222, 97, 223, -1,
      223, 97, 95, -1,
      223, 95, 224, -1,
      225, 62, 226, -1,
      226, 62, 61, -1,
      226, 61, 227, -1,
      227, 61, 60, -1,
      227, 60, 222, -1,
      222, 60, 96, -1,
      222, 96, 97, -1,
      228, 65, 229, -1,
      229, 65, 64, -1,
      229, 64, 225, -1,
      225, 64, 63, -1,
      225, 63, 62, -1,
      95, 94, 224, -1,
      224, 94, 93, -1,
      224, 93, 230, -1,
      230, 93, 91, -1,
      230, 91, 220, -1,
      220, 91, 92, -1,
      220, 92, 90, -1,
      231, 67, 232, -1,
      232, 67, 68, -1,
      232, 68, 228, -1,
      228, 68, 66, -1,
      228, 66, 65, -1,
      72, 59, 213, -1,
      213, 59, 71, -1,
      213, 71, 233, -1,
      233, 71, 70, -1,
      233, 70, 231, -1,
      231, 70, 69, -1,
      231, 69, 67, -1,
      222, 234, 235, -1,
      222, 235, 227, -1,
      234, 222, 236, -1,
      236, 222, 223, -1,
      236, 223, 237, -1,
      237, 223, 238, -1,
      238, 223, 224, -1,
      238, 224, 239, -1,
      230, 240, 224, -1,
      224, 240, 241, -1,
      224, 241, 239, -1,
      242, 243, 230, -1,
      230, 243, 244, -1,
      230, 244, 240, -1,
      242, 230, 245, -1,
      245, 230, 220, -1,
      245, 220, 246, -1,
      246, 220, 221, -1,
      246, 221, 247, -1,
      247, 221, 248, -1,
      248, 221, 206, -1,
      248, 206, 249, -1,
      249, 206, 250, -1,
      250, 206, 207, -1,
      250, 207, 251, -1,
      208, 252, 207, -1,
      207, 252, 253, -1,
      207, 253, 251, -1,
      254, 255, 208, -1,
      208, 255, 256, -1,
      208, 256, 252, -1,
      254, 208, 257, -1,
      257, 208, 209, -1,
      257, 209, 258, -1,
      258, 209, 214, -1,
      258, 214, 259, -1,
      259, 214, 260, -1,
      260, 214, 215, -1,
      260, 215, 261, -1,
      261, 215, 262, -1,
      262, 215, 218, -1,
      262, 218, 263, -1,
      264, 265, 216, -1,
      216, 265, 266, -1,
      216, 266, 219, -1,
      219, 266, 267, -1,
      219, 267, 218, -1,
      218, 267, 268, -1,
      218, 268, 263, -1,
      264, 216, 269, -1,
      269, 216, 217, -1,
      269, 217, 270, -1,
      270, 217, 210, -1,
      270, 210, 271, -1,
      271, 210, 272, -1,
      272, 210, 211, -1,
      272, 211, 273, -1,
      273, 211, 274, -1,
      274, 211, 212, -1,
      274, 212, 275, -1,
      276, 277, 213, -1,
      213, 277, 278, -1,
      213, 278, 212, -1,
      212, 278, 279, -1,
      212, 279, 275, -1,
      231, 280, 233, -1,
      233, 280, 281, -1,
      233, 281, 213, -1,
      213, 281, 282, -1,
      213, 282, 276, -1,
      232, 283, 231, -1,
      231, 283, 284, -1,
      231, 284, 280, -1,
      285, 286, 228, -1,
      228, 286, 287, -1,
      228, 287, 232, -1,
      232, 287, 288, -1,
      232, 288, 283, -1,
      285, 228, 289, -1,
      289, 228, 229, -1,
      289, 229, 290, -1,
      290, 229, 291, -1,
      291, 229, 225, -1,
      291, 225, 292, -1,
      226, 293, 225, -1,
      225, 293, 294, -1,
      225, 294, 292, -1,
      235, 295, 227, -1,
      227, 295, 296, -1,
      227, 296, 226, -1,
      226, 296, 297, -1,
      226, 297, 293, -1,
      298, 299, 300, -1,
      300, 299, 301, -1,
      302, 303, 304, -1,
      304, 303, 305, -1,
      306, 307, 308, -1,
      308, 307, 309, -1,
      308, 309, 310, -1,
      310, 309, 311, -1,
      310, 311, 312, -1,
      312, 311, 313, -1,
      312, 313, 314, -1,
      314, 313, 315, -1,
      314, 315, 300, -1,
      300, 315, 316, -1,
      300, 316, 298, -1,
      317, 318, 319, -1,
      319, 320, 317, -1,
      317, 320, 321, -1,
      317, 321, 322, -1,
      322, 321, 323, -1,
      322, 323, 306, -1,
      306, 323, 324, -1,
      306, 324, 307, -1,
      325, 326, 327, -1,
      327, 326, 328, -1,
      327, 328, 329, -1,
      330, 331, 325, -1,
      325, 331, 332, -1,
      325, 332, 326, -1,
      299, 333, 301, -1,
      301, 333, 334, -1,
      301, 334, 335, -1,
      335, 334, 336, -1,
      335, 336, 337, -1,
      337, 336, 338, -1,
      337, 338, 339, -1,
      339, 338, 340, -1,
      339, 340, 330, -1,
      330, 340, 341, -1,
      330, 341, 331, -1,
      305, 342, 304, -1,
      304, 342, 343, -1,
      304, 343, 344, -1,
      344, 343, 345, -1,
      344, 345, 346, -1,
      346, 345, 347, -1,
      346, 347, 348, -1,
      348, 347, 349, -1,
      348, 349, 318, -1,
      318, 349, 350, -1,
      318, 350, 319, -1,
      328, 351, 329, -1,
      329, 351, 352, -1,
      329, 352, 353, -1,
      353, 352, 354, -1,
      353, 354, 355, -1,
      355, 354, 356, -1,
      355, 356, 357, -1,
      357, 356, 358, -1,
      357, 358, 359, -1,
      359, 358, 360, -1,
      359, 360, 302, -1,
      302, 360, 361, -1,
      302, 361, 303, -1,
      362, 363, 364, -1,
      364, 363, 365, -1,
      363, 366, 365, -1,
      365, 366, 367, -1,
      365, 367, 368, -1,
      367, 369, 368, -1,
      368, 369, 370, -1,
      368, 370, 371, -1,
      370, 372, 371, -1,
      371, 372, 373, -1,
      371, 373, 374, -1,
      374, 373, 375, -1,
      374, 375, 376, -1,
      376, 375, 377, -1,
      376, 377, 378, -1,
      378, 377, 379, -1,
      378, 379, 380, -1,
      379, 381, 380, -1,
      380, 381, 382, -1,
      380, 382, 383, -1,
      382, 384, 383, -1,
      383, 384, 385, -1,
      383, 385, 386, -1,
      385, 387, 386, -1,
      386, 387, 388, -1,
      386, 388, 389, -1,
      389, 388, 390, -1,
      389, 390, 391, -1,
      362, 364, 392, -1,
      392, 364, 393, -1,
      392, 393, 394, -1,
      394, 393, 395, -1,
      394, 395, 396, -1,
      396, 395, 397, -1,
      398, 399, 400, -1,
      400, 399, 401, -1,
      399, 402, 401, -1,
      401, 402, 403, -1,
      401, 403, 404, -1,
      403, 405, 404, -1,
      404, 405, 406, -1,
      404, 406, 407, -1,
      406, 408, 407, -1,
      407, 408, 409, -1,
      407, 409, 410, -1,
      410, 409, 411, -1,
      410, 411, 412, -1,
      412, 411, 413, -1,
      412, 413, 414, -1,
      414, 413, 415, -1,
      414, 415, 416, -1,
      415, 417, 416, -1,
      416, 417, 418, -1,
      416, 418, 419, -1,
      418, 420, 419, -1,
      419, 420, 421, -1,
      419, 421, 422, -1,
      421, 423, 422, -1,
      422, 423, 424, -1,
      422, 424, 397, -1,
      397, 424, 425, -1,
      397, 425, 396, -1,
      398, 400, 426, -1,
      426, 400, 427, -1,
      426, 427, 428, -1,
      428, 427, 429, -1,
      428, 429, 391, -1,
      391, 429, 389, -1,
      422, 397, 374, -1,
      374, 376, 400, -1,
      376, 378, 400, -1,
      400, 378, 380, -1,
      400, 380, 383, -1,
      429, 427, 389, -1,
      389, 427, 400, -1,
      389, 400, 386, -1,
      386, 400, 383, -1,
      395, 393, 397, -1,
      397, 393, 364, -1,
      397, 364, 365, -1,
      400, 401, 374, -1,
      374, 401, 404, -1,
      374, 404, 407, -1,
      407, 410, 374, -1,
      374, 410, 412, -1,
      374, 412, 414, -1,
      365, 368, 397, -1,
      397, 368, 371, -1,
      397, 371, 374, -1,
      414, 416, 374, -1,
      374, 416, 419, -1,
      374, 419, 422, -1,
      266, 265, 430, -1,
      269, 270, 431, -1,
      271, 272, 432, -1,
      273, 274, 433, -1,
      279, 278, 434, -1,
      281, 280, 435, -1,
      284, 283, 436, -1,
      288, 287, 437, -1,
      285, 289, 438, -1,
      294, 293, 439, -1,
      297, 296, 440, -1,
      234, 236, 441, -1,
      241, 240, 442, -1,
      245, 246, 443, -1,
      247, 248, 444, -1,
      253, 252, 445, -1,
      257, 258, 446, -1,
      259, 260, 447, -1,
      448, 360, 358, -1,
      361, 360, 449, -1,
      449, 360, 448, -1,
      449, 448, 450, -1,
      303, 361, 451, -1,
      451, 361, 449, -1,
      451, 449, 452, -1,
      452, 449, 450, -1,
      452, 450, 453, -1,
      305, 303, 454, -1,
      454, 303, 451, -1,
      454, 451, 455, -1,
      455, 451, 452, -1,
      455, 452, 456, -1,
      456, 452, 453, -1,
      456, 453, 457, -1,
      342, 305, 458, -1,
      458, 305, 454, -1,
      458, 454, 459, -1,
      459, 454, 455, -1,
      459, 455, 460, -1,
      460, 455, 456, -1,
      460, 456, 461, -1,
      461, 456, 457, -1,
      461, 457, 430, -1,
      462, 463, 464, -1,
      447, 465, 466, -1,
      466, 465, 467, -1,
      466, 467, 468, -1,
      468, 467, 469, -1,
      468, 469, 470, -1,
      354, 352, 471, -1,
      471, 352, 472, -1,
      471, 472, 473, -1,
      473, 472, 474, -1,
      473, 474, 475, -1,
      475, 474, 476, -1,
      475, 476, 477, -1,
      477, 476, 478, -1,
      477, 478, 479, -1,
      479, 478, 445, -1,
      328, 326, 480, -1,
      480, 326, 481, -1,
      480, 481, 482, -1,
      482, 481, 483, -1,
      482, 483, 484, -1,
      484, 483, 485, -1,
      484, 485, 486, -1,
      486, 485, 487, -1,
      486, 487, 488, -1,
      488, 487, 444, -1,
      341, 340, 489, -1,
      489, 340, 490, -1,
      489, 490, 491, -1,
      491, 490, 492, -1,
      491, 492, 493, -1,
      493, 492, 494, -1,
      493, 494, 495, -1,
      495, 494, 496, -1,
      495, 496, 497, -1,
      497, 496, 442, -1,
      336, 334, 498, -1,
      498, 334, 499, -1,
      498, 499, 500, -1,
      500, 499, 501, -1,
      500, 501, 502, -1,
      502, 501, 503, -1,
      502, 503, 504, -1,
      504, 503, 505, -1,
      504, 505, 506, -1,
      506, 505, 441, -1,
      313, 311, 507, -1,
      507, 311, 508, -1,
      507, 508, 509, -1,
      509, 508, 510, -1,
      509, 510, 511, -1,
      511, 510, 512, -1,
      511, 512, 513, -1,
      513, 512, 514, -1,
      513, 514, 515, -1,
      515, 514, 438, -1,
      320, 319, 516, -1,
      516, 319, 517, -1,
      516, 517, 518, -1,
      518, 517, 519, -1,
      518, 519, 520, -1,
      520, 519, 521, -1,
      520, 521, 522, -1,
      522, 521, 523, -1,
      522, 523, 524, -1,
      524, 523, 434, -1,
      267, 464, 268, -1,
      268, 464, 463, -1,
      268, 463, 263, -1,
      262, 263, 465, -1,
      465, 263, 463, -1,
      465, 463, 467, -1,
      467, 463, 462, -1,
      467, 462, 469, -1,
      447, 260, 465, -1,
      465, 260, 261, -1,
      465, 261, 262, -1,
      258, 259, 446, -1,
      446, 259, 447, -1,
      446, 447, 525, -1,
      525, 447, 466, -1,
      525, 466, 526, -1,
      526, 466, 468, -1,
      526, 468, 527, -1,
      527, 468, 470, -1,
      527, 470, 528, -1,
      254, 257, 529, -1,
      529, 257, 446, -1,
      529, 446, 530, -1,
      530, 446, 525, -1,
      530, 525, 531, -1,
      531, 525, 526, -1,
      531, 526, 532, -1,
      532, 526, 527, -1,
      532, 527, 533, -1,
      533, 527, 528, -1,
      533, 528, 356, -1,
      356, 528, 358, -1,
      356, 354, 533, -1,
      533, 354, 471, -1,
      533, 471, 532, -1,
      532, 471, 473, -1,
      532, 473, 531, -1,
      531, 473, 475, -1,
      531, 475, 530, -1,
      530, 475, 477, -1,
      530, 477, 529, -1,
      529, 477, 479, -1,
      529, 479, 254, -1,
      254, 479, 255, -1,
      445, 252, 479, -1,
      479, 252, 256, -1,
      479, 256, 255, -1,
      251, 253, 534, -1,
      534, 253, 445, -1,
      534, 445, 535, -1,
      535, 445, 478, -1,
      535, 478, 536, -1,
      536, 478, 476, -1,
      536, 476, 537, -1,
      537, 476, 474, -1,
      537, 474, 538, -1,
      538, 474, 472, -1,
      538, 472, 351, -1,
      351, 472, 352, -1,
      351, 328, 538, -1,
      538, 328, 480, -1,
      538, 480, 537, -1,
      537, 480, 482, -1,
      537, 482, 536, -1,
      536, 482, 484, -1,
      536, 484, 535, -1,
      535, 484, 486, -1,
      535, 486, 534, -1,
      534, 486, 488, -1,
      534, 488, 251, -1,
      251, 488, 250, -1,
      444, 248, 488, -1,
      488, 248, 249, -1,
      488, 249, 250, -1,
      246, 247, 443, -1,
      443, 247, 444, -1,
      443, 444, 539, -1,
      539, 444, 487, -1,
      539, 487, 540, -1,
      540, 487, 485, -1,
      540, 485, 541, -1,
      541, 485, 483, -1,
      541, 483, 542, -1,
      542, 483, 481, -1,
      542, 481, 332, -1,
      332, 481, 326, -1,
      242, 245, 543, -1,
      543, 245, 443, -1,
      543, 443, 544, -1,
      544, 443, 539, -1,
      544, 539, 545, -1,
      545, 539, 540, -1,
      545, 540, 546, -1,
      546, 540, 541, -1,
      546, 541, 547, -1,
      547, 541, 542, -1,
      547, 542, 331, -1,
      331, 542, 332, -1,
      331, 341, 547, -1,
      547, 341, 489, -1,
      547, 489, 546, -1,
      546, 489, 491, -1,
      546, 491, 545, -1,
      545, 491, 493, -1,
      545, 493, 544, -1,
      544, 493, 495, -1,
      544, 495, 543, -1,
      543, 495, 497, -1,
      543, 497, 242, -1,
      242, 497, 243, -1,
      442, 240, 497, -1,
      497, 240, 244, -1,
      497, 244, 243, -1,
      239, 241, 548, -1,
      548, 241, 442, -1,
      548, 442, 549, -1,
      549, 442, 496, -1,
      549, 496, 550, -1,
      550, 496, 494, -1,
      550, 494, 551, -1,
      551, 494, 492, -1,
      551, 492, 552, -1,
      552, 492, 490, -1,
      552, 490, 338, -1,
      338, 490, 340, -1,
      338, 336, 552, -1,
      552, 336, 498, -1,
      552, 498, 551, -1,
      551, 498, 500, -1,
      551, 500, 550, -1,
      550, 500, 502, -1,
      550, 502, 549, -1,
      549, 502, 504, -1,
      549, 504, 548, -1,
      548, 504, 506, -1,
      548, 506, 239, -1,
      239, 506, 238, -1,
      441, 236, 506, -1,
      506, 236, 237, -1,
      506, 237, 238, -1,
      235, 234, 553, -1,
      553, 234, 441, -1,
      553, 441, 554, -1,
      554, 441, 505, -1,
      554, 505, 555, -1,
      555, 505, 503, -1,
      555, 503, 556, -1,
      556, 503, 501, -1,
      556, 501, 557, -1,
      557, 501, 499, -1,
      557, 499, 333, -1,
      333, 499, 334, -1,
      333, 299, 557, -1,
      557, 299, 558, -1,
      557, 558, 556, -1,
      556, 558, 559, -1,
      556, 559, 555, -1,
      555, 559, 560, -1,
      555, 560, 554, -1,
      554, 560, 561, -1,
      554, 561, 553, -1,
      553, 561, 562, -1,
      553, 562, 235, -1,
      235, 562, 295, -1,
      299, 298, 558, -1,
      558, 298, 563, -1,
      558, 563, 559, -1,
      559, 563, 564, -1,
      559, 564, 560, -1,
      560, 564, 565, -1,
      560, 565, 561, -1,
      561, 565, 566, -1,
      561, 566, 562, -1,
      562, 566, 440, -1,
      562, 440, 295, -1,
      295, 440, 296, -1,
      298, 316, 563, -1,
      563, 316, 567, -1,
      563, 567, 564, -1,
      564, 567, 568, -1,
      564, 568, 565, -1,
      565, 568, 569, -1,
      565, 569, 566, -1,
      566, 569, 570, -1,
      566, 570, 440, -1,
      440, 570, 439, -1,
      440, 439, 297, -1,
      297, 439, 293, -1,
      292, 294, 571, -1,
      571, 294, 439, -1,
      571, 439, 572, -1,
      572, 439, 570, -1,
      572, 570, 573, -1,
      573, 570, 569, -1,
      573, 569, 574, -1,
      574, 569, 568, -1,
      574, 568, 575, -1,
      575, 568, 567, -1,
      575, 567, 315, -1,
      315, 567, 316, -1,
      315, 313, 575, -1,
      575, 313, 507, -1,
      575, 507, 574, -1,
      574, 507, 509, -1,
      574, 509, 573, -1,
      573, 509, 511, -1,
      573, 511, 572, -1,
      572, 511, 513, -1,
      572, 513, 571, -1,
      571, 513, 515, -1,
      571, 515, 292, -1,
      292, 515, 291, -1,
      438, 289, 515, -1,
      515, 289, 290, -1,
      515, 290, 291, -1,
      286, 285, 576, -1,
      576, 285, 438, -1,
      576, 438, 577, -1,
      577, 438, 514, -1,
      577, 514, 578, -1,
      578, 514, 512, -1,
      578, 512, 579, -1,
      579, 512, 510, -1,
      579, 510, 580, -1,
      580, 510, 508, -1,
      580, 508, 309, -1,
      309, 508, 311, -1,
      309, 307, 580, -1,
      580, 307, 581, -1,
      580, 581, 579, -1,
      579, 581, 582, -1,
      579, 582, 578, -1,
      578, 582, 583, -1,
      578, 583, 577, -1,
      577, 583, 584, -1,
      577, 584, 576, -1,
      576, 584, 437, -1,
      576, 437, 286, -1,
      286, 437, 287, -1,
      283, 288, 436, -1,
      436, 288, 437, -1,
      436, 437, 585, -1,
      585, 437, 584, -1,
      585, 584, 586, -1,
      586, 584, 583, -1,
      586, 583, 587, -1,
      587, 583, 582, -1,
      587, 582, 588, -1,
      588, 582, 581, -1,
      588, 581, 324, -1,
      324, 581, 307, -1,
      324, 323, 588, -1,
      588, 323, 589, -1,
      588, 589, 587, -1,
      587, 589, 590, -1,
      587, 590, 586, -1,
      586, 590, 591, -1,
      586, 591, 585, -1,
      585, 591, 592, -1,
      585, 592, 436, -1,
      436, 592, 435, -1,
      436, 435, 284, -1,
      284, 435, 280, -1,
      282, 281, 593, -1,
      593, 281, 435, -1,
      593, 435, 594, -1,
      594, 435, 592, -1,
      594, 592, 595, -1,
      595, 592, 591, -1,
      595, 591, 596, -1,
      596, 591, 590, -1,
      596, 590, 597, -1,
      597, 590, 589, -1,
      597, 589, 321, -1,
      321, 589, 323, -1,
      321, 320, 597, -1,
      597, 320, 516, -1,
      597, 516, 596, -1,
      596, 516, 518, -1,
      596, 518, 595, -1,
      595, 518, 520, -1,
      595, 520, 594, -1,
      594, 520, 522, -1,
      594, 522, 593, -1,
      593, 522, 524, -1,
      593, 524, 282, -1,
      282, 524, 276, -1,
      434, 278, 524, -1,
      524, 278, 277, -1,
      524, 277, 276, -1,
      275, 279, 598, -1,
      598, 279, 434, -1,
      598, 434, 599, -1,
      599, 434, 523, -1,
      599, 523, 600, -1,
      600, 523, 521, -1,
      600, 521, 601, -1,
      601, 521, 519, -1,
      601, 519, 602, -1,
      602, 519, 517, -1,
      602, 517, 350, -1,
      350, 517, 319, -1,
      350, 349, 602, -1,
      602, 349, 603, -1,
      602, 603, 601, -1,
      601, 603, 604, -1,
      601, 604, 600, -1,
      600, 604, 605, -1,
      600, 605, 599, -1,
      599, 605, 606, -1,
      599, 606, 598, -1,
      598, 606, 433, -1,
      598, 433, 275, -1,
      275, 433, 274, -1,
      272, 273, 432, -1,
      432, 273, 433, -1,
      432, 433, 607, -1,
      607, 433, 606, -1,
      607, 606, 608, -1,
      608, 606, 605, -1,
      608, 605, 609, -1,
      609, 605, 604, -1,
      609, 604, 610, -1,
      610, 604, 603, -1,
      610, 603, 347, -1,
      347, 603, 349, -1,
      347, 345, 610, -1,
      610, 345, 611, -1,
      610, 611, 609, -1,
      609, 611, 612, -1,
      609, 612, 608, -1,
      608, 612, 613, -1,
      608, 613, 607, -1,
      607, 613, 614, -1,
      607, 614, 432, -1,
      432, 614, 431, -1,
      432, 431, 271, -1,
      271, 431, 270, -1,
      264, 269, 615, -1,
      615, 269, 431, -1,
      615, 431, 616, -1,
      616, 431, 614, -1,
      616, 614, 617, -1,
      617, 614, 613, -1,
      617, 613, 618, -1,
      618, 613, 612, -1,
      618, 612, 619, -1,
      619, 612, 611, -1,
      619, 611, 343, -1,
      343, 611, 345, -1,
      343, 342, 619, -1,
      619, 342, 458, -1,
      619, 458, 618, -1,
      618, 458, 459, -1,
      618, 459, 617, -1,
      617, 459, 460, -1,
      617, 460, 616, -1,
      616, 460, 461, -1,
      616, 461, 615, -1,
      615, 461, 430, -1,
      615, 430, 264, -1,
      264, 430, 265, -1,
      358, 528, 448, -1,
      448, 528, 470, -1,
      448, 470, 450, -1,
      450, 470, 469, -1,
      450, 469, 453, -1,
      453, 469, 462, -1,
      453, 462, 457, -1,
      457, 462, 464, -1,
      457, 464, 430, -1,
      430, 464, 267, -1,
      430, 267, 266, -1,
      620, 621, 622, -1,
      620, 622, 623, -1,
      623, 622, 394, -1,
      623, 394, 396, -1,
      620, 624, 621, -1,
      621, 624, 625, -1,
      621, 625, 626, -1,
      626, 625, 627, -1,
      626, 627, 628, -1,
      628, 627, 629, -1,
      629, 630, 628, -1,
      628, 630, 631, -1,
      628, 631, 632, -1,
      632, 631, 633, -1,
      632, 633, 634, -1,
      634, 633, 635, -1,
      635, 636, 634, -1,
      634, 636, 637, -1,
      634, 637, 638, -1,
      638, 637, 639, -1,
      638, 639, 640, -1,
      640, 641, 638, -1,
      638, 641, 642, -1,
      638, 642, 643, -1,
      359, 302, 644, -1,
      644, 302, 643, -1,
      644, 643, 645, -1,
      645, 643, 642, -1,
      392, 394, 646, -1,
      646, 394, 622, -1,
      646, 622, 647, -1,
      647, 622, 621, -1,
      647, 621, 648, -1,
      648, 621, 626, -1,
      648, 626, 649, -1,
      649, 626, 628, -1,
      649, 628, 650, -1,
      628, 632, 650, -1,
      650, 632, 634, -1,
      650, 634, 651, -1,
      651, 634, 638, -1,
      651, 638, 652, -1,
      652, 638, 643, -1,
      652, 643, 653, -1,
      653, 643, 302, -1,
      653, 302, 304, -1,
      623, 396, 425, -1,
      654, 655, 656, -1,
      657, 658, 659, -1,
      660, 661, 337, -1,
      337, 661, 662, -1,
      337, 662, 335, -1,
      658, 663, 664, -1,
      663, 665, 664, -1,
      664, 665, 666, -1,
      664, 666, 660, -1,
      655, 667, 656, -1,
      656, 667, 668, -1,
      656, 668, 657, -1,
      669, 670, 671, -1,
      671, 670, 672, -1,
      671, 672, 654, -1,
      673, 674, 675, -1,
      675, 674, 676, -1,
      675, 676, 669, -1,
      624, 620, 677, -1,
      677, 620, 623, -1,
      629, 678, 679, -1,
      679, 678, 625, -1,
      635, 633, 680, -1,
      680, 633, 631, -1,
      680, 631, 630, -1,
      640, 639, 681, -1,
      681, 639, 637, -1,
      681, 637, 636, -1,
      645, 642, 682, -1,
      682, 642, 641, -1,
      357, 359, 644, -1,
      623, 425, 677, -1,
      677, 425, 424, -1,
      677, 424, 683, -1,
      424, 423, 683, -1,
      683, 423, 421, -1,
      683, 421, 684, -1,
      421, 420, 684, -1,
      684, 420, 418, -1,
      684, 418, 685, -1,
      418, 417, 685, -1,
      685, 417, 415, -1,
      685, 415, 686, -1,
      415, 413, 686, -1,
      686, 413, 411, -1,
      686, 411, 687, -1,
      411, 409, 687, -1,
      687, 409, 408, -1,
      687, 408, 688, -1,
      408, 406, 688, -1,
      688, 406, 405, -1,
      688, 405, 689, -1,
      398, 673, 399, -1,
      399, 673, 675, -1,
      399, 675, 402, -1,
      402, 675, 689, -1,
      402, 689, 403, -1,
      403, 689, 405, -1,
      669, 671, 675, -1,
      675, 671, 690, -1,
      675, 690, 689, -1,
      689, 690, 691, -1,
      689, 691, 688, -1,
      688, 691, 692, -1,
      688, 692, 687, -1,
      687, 692, 693, -1,
      687, 693, 686, -1,
      686, 693, 694, -1,
      686, 694, 685, -1,
      685, 694, 695, -1,
      685, 695, 684, -1,
      684, 695, 696, -1,
      684, 696, 683, -1,
      683, 696, 679, -1,
      683, 679, 677, -1,
      677, 679, 625, -1,
      677, 625, 624, -1,
      654, 656, 671, -1,
      671, 656, 697, -1,
      671, 697, 690, -1,
      690, 697, 698, -1,
      690, 698, 691, -1,
      691, 698, 699, -1,
      691, 699, 692, -1,
      692, 699, 700, -1,
      692, 700, 693, -1,
      693, 700, 701, -1,
      693, 701, 694, -1,
      694, 701, 702, -1,
      694, 702, 695, -1,
      695, 702, 703, -1,
      695, 703, 696, -1,
      696, 703, 680, -1,
      696, 680, 679, -1,
      679, 680, 630, -1,
      679, 630, 629, -1,
      657, 659, 656, -1,
      656, 659, 704, -1,
      656, 704, 697, -1,
      697, 704, 705, -1,
      697, 705, 698, -1,
      698, 705, 706, -1,
      698, 706, 699, -1,
      699, 706, 707, -1,
      699, 707, 700, -1,
      700, 707, 708, -1,
      700, 708, 701, -1,
      701, 708, 709, -1,
      701, 709, 702, -1,
      702, 709, 710, -1,
      702, 710, 703, -1,
      703, 710, 681, -1,
      703, 681, 680, -1,
      680, 681, 636, -1,
      680, 636, 635, -1,
      658, 664, 659, -1,
      659, 664, 711, -1,
      659, 711, 704, -1,
      704, 711, 712, -1,
      704, 712, 705, -1,
      705, 712, 713, -1,
      705, 713, 706, -1,
      706, 713, 714, -1,
      706, 714, 707, -1,
      707, 714, 715, -1,
      707, 715, 708, -1,
      708, 715, 716, -1,
      708, 716, 709, -1,
      709, 716, 717, -1,
      709, 717, 710, -1,
      710, 717, 682, -1,
      710, 682, 681, -1,
      681, 682, 641, -1,
      681, 641, 640, -1,
      660, 337, 664, -1,
      664, 337, 339, -1,
      664, 339, 711, -1,
      711, 339, 330, -1,
      711, 330, 712, -1,
      712, 330, 325, -1,
      712, 325, 713, -1,
      713, 325, 327, -1,
      713, 327, 714, -1,
      714, 327, 329, -1,
      714, 329, 715, -1,
      715, 329, 353, -1,
      715, 353, 716, -1,
      716, 353, 355, -1,
      716, 355, 717, -1,
      717, 355, 357, -1,
      717, 357, 682, -1,
      682, 357, 644, -1,
      682, 644, 645, -1,
      718, 719, 653, -1,
      720, 721, 647, -1,
      362, 392, 722, -1,
      722, 392, 646, -1,
      722, 646, 723, -1,
      723, 646, 647, -1,
      723, 647, 724, -1,
      724, 647, 721, -1,
      647, 648, 720, -1,
      720, 648, 649, -1,
      720, 649, 725, -1,
      725, 649, 650, -1,
      725, 650, 726, -1,
      726, 650, 651, -1,
      727, 726, 728, -1,
      728, 726, 651, -1,
      728, 651, 729, -1,
      653, 719, 652, -1,
      652, 719, 730, -1,
      652, 730, 731, -1,
      731, 732, 652, -1,
      652, 732, 733, -1,
      652, 733, 651, -1,
      651, 733, 734, -1,
      651, 734, 729, -1,
      304, 344, 653, -1,
      653, 344, 735, -1,
      653, 735, 718, -1,
      736, 301, 335, -1,
      335, 662, 736, -1,
      736, 662, 661, -1,
      736, 661, 737, -1,
      737, 661, 660, -1,
      737, 660, 666, -1,
      666, 665, 737, -1,
      737, 665, 663, -1,
      737, 663, 738, -1,
      738, 663, 658, -1,
      658, 657, 738, -1,
      738, 657, 668, -1,
      738, 668, 667, -1,
      655, 739, 667, -1,
      667, 739, 740, -1,
      667, 740, 738, -1,
      655, 654, 739, -1,
      739, 654, 672, -1,
      739, 672, 741, -1,
      669, 742, 741, -1,
      741, 742, 743, -1,
      741, 743, 739, -1,
      398, 426, 673, -1,
      673, 426, 744, -1,
      673, 744, 674, -1,
      674, 744, 742, -1,
      674, 742, 676, -1,
      676, 742, 669, -1,
      724, 721, 745, -1,
      729, 734, 746, -1,
      747, 391, 390, -1,
      748, 749, 747, -1,
      750, 751, 752, -1,
      752, 751, 753, -1,
      754, 755, 756, -1,
      756, 755, 757, -1,
      756, 757, 758, -1,
      759, 760, 761, -1,
      761, 760, 762, -1,
      761, 762, 763, -1,
      764, 765, 766, -1,
      767, 768, 764, -1,
      764, 768, 769, -1,
      764, 769, 765, -1,
      730, 719, 346, -1,
      719, 718, 346, -1,
      346, 718, 735, -1,
      346, 735, 344, -1,
      734, 733, 770, -1,
      733, 732, 770, -1,
      770, 732, 731, -1,
      770, 731, 730, -1,
      727, 728, 771, -1,
      771, 728, 729, -1,
      726, 727, 725, -1,
      725, 727, 771, -1,
      725, 771, 720, -1,
      720, 771, 721, -1,
      722, 723, 772, -1,
      772, 723, 724, -1,
      747, 390, 748, -1,
      748, 390, 388, -1,
      748, 388, 773, -1,
      388, 387, 773, -1,
      773, 387, 385, -1,
      773, 385, 774, -1,
      385, 384, 774, -1,
      774, 384, 382, -1,
      774, 382, 775, -1,
      382, 381, 775, -1,
      775, 381, 379, -1,
      775, 379, 776, -1,
      379, 377, 776, -1,
      776, 377, 375, -1,
      776, 375, 777, -1,
      375, 373, 777, -1,
      777, 373, 372, -1,
      777, 372, 778, -1,
      372, 370, 778, -1,
      778, 370, 369, -1,
      778, 369, 779, -1,
      362, 722, 363, -1,
      363, 722, 772, -1,
      363, 772, 366, -1,
      366, 772, 779, -1,
      366, 779, 367, -1,
      367, 779, 369, -1,
      724, 745, 772, -1,
      772, 745, 780, -1,
      772, 780, 779, -1,
      779, 780, 781, -1,
      779, 781, 778, -1,
      778, 781, 782, -1,
      778, 782, 777, -1,
      777, 782, 783, -1,
      777, 783, 776, -1,
      776, 783, 784, -1,
      776, 784, 775, -1,
      775, 784, 785, -1,
      775, 785, 774, -1,
      774, 785, 786, -1,
      774, 786, 773, -1,
      773, 786, 752, -1,
      773, 752, 748, -1,
      748, 752, 753, -1,
      748, 753, 749, -1,
      721, 771, 745, -1,
      745, 771, 787, -1,
      745, 787, 780, -1,
      780, 787, 788, -1,
      780, 788, 781, -1,
      781, 788, 789, -1,
      781, 789, 782, -1,
      782, 789, 790, -1,
      782, 790, 783, -1,
      783, 790, 791, -1,
      783, 791, 784, -1,
      784, 791, 792, -1,
      784, 792, 785, -1,
      785, 792, 793, -1,
      785, 793, 786, -1,
      786, 793, 756, -1,
      786, 756, 752, -1,
      752, 756, 758, -1,
      752, 758, 750, -1,
      729, 746, 771, -1,
      771, 746, 794, -1,
      771, 794, 787, -1,
      787, 794, 795, -1,
      787, 795, 788, -1,
      788, 795, 796, -1,
      788, 796, 789, -1,
      789, 796, 797, -1,
      789, 797, 790, -1,
      790, 797, 798, -1,
      790, 798, 791, -1,
      791, 798, 799, -1,
      791, 799, 792, -1,
      792, 799, 800, -1,
      792, 800, 793, -1,
      793, 800, 761, -1,
      793, 761, 756, -1,
      756, 761, 763, -1,
      756, 763, 754, -1,
      734, 770, 746, -1,
      746, 770, 801, -1,
      746, 801, 794, -1,
      794, 801, 802, -1,
      794, 802, 795, -1,
      795, 802, 803, -1,
      795, 803, 796, -1,
      796, 803, 804, -1,
      796, 804, 797, -1,
      797, 804, 805, -1,
      797, 805, 798, -1,
      798, 805, 806, -1,
      798, 806, 799, -1,
      799, 806, 807, -1,
      799, 807, 800, -1,
      800, 807, 764, -1,
      800, 764, 761, -1,
      761, 764, 766, -1,
      761, 766, 759, -1,
      730, 346, 770, -1,
      770, 346, 348, -1,
      770, 348, 801, -1,
      801, 348, 318, -1,
      801, 318, 802, -1,
      802, 318, 317, -1,
      802, 317, 803, -1,
      803, 317, 322, -1,
      803, 322, 804, -1,
      804, 322, 306, -1,
      804, 306, 805, -1,
      805, 306, 308, -1,
      805, 308, 806, -1,
      806, 308, 310, -1,
      806, 310, 807, -1,
      807, 310, 312, -1,
      807, 312, 764, -1,
      764, 312, 314, -1,
      764, 314, 767, -1,
      300, 301, 736, -1,
      300, 736, 808, -1,
      808, 736, 737, -1,
      808, 737, 809, -1,
      809, 737, 738, -1,
      809, 738, 810, -1,
      810, 738, 811, -1,
      811, 738, 740, -1,
      811, 740, 812, -1,
      740, 739, 812, -1,
      812, 739, 743, -1,
      812, 743, 813, -1,
      813, 743, 814, -1,
      744, 426, 428, -1,
      743, 742, 814, -1,
      814, 742, 744, -1,
      814, 744, 815, -1,
      815, 744, 428, -1,
      749, 814, 815, -1,
      749, 815, 747, -1,
      747, 815, 428, -1,
      747, 428, 391, -1,
      749, 753, 814, -1,
      814, 753, 751, -1,
      814, 751, 813, -1,
      813, 751, 750, -1,
      813, 750, 812, -1,
      750, 758, 812, -1,
      812, 758, 757, -1,
      812, 757, 811, -1,
      811, 757, 755, -1,
      811, 755, 810, -1,
      810, 755, 754, -1,
      754, 763, 810, -1,
      810, 763, 762, -1,
      810, 762, 809, -1,
      809, 762, 760, -1,
      809, 760, 759, -1,
      769, 808, 765, -1,
      765, 808, 809, -1,
      765, 809, 766, -1,
      766, 809, 759, -1,
      314, 300, 767, -1,
      767, 300, 808, -1,
      767, 808, 768, -1,
      768, 808, 769, -1,
      164, 816, 163, -1,
      163, 816, 817, -1,
      163, 817, 162, -1,
      162, 817, 818, -1,
      162, 818, 161, -1,
      161, 818, 819, -1,
      161, 819, 160, -1,
      170, 820, 169, -1,
      169, 820, 821, -1,
      169, 821, 168, -1,
      168, 821, 822, -1,
      168, 822, 167, -1,
      167, 822, 823, -1,
      167, 823, 166, -1,
      166, 823, 824, -1,
      166, 824, 165, -1,
      165, 824, 825, -1,
      165, 825, 164, -1,
      164, 825, 826, -1,
      164, 826, 816, -1,
      174, 827, 173, -1,
      173, 827, 828, -1,
      173, 828, 172, -1,
      172, 828, 829, -1,
      172, 829, 171, -1,
      171, 829, 830, -1,
      171, 830, 170, -1,
      170, 830, 831, -1,
      170, 831, 820, -1,
      180, 832, 179, -1,
      179, 832, 833, -1,
      179, 833, 178, -1,
      178, 833, 834, -1,
      178, 834, 177, -1,
      177, 834, 835, -1,
      177, 835, 176, -1,
      176, 835, 836, -1,
      176, 836, 175, -1,
      175, 836, 837, -1,
      175, 837, 174, -1,
      174, 837, 838, -1,
      174, 838, 827, -1,
      184, 839, 183, -1,
      183, 839, 840, -1,
      183, 840, 182, -1,
      182, 840, 841, -1,
      182, 841, 181, -1,
      181, 841, 842, -1,
      181, 842, 180, -1,
      180, 842, 843, -1,
      180, 843, 832, -1,
      190, 844, 189, -1,
      189, 844, 845, -1,
      189, 845, 188, -1,
      188, 845, 846, -1,
      188, 846, 187, -1,
      187, 846, 847, -1,
      187, 847, 186, -1,
      186, 847, 848, -1,
      186, 848, 185, -1,
      185, 848, 849, -1,
      185, 849, 184, -1,
      184, 849, 850, -1,
      184, 850, 839, -1,
      194, 851, 193, -1,
      193, 851, 852, -1,
      193, 852, 192, -1,
      192, 852, 853, -1,
      192, 853, 191, -1,
      191, 853, 854, -1,
      191, 854, 190, -1,
      190, 854, 855, -1,
      190, 855, 844, -1,
      199, 856, 198, -1,
      198, 856, 857, -1,
      198, 857, 197, -1,
      197, 857, 858, -1,
      197, 858, 196, -1,
      196, 858, 859, -1,
      196, 859, 195, -1,
      195, 859, 860, -1,
      195, 860, 194, -1,
      194, 860, 861, -1,
      194, 861, 851, -1,
      204, 862, 203, -1,
      203, 862, 863, -1,
      203, 863, 202, -1,
      202, 863, 864, -1,
      202, 864, 201, -1,
      201, 864, 865, -1,
      201, 865, 200, -1,
      200, 865, 866, -1,
      200, 866, 199, -1,
      199, 866, 867, -1,
      199, 867, 856, -1,
      819, 868, 160, -1,
      160, 868, 869, -1,
      160, 869, 159, -1,
      159, 869, 870, -1,
      159, 870, 158, -1,
      158, 870, 871, -1,
      158, 871, 157, -1,
      157, 871, 872, -1,
      157, 872, 156, -1,
      156, 872, 873, -1,
      156, 873, 155, -1,
      155, 873, 874, -1,
      155, 874, 154, -1,
      154, 874, 875, -1,
      154, 875, 153, -1,
      153, 875, 876, -1,
      153, 876, 152, -1,
      152, 876, 877, -1,
      152, 877, 205, -1,
      205, 877, 878, -1,
      205, 878, 204, -1,
      204, 878, 879, -1,
      204, 879, 862, -1,
      841, 840, 880, -1,
      850, 849, 881, -1,
      846, 845, 882, -1,
      855, 854, 883, -1,
      861, 860, 884, -1,
      857, 856, 885, -1,
      866, 865, 886, -1,
      879, 878, 887, -1,
      873, 872, 888, -1,
      868, 819, 889, -1,
      826, 825, 890, -1,
      824, 823, 891, -1,
      831, 830, 892, -1,
      838, 837, 893, -1,
      836, 835, 894, -1,
      55, 54, 895, -1,
      6, 7, 896, -1,
      37, 42, 897, -1,
      4, 5, 898, -1,
      1, 2, 899, -1,
      36, 35, 900, -1,
      24, 30, 901, -1,
      27, 26, 902, -1,
      23, 22, 903, -1,
      20, 19, 904, -1,
      9, 18, 905, -1,
      11, 10, 906, -1,
      906, 10, 907, -1,
      906, 907, 908, -1,
      9, 905, 10, -1,
      27, 902, 21, -1,
      4, 898, 3, -1,
      37, 897, 38, -1,
      46, 45, 909, -1,
      44, 43, 910, -1,
      51, 52, 911, -1,
      6, 896, 48, -1,
      0, 57, 912, -1,
      55, 895, 56, -1,
      12, 11, 913, -1,
      913, 11, 906, -1,
      913, 906, 914, -1,
      914, 906, 908, -1,
      914, 908, 915, -1,
      13, 12, 916, -1,
      916, 12, 913, -1,
      916, 913, 917, -1,
      917, 913, 914, -1,
      917, 914, 918, -1,
      918, 914, 915, -1,
      918, 915, 919, -1,
      54, 13, 895, -1,
      895, 13, 916, -1,
      895, 916, 920, -1,
      920, 916, 917, -1,
      920, 917, 921, -1,
      921, 917, 918, -1,
      921, 918, 922, -1,
      922, 918, 919, -1,
      922, 919, 880, -1,
      923, 924, 925, -1,
      926, 924, 927, -1,
      927, 924, 923, -1,
      927, 923, 928, -1,
      16, 15, 929, -1,
      929, 15, 930, -1,
      929, 930, 931, -1,
      931, 930, 932, -1,
      931, 932, 933, -1,
      933, 932, 934, -1,
      933, 934, 935, -1,
      935, 934, 936, -1,
      935, 936, 937, -1,
      937, 936, 892, -1,
      19, 23, 904, -1,
      904, 23, 903, -1,
      904, 903, 938, -1,
      938, 903, 939, -1,
      938, 939, 940, -1,
      940, 939, 941, -1,
      940, 941, 942, -1,
      942, 941, 943, -1,
      942, 943, 944, -1,
      944, 943, 891, -1,
      30, 29, 901, -1,
      901, 29, 945, -1,
      901, 945, 946, -1,
      946, 945, 947, -1,
      946, 947, 948, -1,
      948, 947, 949, -1,
      948, 949, 950, -1,
      950, 949, 951, -1,
      950, 951, 952, -1,
      952, 951, 889, -1,
      35, 34, 900, -1,
      900, 34, 953, -1,
      900, 953, 954, -1,
      954, 953, 955, -1,
      954, 955, 956, -1,
      956, 955, 957, -1,
      956, 957, 958, -1,
      958, 957, 959, -1,
      958, 959, 960, -1,
      960, 959, 888, -1,
      31, 1, 961, -1,
      961, 1, 899, -1,
      961, 899, 962, -1,
      962, 899, 963, -1,
      962, 963, 964, -1,
      964, 963, 965, -1,
      964, 965, 966, -1,
      966, 965, 967, -1,
      966, 967, 968, -1,
      968, 967, 887, -1,
      41, 40, 969, -1,
      969, 40, 970, -1,
      969, 970, 971, -1,
      971, 970, 972, -1,
      971, 972, 973, -1,
      973, 972, 974, -1,
      973, 974, 975, -1,
      975, 974, 976, -1,
      975, 976, 977, -1,
      977, 976, 886, -1,
      47, 46, 978, -1,
      978, 46, 909, -1,
      978, 909, 979, -1,
      979, 909, 980, -1,
      979, 980, 981, -1,
      981, 980, 982, -1,
      981, 982, 983, -1,
      983, 982, 984, -1,
      983, 984, 985, -1,
      985, 984, 884, -1,
      911, 986, 987, -1,
      987, 986, 988, -1,
      987, 988, 989, -1,
      989, 988, 990, -1,
      989, 990, 991, -1,
      991, 990, 992, -1,
      991, 992, 993, -1,
      993, 992, 883, -1,
      7, 8, 896, -1,
      896, 8, 994, -1,
      896, 994, 995, -1,
      995, 994, 996, -1,
      995, 996, 997, -1,
      997, 996, 998, -1,
      997, 998, 999, -1,
      999, 998, 1000, -1,
      999, 1000, 1001, -1,
      1001, 1000, 881, -1,
      834, 833, 926, -1,
      926, 833, 832, -1,
      926, 832, 924, -1,
      924, 832, 843, -1,
      924, 843, 925, -1,
      925, 843, 842, -1,
      835, 834, 894, -1,
      894, 834, 926, -1,
      894, 926, 1002, -1,
      1002, 926, 927, -1,
      1002, 927, 1003, -1,
      1003, 927, 928, -1,
      1003, 928, 1004, -1,
      837, 836, 893, -1,
      893, 836, 894, -1,
      893, 894, 1005, -1,
      1005, 894, 1002, -1,
      1005, 1002, 1006, -1,
      1006, 1002, 1003, -1,
      1006, 1003, 1007, -1,
      1007, 1003, 1004, -1,
      1007, 1004, 905, -1,
      827, 838, 1008, -1,
      1008, 838, 893, -1,
      1008, 893, 1009, -1,
      1009, 893, 1005, -1,
      1009, 1005, 1010, -1,
      1010, 1005, 1006, -1,
      1010, 1006, 1011, -1,
      1011, 1006, 1007, -1,
      1011, 1007, 1012, -1,
      1012, 1007, 905, -1,
      1012, 905, 17, -1,
      17, 905, 18, -1,
      17, 16, 1012, -1,
      1012, 16, 929, -1,
      1012, 929, 1011, -1,
      1011, 929, 931, -1,
      1011, 931, 1010, -1,
      1010, 931, 933, -1,
      1010, 933, 1009, -1,
      1009, 933, 935, -1,
      1009, 935, 1008, -1,
      1008, 935, 937, -1,
      1008, 937, 827, -1,
      827, 937, 828, -1,
      892, 830, 937, -1,
      937, 830, 829, -1,
      937, 829, 828, -1,
      820, 831, 1013, -1,
      1013, 831, 892, -1,
      1013, 892, 1014, -1,
      1014, 892, 936, -1,
      1014, 936, 1015, -1,
      1015, 936, 934, -1,
      1015, 934, 1016, -1,
      1016, 934, 932, -1,
      1016, 932, 1017, -1,
      1017, 932, 930, -1,
      1017, 930, 14, -1,
      14, 930, 15, -1,
      14, 20, 1017, -1,
      1017, 20, 904, -1,
      1017, 904, 1016, -1,
      1016, 904, 938, -1,
      1016, 938, 1015, -1,
      1015, 938, 940, -1,
      1015, 940, 1014, -1,
      1014, 940, 942, -1,
      1014, 942, 1013, -1,
      1013, 942, 944, -1,
      1013, 944, 820, -1,
      820, 944, 821, -1,
      891, 823, 944, -1,
      944, 823, 822, -1,
      944, 822, 821, -1,
      825, 824, 890, -1,
      890, 824, 891, -1,
      890, 891, 1018, -1,
      1018, 891, 943, -1,
      1018, 943, 1019, -1,
      1019, 943, 941, -1,
      1019, 941, 1020, -1,
      1020, 941, 939, -1,
      1020, 939, 902, -1,
      902, 939, 903, -1,
      902, 903, 21, -1,
      21, 903, 22, -1,
      816, 826, 1021, -1,
      1021, 826, 890, -1,
      1021, 890, 1022, -1,
      1022, 890, 1018, -1,
      1022, 1018, 1023, -1,
      1023, 1018, 1019, -1,
      1023, 1019, 1024, -1,
      1024, 1019, 1020, -1,
      1024, 1020, 1025, -1,
      1025, 1020, 902, -1,
      1025, 902, 25, -1,
      25, 902, 26, -1,
      25, 24, 1025, -1,
      1025, 24, 901, -1,
      1025, 901, 1024, -1,
      1024, 901, 946, -1,
      1024, 946, 1023, -1,
      1023, 946, 948, -1,
      1023, 948, 1022, -1,
      1022, 948, 950, -1,
      1022, 950, 1021, -1,
      1021, 950, 952, -1,
      1021, 952, 816, -1,
      816, 952, 817, -1,
      889, 819, 952, -1,
      952, 819, 818, -1,
      952, 818, 817, -1,
      869, 868, 1026, -1,
      1026, 868, 889, -1,
      1026, 889, 1027, -1,
      1027, 889, 951, -1,
      1027, 951, 1028, -1,
      1028, 951, 949, -1,
      1028, 949, 1029, -1,
      1029, 949, 947, -1,
      1029, 947, 1030, -1,
      1030, 947, 945, -1,
      1030, 945, 28, -1,
      28, 945, 29, -1,
      28, 36, 1030, -1,
      1030, 36, 900, -1,
      1030, 900, 1029, -1,
      1029, 900, 954, -1,
      1029, 954, 1028, -1,
      1028, 954, 956, -1,
      1028, 956, 1027, -1,
      1027, 956, 958, -1,
      1027, 958, 1026, -1,
      1026, 958, 960, -1,
      1026, 960, 869, -1,
      869, 960, 870, -1,
      888, 872, 960, -1,
      960, 872, 871, -1,
      960, 871, 870, -1,
      874, 873, 1031, -1,
      1031, 873, 888, -1,
      1031, 888, 1032, -1,
      1032, 888, 959, -1,
      1032, 959, 1033, -1,
      1033, 959, 957, -1,
      1033, 957, 1034, -1,
      1034, 957, 955, -1,
      1034, 955, 1035, -1,
      1035, 955, 953, -1,
      1035, 953, 33, -1,
      33, 953, 34, -1,
      33, 32, 1035, -1,
      1035, 32, 1036, -1,
      1035, 1036, 1034, -1,
      1034, 1036, 1037, -1,
      1034, 1037, 1033, -1,
      1033, 1037, 1038, -1,
      1033, 1038, 1032, -1,
      1032, 1038, 1039, -1,
      1032, 1039, 1031, -1,
      1031, 1039, 1040, -1,
      1031, 1040, 874, -1,
      874, 1040, 875, -1,
      32, 31, 1036, -1,
      1036, 31, 961, -1,
      1036, 961, 1037, -1,
      1037, 961, 962, -1,
      1037, 962, 1038, -1,
      1038, 962, 964, -1,
      1038, 964, 1039, -1,
      1039, 964, 966, -1,
      1039, 966, 1040, -1,
      1040, 966, 968, -1,
      1040, 968, 875, -1,
      875, 968, 876, -1,
      887, 878, 968, -1,
      968, 878, 877, -1,
      968, 877, 876, -1,
      862, 879, 1041, -1,
      1041, 879, 887, -1,
      1041, 887, 1042, -1,
      1042, 887, 967, -1,
      1042, 967, 1043, -1,
      1043, 967, 965, -1,
      1043, 965, 1044, -1,
      1044, 965, 963, -1,
      1044, 963, 898, -1,
      898, 963, 899, -1,
      898, 899, 3, -1,
      3, 899, 2, -1,
      5, 41, 898, -1,
      898, 41, 969, -1,
      898, 969, 1044, -1,
      1044, 969, 971, -1,
      1044, 971, 1043, -1,
      1043, 971, 973, -1,
      1043, 973, 1042, -1,
      1042, 973, 975, -1,
      1042, 975, 1041, -1,
      1041, 975, 977, -1,
      1041, 977, 862, -1,
      862, 977, 863, -1,
      886, 865, 977, -1,
      977, 865, 864, -1,
      977, 864, 863, -1,
      867, 866, 1045, -1,
      1045, 866, 886, -1,
      1045, 886, 1046, -1,
      1046, 886, 976, -1,
      1046, 976, 1047, -1,
      1047, 976, 974, -1,
      1047, 974, 1048, -1,
      1048, 974, 972, -1,
      1048, 972, 1049, -1,
      1049, 972, 970, -1,
      40, 39, 970, -1,
      970, 39, 38, -1,
      970, 38, 1049, -1,
      1049, 38, 897, -1,
      1049, 897, 1048, -1,
      1048, 897, 1050, -1,
      1048, 1050, 1047, -1,
      1047, 1050, 1051, -1,
      1047, 1051, 1046, -1,
      1046, 1051, 1052, -1,
      1046, 1052, 1045, -1,
      1045, 1052, 885, -1,
      1045, 885, 867, -1,
      867, 885, 856, -1,
      858, 857, 985, -1,
      985, 857, 885, -1,
      985, 885, 983, -1,
      983, 885, 1052, -1,
      983, 1052, 981, -1,
      981, 1052, 1051, -1,
      981, 1051, 979, -1,
      979, 1051, 1050, -1,
      979, 1050, 978, -1,
      978, 1050, 897, -1,
      978, 897, 47, -1,
      47, 897, 42, -1,
      884, 860, 985, -1,
      985, 860, 859, -1,
      985, 859, 858, -1,
      851, 861, 1053, -1,
      1053, 861, 884, -1,
      1053, 884, 1054, -1,
      1054, 884, 984, -1,
      1054, 984, 1055, -1,
      1055, 984, 982, -1,
      1055, 982, 1056, -1,
      1056, 982, 980, -1,
      1056, 980, 910, -1,
      910, 980, 909, -1,
      910, 909, 44, -1,
      44, 909, 45, -1,
      43, 51, 910, -1,
      910, 51, 911, -1,
      910, 911, 1056, -1,
      1056, 911, 987, -1,
      1056, 987, 1055, -1,
      1055, 987, 989, -1,
      1055, 989, 1054, -1,
      1054, 989, 991, -1,
      1054, 991, 1053, -1,
      1053, 991, 993, -1,
      1053, 993, 851, -1,
      851, 993, 852, -1,
      883, 854, 993, -1,
      993, 854, 853, -1,
      993, 853, 852, -1,
      844, 855, 1057, -1,
      1057, 855, 883, -1,
      1057, 883, 1058, -1,
      1058, 883, 992, -1,
      1058, 992, 1059, -1,
      1059, 992, 990, -1,
      1059, 990, 1060, -1,
      1060, 990, 988, -1,
      1060, 988, 1061, -1,
      1061, 988, 986, -1,
      1061, 1062, 1060, -1,
      1060, 1062, 1063, -1,
      1060, 1063, 1059, -1,
      1059, 1063, 1064, -1,
      1059, 1064, 1058, -1,
      1058, 1064, 1065, -1,
      1058, 1065, 1057, -1,
      1057, 1065, 882, -1,
      1057, 882, 844, -1,
      844, 882, 845, -1,
      847, 846, 1001, -1,
      1001, 846, 882, -1,
      1001, 882, 999, -1,
      999, 882, 1065, -1,
      999, 1065, 997, -1,
      997, 1065, 1064, -1,
      997, 1064, 995, -1,
      995, 1064, 1063, -1,
      995, 1063, 896, -1,
      896, 1063, 1062, -1,
      896, 1062, 48, -1,
      48, 1062, 1061, -1,
      48, 1061, 49, -1,
      49, 1061, 986, -1,
      49, 986, 50, -1,
      50, 986, 911, -1,
      50, 911, 53, -1,
      53, 911, 52, -1,
      881, 849, 1001, -1,
      1001, 849, 848, -1,
      1001, 848, 847, -1,
      839, 850, 1066, -1,
      1066, 850, 881, -1,
      1066, 881, 1067, -1,
      1067, 881, 1000, -1,
      1067, 1000, 1068, -1,
      1068, 1000, 998, -1,
      1068, 998, 1069, -1,
      1069, 998, 996, -1,
      1069, 996, 912, -1,
      912, 996, 994, -1,
      912, 994, 0, -1,
      0, 994, 8, -1,
      57, 56, 912, -1,
      912, 56, 895, -1,
      912, 895, 1069, -1,
      1069, 895, 920, -1,
      1069, 920, 1068, -1,
      1068, 920, 921, -1,
      1068, 921, 1067, -1,
      1067, 921, 922, -1,
      1067, 922, 1066, -1,
      1066, 922, 880, -1,
      1066, 880, 839, -1,
      839, 880, 840, -1,
      10, 905, 907, -1,
      907, 905, 1004, -1,
      907, 1004, 908, -1,
      908, 1004, 928, -1,
      908, 928, 915, -1,
      915, 928, 923, -1,
      915, 923, 919, -1,
      919, 923, 925, -1,
      919, 925, 880, -1,
      880, 925, 842, -1,
      880, 842, 841, -1,
    ]
  }
}

Shape {
  appearance Appearance {
    material Material {
      diffuseColor 0.9686 0.8784 0.6000
      specularColor 0.6784 0.6157 0.4196
      ambientIntensity 0.2
      transparency 0.0000
      shininess 0.5
    }
  }
  geometry IndexedFaceSet {
    ccw TRUE
    solid FALSE
    coord DEF co Coordinate {
      point [
        -0.097436 0.097436 0.196850,
        -0.119334 0.068898 0.196850,
        -0.133100 0.035664 0.196850,
        -0.137795 0.000000 0.196850,
        -0.133100 -0.035664 0.196850,
        -0.119334 -0.068898 0.196850,
        -0.040721 -0.131006 0.196850,
        -0.068898 -0.119334 0.196850,
        -0.097436 -0.097436 0.196850,
        0.097436 0.097436 0.196850,
        0.068898 0.119334 0.196850,
        0.035664 0.133100 0.196850,
        -0.000000 0.137795 0.196850,
        -0.035664 0.133100 0.196850,
        -0.040721 0.131006 0.196850,
        -0.068898 0.119334 0.196850,
        0.137795 0.000000 0.196850,
        0.133100 -0.035664 0.196850,
        0.133100 0.035664 0.196850,
        0.119334 0.068898 0.196850,
        0.110267 0.080715 0.196850,
        -0.035664 -0.133100 0.196850,
        0.000000 -0.137795 0.196850,
        0.035664 -0.133100 0.196850,
        0.068898 -0.119334 0.196850,
        0.097436 -0.097436 0.196850,
        0.110267 -0.080715 0.196850,
        0.119334 -0.068898 0.196850,
        -0.068898 -0.119334 -1.377953,
        0.097436 -0.097436 -1.377953,
        0.068898 -0.119334 -1.377953,
        0.035664 -0.133100 -1.377953,
        0.000000 -0.137795 -1.377953,
        -0.035664 -0.133100 -1.377953,
        0.119334 0.068898 -1.377953,
        0.133100 0.035664 -1.377953,
        0.137795 0.000000 -1.377953,
        0.133100 -0.035664 -1.377953,
        0.119334 -0.068898 -1.377953,
        -0.035664 0.133100 -1.377953,
        -0.000000 0.137795 -1.377953,
        0.035664 0.133100 -1.377953,
        0.068898 0.119334 -1.377953,
        0.097436 0.097436 -1.377953,
        -0.097436 -0.097436 -1.377953,
        -0.119334 -0.068898 -1.377953,
        -0.133100 -0.035664 -1.377953,
        -0.137795 0.000000 -1.377953,
        -0.133100 0.035664 -1.377953,
        -0.119334 0.068898 -1.377953,
        -0.097436 0.097436 -1.377953,
        -0.068898 0.119334 -1.377953,
        0.000000 0.000000 -1.377953,
      ]
    }
    coordIndex [
      21, 6, 28, -1,
      29, 24, 30, -1,
      30, 24, 23, -1,
      30, 23, 31, -1,
      31, 23, 22, -1,
      31, 22, 32, -1,
      32, 22, 21, -1,
      32, 21, 33, -1,
      33, 21, 28, -1,
      34, 18, 35, -1,
      35, 18, 16, -1,
      35, 16, 36, -1,
      36, 16, 17, -1,
      36, 17, 37, -1,
      37, 17, 27, -1,
      37, 27, 38, -1,
      38, 27, 26, -1,
      38, 26, 29, -1,
      29, 26, 25, -1,
      29, 25, 24, -1,
      39, 12, 40, -1,
      40, 12, 11, -1,
      40, 11, 41, -1,
      41, 11, 10, -1,
      41, 10, 42, -1,
      42, 10, 9, -1,
      42, 9, 43, -1,
      43, 9, 20, -1,
      43, 20, 34, -1,
      34, 20, 19, -1,
      34, 19, 18, -1,
      6, 7, 28, -1,
      28, 7, 8, -1,
      28, 8, 44, -1,
      44, 8, 5, -1,
      44, 5, 45, -1,
      45, 5, 4, -1,
      45, 4, 46, -1,
      46, 4, 3, -1,
      46, 3, 47, -1,
      47, 3, 2, -1,
      47, 2, 48, -1,
      48, 2, 1, -1,
      48, 1, 49, -1,
      49, 1, 0, -1,
      49, 0, 50, -1,
      50, 0, 15, -1,
      50, 15, 51, -1,
      51, 15, 14, -1,
      51, 14, 39, -1,
      39, 14, 13, -1,
      39, 13, 12, -1,
      34, 35, 52, -1,
      52, 35, 36, -1,
      52, 36, 37, -1,
      41, 42, 52, -1,
      52, 42, 43, -1,
      52, 43, 34, -1,
      51, 39, 52, -1,
      52, 39, 40, -1,
      52, 40, 41, -1,
      48, 49, 52, -1,
      52, 49, 50, -1,
      52, 50, 51, -1,
      45, 46, 52, -1,
      52, 46, 47, -1,
      52, 47, 48, -1,
      33, 28, 52, -1,
      52, 28, 44, -1,
      52, 44, 45, -1,
      30, 31, 52, -1,
      52, 31, 32, -1,
      52, 32, 33, -1,
      37, 38, 52, -1,
      52, 38, 29, -1,
      52, 29, 30, -1,
    ]
  }
}

Shape {
  appearance Appearance {
    material Material {
      diffuseColor 0.2235 0.2235 0.2235
      specularColor 0.1137 0.1137 0.1137
      ambientIntensity 0.2
      transparency 0.0000
      shininess 0.5
    }
  }
  geometry IndexedFaceSet {
    ccw TRUE
    solid FALSE
    coord DEF co Coordinate {
      point [
        -0.220254 0.337600 0.196850,
        -0.262863 0.356080 0.196850,
        -0.409862 0.356080 0.196850,
        -0.377509 0.286222 0.196850,
        -0.430870 0.401442 0.196850,
        0.260584 0.307965 0.196850,
        0.279293 0.286222 0.196850,
        0.160565 0.357541 0.196850,
        0.163263 0.356080 0.196850,
        0.132221 0.412686 0.196850,
        0.120893 0.391080 0.196850,
        0.137324 0.373238 0.196850,
        0.201808 0.368771 0.196850,
        0.199189 0.369186 0.196850,
        0.199189 0.529932 0.196850,
        0.186799 0.371150 0.196850,
        0.171081 0.377464 0.196850,
        0.149169 0.392363 0.196850,
        0.134561 0.409037 0.196850,
        0.193811 0.530504 0.196850,
        0.257044 0.395375 0.196850,
        0.244482 0.382922 0.196850,
        0.217763 0.527960 0.196850,
        0.274259 0.425681 0.196850,
        0.268568 0.413173 0.196850,
        0.231176 0.374737 0.196850,
        0.216328 0.369909 0.196850,
        0.240286 0.519400 0.196850,
        0.256522 0.508482 0.196850,
        0.279637 0.446571 0.196850,
        0.267489 0.496475 0.196850,
        0.279798 0.464388 0.196850,
        0.275650 0.481241 0.196850,
        0.199189 0.540784 0.196850,
        0.206115 0.554022 0.196850,
        0.229328 0.549054 0.196850,
        0.305765 0.449219 0.196850,
        0.303977 0.471400 0.196850,
        0.296381 0.494249 0.196850,
        0.284833 0.512622 0.196850,
        0.278610 0.379262 0.196850,
        0.291524 0.399482 0.196850,
        0.302097 0.425931 0.196850,
        0.268463 0.528537 0.196850,
        0.251126 0.539543 0.196850,
        0.328626 0.263328 0.196850,
        0.308932 0.286222 0.196850,
        0.355246 0.286222 0.196850,
        0.277613 0.322631 0.196850,
        0.391749 0.317616 0.196850,
        0.436473 0.356080 0.196850,
        0.186601 0.346702 0.196850,
        0.199189 0.344775 0.196850,
        0.206676 0.343629 0.196850,
        0.225789 0.345328 0.196850,
        0.245465 0.352033 0.196850,
        0.251776 0.356080 0.196850,
        0.263318 0.363478 0.196850,
        0.163879 0.355746 0.196850,
        0.460472 0.376720 0.196850,
        0.477014 0.357515 0.196850,
        0.328139 0.229457 0.196850,
        0.391749 0.284172 0.196850,
        0.394132 0.286222 0.196850,
        0.475346 0.356080 0.196850,
        0.066407 0.504807 0.196850,
        -0.003736 0.511296 0.196850,
        -0.005837 0.488903 0.196850,
        -0.001373 0.597156 0.196850,
        -0.003474 0.574613 0.196850,
        0.072139 0.566719 0.196850,
        0.072221 0.567598 0.196850,
        0.064306 0.482414 0.196850,
        0.058192 0.416435 0.196850,
        -0.021928 0.423861 0.196850,
        -0.023991 0.401468 0.196850,
        0.081448 0.391716 0.196850,
        0.097683 0.566719 0.196850,
        0.099640 0.587816 0.196850,
        -0.242476 0.495550 0.196850,
        -0.234091 0.514272 0.196850,
        -0.218534 0.534324 0.196850,
        -0.245969 0.476531 0.196850,
        -0.412002 0.420759 0.196850,
        -0.229324 0.414225 0.196850,
        -0.240348 0.438116 0.196850,
        -0.244922 0.456276 0.196850,
        -0.157607 0.566719 0.196850,
        -0.172943 0.561523 0.196850,
        -0.179024 0.558725 0.196850,
        -0.199174 0.549457 0.196850,
        -0.215700 0.396832 0.196850,
        -0.197277 0.382776 0.196850,
        -0.179024 0.375165 0.196850,
        -0.175183 0.373564 0.196850,
        -0.151472 0.369983 0.196850,
        -0.127137 0.372022 0.196850,
        -0.108351 0.377013 0.196850,
        -0.057451 0.394230 0.196850,
        -0.115832 0.566719 0.196850,
        -0.120129 0.579415 0.196850,
        -0.343022 0.211756 0.196850,
        -0.323555 0.231711 0.196850,
        -0.345035 0.286222 0.196850,
        -0.239721 0.317645 0.196850,
        -0.291109 0.341501 0.196850,
        -0.347898 0.283287 0.196850,
        -0.430870 0.401442 0.200787,
        -0.343022 0.211756 0.200787,
        -0.323555 0.231711 0.200787,
        -0.347898 0.283287 0.200787,
        -0.291109 0.341501 0.200787,
        -0.239721 0.317645 0.200787,
        -0.220254 0.337600 0.200787,
        -0.412002 0.420759 0.200787,
        -0.399387 0.388123 0.200787,
        -0.395761 0.382162 0.200787,
        -0.358251 0.304292 0.200787,
        -0.312415 0.351254 0.200787,
        -0.391035 0.387000 0.200787,
        -0.397146 0.390396 0.200787,
        -0.402963 0.394277 0.200787,
        -0.403413 0.393827 0.200787,
        -0.312415 0.351254 0.196850,
        -0.358251 0.304292 0.196850,
        -0.391035 0.387000 0.196850,
        -0.397146 0.390396 0.196850,
        -0.402963 0.394277 0.196850,
        -0.403413 0.393827 0.196850,
        -0.399387 0.388123 0.196850,
        -0.395761 0.382162 0.196850,
        -0.108351 0.377013 0.200787,
        -0.057451 0.394230 0.200787,
        -0.120129 0.579415 0.200787,
        -0.172943 0.561523 0.200787,
        -0.240348 0.438116 0.200787,
        -0.244922 0.456276 0.200787,
        -0.245969 0.476531 0.200787,
        -0.242476 0.495550 0.200787,
        -0.234091 0.514272 0.200787,
        -0.218534 0.534324 0.200787,
        -0.199174 0.549457 0.200787,
        -0.127137 0.372022 0.200787,
        -0.151472 0.369983 0.200787,
        -0.175183 0.373564 0.200787,
        -0.197277 0.382776 0.200787,
        -0.215700 0.396832 0.200787,
        -0.229324 0.414225 0.200787,
        -0.136821 0.550045 0.200787,
        -0.164803 0.540593 0.200787,
        -0.170204 0.538617 0.200787,
        -0.190983 0.527741 0.200787,
        -0.203866 0.516506 0.200787,
        -0.212417 0.504881 0.200787,
        -0.217507 0.493526 0.200787,
        -0.220115 0.480176 0.200787,
        -0.219561 0.464659 0.200787,
        -0.215028 0.446031 0.200787,
        -0.205579 0.425358 0.200787,
        -0.195953 0.412620 0.200787,
        -0.183430 0.402356 0.200787,
        -0.169394 0.395729 0.200787,
        -0.154235 0.392666 0.200787,
        -0.136196 0.393176 0.200787,
        -0.115403 0.398206 0.200787,
        -0.088509 0.407283 0.200787,
        -0.164803 0.540593 0.196850,
        -0.136821 0.550045 0.196850,
        -0.170204 0.538617 0.196850,
        -0.190983 0.527741 0.196850,
        -0.203866 0.516506 0.196850,
        -0.212417 0.504881 0.196850,
        -0.217507 0.493526 0.196850,
        -0.220115 0.480176 0.196850,
        -0.219561 0.464659 0.196850,
        -0.215028 0.446031 0.196850,
        -0.205579 0.425358 0.196850,
        -0.195953 0.412620 0.196850,
        -0.183430 0.402356 0.196850,
        -0.169394 0.395729 0.196850,
        -0.154235 0.392666 0.196850,
        -0.136196 0.393176 0.196850,
        -0.115403 0.398206 0.196850,
        -0.088509 0.407283 0.196850,
        -0.021928 0.423861 0.200787,
        -0.023991 0.401468 0.200787,
        0.081448 0.391716 0.200787,
        0.099640 0.587816 0.200787,
        -0.001373 0.597156 0.200787,
        -0.003474 0.574613 0.200787,
        0.072221 0.567598 0.200787,
        0.066407 0.504807 0.200787,
        -0.003736 0.511296 0.200787,
        -0.005837 0.488903 0.200787,
        0.064306 0.482414 0.200787,
        0.058192 0.416435 0.200787,
        0.277613 0.322631 0.200787,
        0.260584 0.307965 0.200787,
        0.328139 0.229457 0.200787,
        0.477014 0.357515 0.200787,
        0.460472 0.376720 0.200787,
        0.328626 0.263328 0.200787,
        0.132221 0.412686 0.200787,
        0.120893 0.391080 0.200787,
        0.163879 0.355746 0.200787,
        0.160565 0.357541 0.200787,
        0.137324 0.373238 0.200787,
        0.186601 0.346702 0.200787,
        0.278610 0.379262 0.200787,
        0.291524 0.399482 0.200787,
        0.245465 0.352033 0.200787,
        0.263318 0.363478 0.200787,
        0.225789 0.345328 0.200787,
        0.206676 0.343629 0.200787,
        0.251126 0.539543 0.200787,
        0.268463 0.528537 0.200787,
        0.284833 0.512622 0.200787,
        0.296381 0.494249 0.200787,
        0.303977 0.471400 0.200787,
        0.305765 0.449219 0.200787,
        0.302097 0.425931 0.200787,
        0.206115 0.554022 0.200787,
        0.229328 0.549054 0.200787,
        0.193811 0.530504 0.200787,
        0.217763 0.527960 0.200787,
        0.240286 0.519400 0.200787,
        0.268568 0.413173 0.200787,
        0.274259 0.425681 0.200787,
        0.279637 0.446571 0.200787,
        0.279798 0.464388 0.200787,
        0.275650 0.481241 0.200787,
        0.267489 0.496475 0.200787,
        0.256522 0.508482 0.200787,
        0.171081 0.377464 0.200787,
        0.201808 0.368771 0.200787,
        0.186799 0.371150 0.200787,
        0.216328 0.369909 0.200787,
        0.231176 0.374737 0.200787,
        0.244482 0.382922 0.200787,
        0.257044 0.395375 0.200787,
        0.134561 0.409037 0.200787,
        0.149169 0.392363 0.200787,
      ]
    }
    coordIndex [
      2, 4, 107, -1,
      2, 107, 3, -1,
      3, 107, 108, -1,
      3, 108, 101, -1,
      108, 109, 101, -1,
      101, 109, 102, -1,
      109, 110, 102, -1,
      102, 110, 106, -1,
      111, 105, 110, -1,
      110, 105, 103, -1,
      110, 103, 106, -1,
      111, 112, 105, -1,
      105, 112, 104, -1,
      112, 113, 104, -1,
      104, 113, 0, -1,
      0, 113, 1, -1,
      1, 113, 114, -1,
      1, 114, 83, -1,
      114, 107, 83, -1,
      83, 107, 4, -1,
      115, 116, 107, -1,
      107, 116, 117, -1,
      107, 117, 108, -1,
      113, 112, 111, -1,
      118, 119, 114, -1,
      109, 108, 110, -1,
      110, 108, 117, -1,
      110, 117, 111, -1,
      111, 117, 118, -1,
      111, 118, 113, -1,
      113, 118, 114, -1,
      119, 120, 114, -1,
      114, 120, 121, -1,
      114, 121, 107, -1,
      107, 121, 122, -1,
      107, 122, 115, -1,
      118, 117, 123, -1,
      123, 117, 124, -1,
      119, 118, 125, -1,
      125, 118, 123, -1,
      119, 125, 126, -1,
      119, 126, 120, -1,
      120, 126, 127, -1,
      120, 127, 121, -1,
      122, 121, 128, -1,
      128, 121, 127, -1,
      122, 128, 129, -1,
      122, 129, 115, -1,
      115, 129, 130, -1,
      115, 130, 116, -1,
      117, 116, 124, -1,
      124, 116, 130, -1,
      131, 132, 97, -1,
      97, 132, 98, -1,
      98, 132, 99, -1,
      99, 132, 133, -1,
      99, 133, 100, -1,
      100, 133, 87, -1,
      87, 133, 134, -1,
      87, 134, 88, -1,
      135, 85, 86, -1,
      135, 86, 136, -1,
      136, 86, 82, -1,
      136, 82, 137, -1,
      137, 82, 79, -1,
      137, 79, 138, -1,
      138, 79, 80, -1,
      138, 80, 139, -1,
      139, 80, 81, -1,
      139, 81, 140, -1,
      140, 81, 90, -1,
      140, 90, 141, -1,
      141, 90, 134, -1,
      134, 90, 89, -1,
      134, 89, 88, -1,
      131, 97, 96, -1,
      131, 96, 142, -1,
      142, 96, 95, -1,
      142, 95, 143, -1,
      143, 95, 94, -1,
      143, 94, 144, -1,
      144, 94, 93, -1,
      144, 93, 145, -1,
      93, 92, 145, -1,
      145, 92, 91, -1,
      145, 91, 146, -1,
      146, 91, 84, -1,
      146, 84, 147, -1,
      147, 84, 85, -1,
      147, 85, 135, -1,
      148, 149, 134, -1,
      134, 149, 150, -1,
      134, 150, 141, -1,
      141, 150, 151, -1,
      141, 151, 140, -1,
      140, 151, 152, -1,
      140, 152, 139, -1,
      139, 152, 153, -1,
      139, 153, 138, -1,
      138, 153, 154, -1,
      138, 154, 137, -1,
      137, 154, 155, -1,
      137, 155, 136, -1,
      136, 155, 156, -1,
      136, 156, 135, -1,
      135, 156, 157, -1,
      135, 157, 147, -1,
      147, 157, 158, -1,
      147, 158, 146, -1,
      146, 158, 159, -1,
      146, 159, 145, -1,
      145, 159, 160, -1,
      145, 160, 144, -1,
      144, 160, 161, -1,
      144, 161, 143, -1,
      143, 161, 162, -1,
      143, 162, 142, -1,
      142, 162, 163, -1,
      142, 163, 131, -1,
      131, 163, 164, -1,
      131, 164, 132, -1,
      132, 164, 165, -1,
      132, 165, 133, -1,
      133, 165, 148, -1,
      133, 148, 134, -1,
      149, 148, 166, -1,
      166, 148, 167, -1,
      149, 166, 168, -1,
      149, 168, 150, -1,
      150, 168, 169, -1,
      150, 169, 151, -1,
      151, 169, 170, -1,
      151, 170, 152, -1,
      152, 170, 171, -1,
      152, 171, 153, -1,
      153, 171, 172, -1,
      153, 172, 154, -1,
      154, 172, 173, -1,
      154, 173, 155, -1,
      155, 173, 174, -1,
      155, 174, 156, -1,
      156, 174, 175, -1,
      156, 175, 157, -1,
      157, 175, 176, -1,
      157, 176, 158, -1,
      158, 176, 177, -1,
      158, 177, 159, -1,
      159, 177, 178, -1,
      159, 178, 160, -1,
      160, 178, 179, -1,
      160, 179, 161, -1,
      161, 179, 180, -1,
      161, 180, 162, -1,
      162, 180, 181, -1,
      162, 181, 163, -1,
      163, 181, 182, -1,
      163, 182, 164, -1,
      165, 164, 183, -1,
      183, 164, 182, -1,
      148, 165, 167, -1,
      167, 165, 183, -1,
      184, 185, 74, -1,
      74, 185, 75, -1,
      185, 186, 75, -1,
      75, 186, 76, -1,
      76, 186, 77, -1,
      77, 186, 187, -1,
      77, 187, 78, -1,
      187, 188, 78, -1,
      78, 188, 68, -1,
      188, 189, 68, -1,
      68, 189, 69, -1,
      189, 190, 69, -1,
      69, 190, 71, -1,
      71, 190, 70, -1,
      70, 190, 191, -1,
      70, 191, 65, -1,
      191, 192, 65, -1,
      65, 192, 66, -1,
      192, 193, 66, -1,
      66, 193, 67, -1,
      193, 194, 67, -1,
      67, 194, 72, -1,
      194, 195, 72, -1,
      72, 195, 73, -1,
      195, 184, 73, -1,
      73, 184, 74, -1,
      186, 185, 184, -1,
      184, 195, 186, -1,
      186, 195, 194, -1,
      186, 194, 187, -1,
      189, 188, 190, -1,
      190, 188, 187, -1,
      190, 187, 191, -1,
      191, 187, 194, -1,
      191, 194, 192, -1,
      192, 194, 193, -1,
      196, 197, 48, -1,
      48, 197, 5, -1,
      5, 197, 6, -1,
      6, 197, 198, -1,
      6, 198, 61, -1,
      60, 64, 199, -1,
      199, 64, 63, -1,
      199, 63, 198, -1,
      198, 63, 62, -1,
      198, 62, 61, -1,
      199, 200, 60, -1,
      60, 200, 59, -1,
      45, 47, 201, -1,
      201, 47, 49, -1,
      201, 49, 200, -1,
      200, 49, 50, -1,
      200, 50, 59, -1,
      45, 201, 46, -1,
      46, 201, 196, -1,
      46, 196, 48, -1,
      200, 199, 201, -1,
      201, 199, 198, -1,
      201, 198, 196, -1,
      196, 198, 197, -1,
      202, 203, 9, -1,
      9, 203, 10, -1,
      204, 58, 8, -1,
      204, 8, 205, -1,
      8, 7, 205, -1,
      205, 7, 11, -1,
      205, 11, 206, -1,
      206, 11, 10, -1,
      206, 10, 203, -1,
      58, 204, 207, -1,
      57, 208, 40, -1,
      40, 208, 209, -1,
      40, 209, 41, -1,
      56, 210, 57, -1,
      57, 210, 211, -1,
      57, 211, 208, -1,
      56, 55, 210, -1,
      210, 55, 54, -1,
      210, 54, 212, -1,
      212, 54, 53, -1,
      212, 53, 213, -1,
      213, 53, 52, -1,
      213, 52, 207, -1,
      207, 52, 51, -1,
      207, 51, 58, -1,
      214, 44, 43, -1,
      214, 43, 215, -1,
      215, 43, 39, -1,
      215, 39, 216, -1,
      216, 39, 38, -1,
      216, 38, 217, -1,
      217, 38, 37, -1,
      217, 37, 218, -1,
      218, 37, 36, -1,
      218, 36, 219, -1,
      219, 36, 42, -1,
      219, 42, 220, -1,
      220, 42, 41, -1,
      220, 41, 209, -1,
      221, 34, 35, -1,
      221, 35, 222, -1,
      222, 35, 44, -1,
      222, 44, 214, -1,
      34, 221, 33, -1,
      33, 221, 223, -1,
      33, 223, 19, -1,
      224, 225, 22, -1,
      22, 225, 27, -1,
      224, 22, 223, -1,
      223, 22, 14, -1,
      223, 14, 19, -1,
      226, 24, 23, -1,
      226, 23, 227, -1,
      227, 23, 29, -1,
      227, 29, 228, -1,
      228, 29, 31, -1,
      228, 31, 229, -1,
      229, 31, 32, -1,
      229, 32, 230, -1,
      230, 32, 30, -1,
      230, 30, 231, -1,
      231, 30, 28, -1,
      231, 28, 232, -1,
      232, 28, 27, -1,
      232, 27, 225, -1,
      233, 16, 15, -1,
      13, 234, 15, -1,
      15, 234, 235, -1,
      15, 235, 233, -1,
      13, 12, 234, -1,
      234, 12, 26, -1,
      234, 26, 236, -1,
      236, 26, 25, -1,
      236, 25, 237, -1,
      237, 25, 21, -1,
      237, 21, 238, -1,
      238, 21, 20, -1,
      238, 20, 239, -1,
      239, 20, 24, -1,
      239, 24, 226, -1,
      202, 9, 18, -1,
      202, 18, 240, -1,
      240, 18, 17, -1,
      240, 17, 241, -1,
      241, 17, 16, -1,
      241, 16, 233, -1,
      235, 204, 233, -1,
      233, 204, 205, -1,
      233, 205, 241, -1,
      241, 205, 206, -1,
      241, 206, 240, -1,
      240, 206, 203, -1,
      240, 203, 202, -1,
      223, 221, 224, -1,
      224, 221, 222, -1,
      224, 222, 225, -1,
      225, 222, 214, -1,
      225, 214, 232, -1,
      232, 214, 215, -1,
      232, 215, 231, -1,
      231, 215, 216, -1,
      231, 216, 230, -1,
      230, 216, 217, -1,
      230, 217, 229, -1,
      229, 217, 218, -1,
      229, 218, 228, -1,
      228, 218, 219, -1,
      228, 219, 227, -1,
      227, 219, 220, -1,
      227, 220, 226, -1,
      226, 220, 209, -1,
      226, 209, 239, -1,
      239, 209, 208, -1,
      239, 208, 238, -1,
      238, 208, 211, -1,
      238, 211, 237, -1,
      237, 211, 210, -1,
      237, 210, 236, -1,
      236, 210, 212, -1,
      236, 212, 234, -1,
      234, 212, 213, -1,
      234, 213, 235, -1,
      235, 213, 207, -1,
      235, 207, 204, -1,
    ]
  }
}

Shape {
  appearance Appearance {
    material Material {
      diffuseColor 1.0000 1.0000 1.0000
      specularColor 0.5020 0.5020 0.5020
      ambientIntensity 0.2
      transparency 0.0000
      shininess 0.5
    }
  }
  geometry IndexedFaceSet {
    ccw TRUE
    solid FALSE
    coord DEF co Coordinate {
      point [
        -0.312415 0.351254 0.196850,
        -0.358251 0.304292 0.196850,
        -0.391035 0.387000 0.196850,
        -0.397146 0.390396 0.196850,
        -0.402963 0.394277 0.196850,
        -0.403413 0.393827 0.196850,
        -0.399387 0.388123 0.196850,
        -0.395761 0.382162 0.196850,
        -0.164803 0.540593 0.196850,
        -0.136821 0.550045 0.196850,
        -0.170204 0.538617 0.196850,
        -0.190983 0.527741 0.196850,
        -0.203866 0.516506 0.196850,
        -0.212417 0.504881 0.196850,
        -0.217507 0.493526 0.196850,
        -0.220115 0.480176 0.196850,
        -0.219561 0.464659 0.196850,
        -0.215028 0.446031 0.196850,
        -0.205579 0.425358 0.196850,
        -0.195953 0.412620 0.196850,
        -0.183430 0.402356 0.196850,
        -0.169394 0.395729 0.196850,
        -0.154235 0.392666 0.196850,
        -0.136196 0.393176 0.196850,
        -0.115403 0.398206 0.196850,
        -0.088509 0.407283 0.196850,
      ]
    }
    coordIndex [
      0, 1, 2, -1,
      2, 1, 7, -1,
      2, 7, 3, -1,
      3, 7, 6, -1,
      3, 6, 4, -1,
      4, 6, 5, -1,
      9, 25, 8, -1,
      8, 25, 24, -1,
      24, 13, 12, -1,
      16, 15, 24, -1,
      24, 15, 14, -1,
      24, 14, 13, -1,
      12, 11, 24, -1,
      24, 11, 10, -1,
      24, 10, 8, -1,
      16, 24, 17, -1,
      17, 24, 23, -1,
      17, 23, 18, -1,
      18, 23, 22, -1,
      18, 22, 19, -1,
      19, 22, 21, -1,
      19, 21, 20, -1,
    ]
  }
}
