#VRML V2.0 utf8

Shape {
  appearance Appearance {
    material Material {
      diffuseColor 1.0000 1.0000 0.0000
      specularColor 0.8784 0.8784 0.0000
      ambientIntensity 0.2
      transparency 0.0000
      shininess 0.5
    }
  }
  geometry IndexedFaceSet {
    ccw TRUE
    solid FALSE
    coord DEF co Coordinate {
      point [
        3.724803 0.594893 -0.599893,
        3.724803 0.744893 -0.599893,
        3.220000 0.594893 -0.599893,
        3.220000 0.744893 -0.599893,
        3.724803 0.594893 -0.749893,
        3.724803 0.744893 -0.749893,
        -3.725197 0.594893 -0.749893,
        -3.725197 0.744893 -0.749893,
        -3.725197 0.594893 -0.599893,
        -3.725197 0.744893 -0.599893,
        -3.220000 0.594893 -0.599893,
        -3.220000 0.744893 -0.599893,
        -3.220000 0.609893 0.046088,
        -3.220000 0.609893 0.580107,
        -3.220000 0.729893 0.580107,
        -3.220000 0.729893 0.046088,
        -3.220000 0.744893 0.020107,
        -3.220000 0.594893 0.020107,
        -3.145000 0.701496 0.710011,
        -3.145000 0.638291 0.710011,
        -3.127402 0.643301 0.718689,
        -3.070000 0.649893 0.730107,
        -3.070000 0.689893 0.730107,
        -3.089579 0.649152 0.728824,
        -3.089579 0.690634 0.728824,
        -3.108823 0.646942 0.724996,
        -3.108823 0.692844 0.724996,
        -3.127402 0.696485 0.718689,
        -3.199904 0.609893 0.655107,
        -3.214889 0.729893 0.618930,
        -3.214889 0.609893 0.618930,
        -3.161314 0.631997 0.699110,
        -3.161314 0.707789 0.699110,
        -3.176066 0.624528 0.686173,
        -3.176066 0.715258 0.686173,
        -3.196430 0.609893 0.660825,
        -3.196430 0.729893 0.660825,
        -3.199904 0.729893 0.655107,
        3.070000 0.689893 0.730107,
        3.070000 0.649893 0.730107,
        3.089579 0.690634 0.728824,
        3.089579 0.649152 0.728824,
        3.108823 0.692844 0.724996,
        3.108823 0.646942 0.724996,
        3.127402 0.696485 0.718689,
        3.127402 0.643301 0.718689,
        3.145000 0.701496 0.710011,
        3.145000 0.638291 0.710011,
        3.161314 0.707789 0.699110,
        3.161314 0.631997 0.699110,
        3.176066 0.715258 0.686173,
        3.176066 0.624528 0.686173,
        3.196430 0.729893 0.660825,
        3.196430 0.609893 0.660825,
        3.199904 0.729893 0.655107,
        3.199904 0.609893 0.655107,
        3.214889 0.609893 0.618930,
        3.214889 0.729893 0.618930,
        3.220000 0.609893 0.580107,
        3.220000 0.729893 0.580107,
        3.220000 0.594893 0.020107,
        3.220000 0.744893 0.020107,
        3.220000 0.609893 0.046088,
        3.220000 0.729893 0.046088,
      ]
    }
    coordIndex [
      0, 1, 2, -1,
      2, 1, 3, -1,
      4, 5, 0, -1,
      0, 5, 1, -1,
      6, 7, 4, -1,
      4, 7, 5, -1,
      8, 9, 6, -1,
      6, 9, 7, -1,
      10, 11, 8, -1,
      8, 11, 9, -1,
      12, 13, 14, -1,
      14, 15, 12, -1,
      12, 15, 16, -1,
      12, 16, 17, -1,
      17, 16, 11, -1,
      17, 11, 10, -1,
      18, 19, 20, -1,
      21, 22, 23, -1,
      23, 22, 24, -1,
      23, 24, 25, -1,
      25, 24, 26, -1,
      25, 26, 20, -1,
      20, 26, 27, -1,
      20, 27, 18, -1,
      28, 29, 30, -1,
      30, 29, 14, -1,
      30, 14, 13, -1,
      19, 18, 31, -1,
      31, 18, 32, -1,
      31, 32, 33, -1,
      33, 32, 34, -1,
      33, 34, 35, -1,
      35, 34, 36, -1,
      35, 36, 28, -1,
      28, 36, 37, -1,
      28, 37, 29, -1,
      22, 21, 38, -1,
      38, 21, 39, -1,
      38, 39, 40, -1,
      40, 39, 41, -1,
      40, 41, 42, -1,
      42, 41, 43, -1,
      42, 43, 44, -1,
      44, 43, 45, -1,
      44, 45, 46, -1,
      46, 45, 47, -1,
      46, 47, 48, -1,
      48, 47, 49, -1,
      48, 49, 50, -1,
      50, 49, 51, -1,
      50, 51, 52, -1,
      52, 51, 53, -1,
      52, 53, 54, -1,
      53, 55, 54, -1,
      54, 55, 56, -1,
      54, 56, 57, -1,
      57, 56, 58, -1,
      57, 58, 59, -1,
      2, 3, 60, -1,
      60, 3, 61, -1,
      60, 61, 62, -1,
      62, 61, 63, -1,
      62, 63, 58, -1,
      58, 63, 59, -1,
      5, 7, 11, -1,
      11, 7, 9, -1,
      1, 5, 3, -1,
      3, 5, 11, -1,
      3, 11, 61, -1,
      61, 11, 16, -1,
      63, 15, 14, -1,
      54, 57, 14, -1,
      14, 57, 59, -1,
      14, 59, 63, -1,
      36, 52, 37, -1,
      37, 52, 54, -1,
      37, 54, 29, -1,
      29, 54, 14, -1,
      61, 16, 63, -1,
      63, 16, 15, -1,
      34, 32, 22, -1,
      22, 32, 18, -1,
      46, 48, 38, -1,
      48, 50, 38, -1,
      38, 50, 52, -1,
      38, 52, 22, -1,
      22, 52, 36, -1,
      22, 36, 34, -1,
      18, 27, 22, -1,
      22, 27, 26, -1,
      22, 26, 24, -1,
      40, 42, 38, -1,
      38, 42, 44, -1,
      38, 44, 46, -1,
      19, 31, 21, -1,
      53, 39, 35, -1,
      35, 39, 21, -1,
      35, 21, 33, -1,
      33, 21, 31, -1,
      53, 51, 39, -1,
      39, 51, 49, -1,
      39, 49, 47, -1,
      23, 25, 21, -1,
      21, 25, 20, -1,
      21, 20, 19, -1,
      47, 45, 39, -1,
      39, 45, 43, -1,
      39, 43, 41, -1,
      12, 62, 58, -1,
      28, 30, 58, -1,
      58, 30, 13, -1,
      58, 13, 12, -1,
      53, 35, 55, -1,
      55, 35, 28, -1,
      55, 28, 56, -1,
      56, 28, 58, -1,
      62, 12, 60, -1,
      60, 12, 17, -1,
      6, 4, 2, -1,
      2, 4, 0, -1,
      8, 6, 10, -1,
      10, 6, 2, -1,
      10, 2, 17, -1,
      17, 2, 60, -1,
    ]
  }
}

Shape {
  appearance Appearance {
    material Material {
      diffuseColor 0.2510 0.2510 0.2510
      specularColor 0.2196 0.2196 0.2196
      ambientIntensity 0.2
      transparency 0.0000
      shininess 0.5
    }
  }
  geometry IndexedFaceSet {
    ccw TRUE
    solid FALSE
    coord DEF co Coordinate {
      point [
        -0.864809 1.844893 0.489915,
        -0.864809 1.844893 0.664743,
        2.331661 1.844893 0.664743,
        -3.937500 1.844893 0.764765,
        -3.937500 1.844893 0.830107,
        -0.864809 1.844893 0.830107,
        2.785684 1.844893 0.663539,
        2.775738 1.844893 0.664743,
        2.828769 1.844893 0.664743,
        3.203267 1.844893 0.676420,
        3.186313 1.844893 0.664743,
        2.965218 1.844893 0.664743,
        3.165032 1.844893 0.650085,
        3.132906 1.844893 0.612668,
        3.027448 1.844893 0.489915,
        2.965218 1.844893 0.489915,
        3.035802 1.844893 0.510786,
        3.055166 1.844893 0.537780,
        3.080899 1.844893 0.559548,
        3.113796 1.844893 0.575129,
        3.109134 1.844893 0.573562,
        3.382123 1.844893 0.678144,
        3.338189 1.844893 0.694328,
        3.937500 1.844893 0.764765,
        3.294070 1.844893 0.699423,
        2.965218 1.844893 0.764765,
        3.250474 1.844893 0.694308,
        3.404115 1.844893 0.664743,
        3.937500 1.844893 0.664743,
        3.407928 1.844893 0.662420,
        3.603419 1.844893 0.547792,
        3.580611 1.844893 0.577027,
        3.508873 1.844893 0.617953,
        3.471498 1.844893 0.622570,
        3.430224 1.844893 0.643325,
        3.460586 1.844893 0.621977,
        3.449676 1.844893 0.620672,
        3.574200 1.844893 0.583094,
        3.544020 1.844893 0.604308,
        3.555728 1.844893 0.340183,
        3.585355 1.844893 0.365442,
        3.937500 1.844893 0.317339,
        3.521434 1.844893 0.323484,
        3.607026 1.844893 0.396383,
        3.620617 1.844893 0.431707,
        3.937500 1.844893 0.489915,
        3.625205 1.844893 0.468862,
        3.624936 1.844893 0.477976,
        3.622802 1.844893 0.489915,
        3.618563 1.844893 0.513635,
        3.509450 1.844893 0.319899,
        3.508253 1.844893 0.317339,
        3.499928 1.844893 0.299530,
        3.937500 1.844893 0.264476,
        3.485815 1.844893 0.282119,
        3.467252 1.844893 0.268132,
        2.965218 1.844893 -0.599893,
        3.396339 1.844893 0.258211,
        3.419313 1.844893 0.255380,
        3.937500 1.844893 -0.599893,
        3.422957 1.844893 0.255448,
        3.445359 1.844893 0.258938,
        3.458546 1.844893 0.264476,
        3.330411 1.844893 0.317339,
        3.330504 1.844893 0.316948,
        2.965218 1.844893 0.264476,
        3.341733 1.844893 0.295804,
        3.356281 1.844893 0.279494,
        3.375178 1.844893 0.266341,
        3.380031 1.844893 0.264476,
        3.209257 1.844893 0.373313,
        3.202746 1.844893 0.375884,
        3.191599 1.844893 0.429961,
        3.348152 1.844893 0.413831,
        3.221012 1.844893 0.480248,
        3.364740 1.844893 0.428934,
        3.384875 1.844893 0.439723,
        3.215092 1.844893 0.369177,
        3.036138 1.844893 0.386932,
        3.054970 1.844893 0.360698,
        2.965218 1.844893 0.317339,
        3.079157 1.844893 0.458224,
        3.083620 1.844893 0.476446,
        3.090885 1.844893 0.489915,
        3.563070 1.844893 0.489915,
        3.024204 1.844893 0.481808,
        3.019864 1.844893 0.450835,
        3.024218 1.844893 0.416970,
        3.195394 1.844893 0.376828,
        3.194470 1.844893 0.376761,
        3.191624 1.844893 0.376131,
        3.557484 1.844893 0.432899,
        3.546193 1.844893 0.413687,
        3.498018 1.844893 0.403863,
        3.529182 1.844893 0.396209,
        3.508501 1.844893 0.383469,
        3.462933 1.844893 0.435279,
        3.482331 1.844893 0.421799,
        3.565430 1.844893 0.470760,
        3.564293 1.844893 0.456118,
        3.441976 1.844893 0.443297,
        3.419313 1.844893 0.446091,
        3.407778 1.844893 0.445407,
        3.080787 1.844893 0.338844,
        3.109737 1.844893 0.324677,
        3.141312 1.844893 0.318002,
        3.224807 1.844893 0.347415,
        3.224566 1.844893 0.351159,
        3.324432 1.844893 0.359749,
        3.222661 1.844893 0.358381,
        3.219012 1.844893 0.364854,
        3.097952 1.844893 0.399698,
        3.087512 1.844893 0.414496,
        3.080970 1.844893 0.431405,
        3.078690 1.844893 0.449886,
        3.197291 1.844893 0.318002,
        3.202637 1.844893 0.318863,
        3.208913 1.844893 0.321333,
        3.215066 1.844893 0.325708,
        3.217272 1.844893 0.327953,
        3.221407 1.844893 0.333913,
        3.223907 1.844893 0.340348,
        3.324948 1.844893 0.340369,
        3.324432 1.844893 0.350261,
        3.189701 1.844893 0.375879,
        3.147005 1.844893 0.375879,
        3.129959 1.844893 0.379147,
        3.113219 1.844893 0.386906,
        3.099193 1.844893 0.398366,
        3.180749 1.844893 0.580906,
        3.202154 1.844893 0.606470,
        3.420262 1.844893 0.551409,
        3.204533 1.844893 0.608637,
        3.231190 1.844893 0.627137,
        3.405767 1.844893 0.581422,
        3.427007 1.844893 0.555098,
        3.448281 1.844893 0.562880,
        3.092448 1.844893 0.492812,
        3.103371 1.844893 0.505007,
        3.152698 1.844893 0.523893,
        3.118085 1.844893 0.515285,
        3.134644 1.844893 0.521665,
        3.160288 1.844893 0.523893,
        3.166104 1.844893 0.550338,
        3.503863 1.844893 0.559570,
        3.525006 1.844893 0.548340,
        3.480441 1.844893 0.565125,
        3.541317 1.844893 0.533792,
        3.554470 1.844893 0.514895,
        3.384487 1.844893 0.606845,
        3.260943 1.844893 0.638539,
        3.359048 1.844893 0.625432,
        3.293122 1.844893 0.642495,
        3.328052 1.844893 0.637995,
        3.470549 1.844893 0.565641,
        3.562599 1.844893 0.493734,
        2.472256 1.844893 0.436563,
        2.469220 1.844893 0.333679,
        2.456616 1.844893 0.489915,
        2.456616 1.844893 0.317339,
        2.469220 1.844893 0.318464,
        2.498779 1.844893 0.317339,
        2.498779 1.844893 0.393854,
        2.476043 1.844893 0.393854,
        2.476043 1.844893 0.378571,
        2.498779 1.844893 0.333679,
        2.498779 1.844893 0.378571,
        2.523767 1.844893 0.378571,
        2.523767 1.844893 0.333679,
        2.498779 1.844893 0.436563,
        2.523767 1.844893 0.436563,
        2.523767 1.844893 0.393854,
        2.498779 1.844893 0.318464,
        2.540994 1.844893 0.318464,
        2.597028 1.844893 0.317339,
        2.559006 1.844893 0.413776,
        2.606900 1.844893 0.342139,
        2.604853 1.844893 0.334293,
        2.604409 1.844893 0.334293,
        2.623734 1.844893 0.489915,
        2.540994 1.844893 0.451914,
        2.498779 1.844893 0.489915,
        2.498779 1.844893 0.451914,
        2.472256 1.844893 0.451914,
        2.603642 1.844893 0.337559,
        2.602363 1.844893 0.342002,
        2.623734 1.844893 0.390567,
        2.576335 1.844893 0.413776,
        2.740519 1.844893 0.489915,
        2.740519 1.844893 0.317339,
        2.723565 1.844893 0.339069,
        2.723565 1.844893 0.321807,
        2.717133 1.844893 0.335081,
        2.715839 1.844893 0.334590,
        2.715839 1.844893 0.370019,
        2.718721 1.844893 0.372977,
        2.720901 1.844893 0.376460,
        2.722744 1.844893 0.381565,
        2.723463 1.844893 0.388054,
        2.722804 1.844893 0.394031,
        2.715987 1.844893 0.370117,
        2.715839 1.844893 0.318985,
        2.715839 1.844893 0.317339,
        2.713069 1.844893 0.317974,
        2.707530 1.844893 0.317339,
        2.686317 1.844893 0.317339,
        2.697708 1.844893 0.316213,
        2.715839 1.844893 0.264476,
        2.663766 1.844893 0.411729,
        2.663766 1.844893 0.395491,
        2.654845 1.844893 0.317339,
        2.659990 1.844893 0.337674,
        2.662043 1.844893 0.332377,
        2.712752 1.844893 0.408386,
        2.707581 1.844893 0.411453,
        2.715839 1.844893 0.489915,
        2.720813 1.844893 0.399413,
        2.717707 1.844893 0.403931,
        2.715839 1.844893 0.405610,
        2.698354 1.844893 0.414687,
        2.686348 1.844893 0.415959,
        2.654845 1.844893 0.489915,
        2.674914 1.844893 0.414972,
        2.664789 1.844893 0.360150,
        2.661669 1.844893 0.355546,
        2.659885 1.844893 0.350617,
        2.659194 1.844893 0.344390,
        2.665158 1.844893 0.327968,
        2.669940 1.844893 0.323786,
        2.675444 1.844893 0.320587,
        2.687986 1.844893 0.402382,
        2.692934 1.844893 0.402011,
        2.706236 1.844893 0.389556,
        2.697405 1.844893 0.400827,
        2.701153 1.844893 0.398834,
        2.706084 1.844893 0.387332,
        2.705420 1.844893 0.384735,
        2.704217 1.844893 0.382480,
        2.702586 1.844893 0.380686,
        2.696693 1.844893 0.377002,
        2.676982 1.844893 0.401128,
        2.686348 1.844893 0.372499,
        2.667557 1.844893 0.397665,
        2.679876 1.844893 0.369880,
        2.668774 1.844893 0.363706,
        2.703675 1.844893 0.396605,
        2.705108 1.844893 0.394478,
        2.705933 1.844893 0.392221,
        2.706658 1.844893 0.331109,
        2.698151 1.844893 0.360355,
        2.708115 1.844893 0.364922,
        2.696070 1.844893 0.329858,
        2.695332 1.844893 0.329863,
        2.687176 1.844893 0.355758,
        2.686764 1.844893 0.330823,
        2.676353 1.844893 0.342753,
        2.676517 1.844893 0.344832,
        2.682450 1.844893 0.332402,
        2.680926 1.844893 0.333326,
        2.679008 1.844893 0.335029,
        2.677549 1.844893 0.337187,
        2.676700 1.844893 0.339564,
        2.677276 1.844893 0.347442,
        2.678569 1.844893 0.349658,
        2.680652 1.844893 0.351827,
        2.407647 1.844893 0.566669,
        2.456616 1.844893 0.566669,
        2.394036 1.844893 0.530169,
        2.375001 1.844893 0.530169,
        2.331661 1.844893 0.489915,
        2.425829 1.844893 0.663618,
        2.495078 1.844893 0.530169,
        2.476043 1.844893 0.530169,
        2.463217 1.844893 0.566669,
        2.639375 1.844893 0.648267,
        2.623734 1.844893 0.664743,
        2.639375 1.844893 0.663618,
        2.654845 1.844893 0.664743,
        2.654845 1.844893 0.663618,
        2.643161 1.844893 0.605557,
        2.643161 1.844893 0.590275,
        2.636339 1.844893 0.545383,
        2.654845 1.844893 0.545383,
        2.654845 1.844893 0.590275,
        2.690885 1.844893 0.590275,
        2.690885 1.844893 0.545383,
        2.654845 1.844893 0.648267,
        2.654845 1.844893 0.605557,
        2.690885 1.844893 0.648267,
        2.690885 1.844893 0.605557,
        2.708112 1.844893 0.530169,
        2.654845 1.844893 0.530169,
        2.636339 1.844893 0.530169,
        2.708112 1.844893 0.663618,
        2.715839 1.844893 0.664743,
        2.740519 1.844893 0.533439,
        2.737099 1.844893 0.534560,
        2.734822 1.844893 0.535694,
        2.734822 1.844893 0.552205,
        2.766275 1.844893 0.650313,
        2.772258 1.844893 0.650034,
        2.740519 1.844893 0.549649,
        2.749845 1.844893 0.648352,
        2.734822 1.844893 0.642400,
        2.736309 1.844893 0.643202,
        2.740519 1.844893 0.644804,
        2.783754 1.844893 0.647643,
        2.794169 1.844893 0.642615,
        2.802639 1.844893 0.635509,
        2.803580 1.844893 0.634476,
        2.810020 1.844893 0.625193,
        2.814480 1.844893 0.613651,
        2.816659 1.844893 0.595392,
        2.816468 1.844893 0.589749,
        2.747985 1.844893 0.546299,
        2.763085 1.844893 0.543497,
        2.769276 1.844893 0.543268,
        2.814222 1.844893 0.576560,
        2.809809 1.844893 0.565896,
        2.803560 1.844893 0.557322,
        2.799994 1.844893 0.553893,
        2.781256 1.844893 0.544536,
        2.791018 1.844893 0.547950,
        2.752119 1.844893 0.664743,
        2.748971 1.844893 0.664496,
        2.740519 1.844893 0.664743,
        2.740519 1.844893 0.662056,
        2.734822 1.844893 0.660411,
        2.825139 1.844893 0.633583,
        2.815465 1.844893 0.646220,
        2.812135 1.844893 0.649396,
        2.799637 1.844893 0.658136,
        2.836769 1.844893 0.664743,
        2.831477 1.844893 0.618760,
        2.828769 1.844893 0.625093,
        2.828769 1.844893 0.564085,
        2.832128 1.844893 0.572723,
        2.836769 1.844893 0.489915,
        2.834739 1.844893 0.594369,
        2.834504 1.844893 0.601338,
        2.828769 1.844893 0.489915,
        2.796131 1.844893 0.531917,
        2.808474 1.844893 0.538269,
        2.751427 1.844893 0.529861,
        2.771767 1.844893 0.527917,
        2.782034 1.844893 0.528546,
        2.817614 1.844893 0.546133,
        2.818754 1.844893 0.547379,
        2.826706 1.844893 0.558781,
        2.815945 1.844893 0.364016,
        2.813487 1.844893 0.390852,
        2.819317 1.844893 0.359252,
        2.821643 1.844893 0.353381,
        2.828769 1.844893 0.317339,
        2.819944 1.844893 0.330728,
        2.821970 1.844893 0.336377,
        2.770556 1.844893 0.415041,
        2.763521 1.844893 0.412896,
        2.810771 1.844893 0.368441,
        2.803558 1.844893 0.372076,
        2.803362 1.844893 0.397428,
        2.791177 1.844893 0.375092,
        2.776577 1.844893 0.401789,
        2.782239 1.844893 0.402382,
        2.792932 1.844893 0.401183,
        2.808983 1.844893 0.319790,
        2.814613 1.844893 0.323718,
        2.816468 1.844893 0.325597,
        2.757974 1.844893 0.409716,
        2.753521 1.844893 0.405446,
        2.750107 1.844893 0.400033,
        2.762931 1.844893 0.333201,
        2.763375 1.844893 0.333201,
        2.762931 1.844893 0.318464,
        2.766069 1.844893 0.329117,
        2.771359 1.844893 0.323467,
        2.813487 1.844893 0.407089,
        2.809985 1.844893 0.409115,
        2.797546 1.844893 0.413920,
        2.780670 1.844893 0.415959,
        2.822800 1.844893 0.343981,
        2.822742 1.844893 0.346214,
        2.762931 1.844893 0.379049,
        2.763513 1.844893 0.386440,
        2.765241 1.844893 0.392392,
        2.767205 1.844893 0.395834,
        2.747495 1.844893 0.392404,
        2.746216 1.844893 0.379799,
        2.746216 1.844893 0.318464,
        2.769732 1.844893 0.398522,
        2.772700 1.844893 0.400434,
        2.783467 1.844893 0.317339,
        2.783910 1.844893 0.317178,
        2.740519 1.844893 0.264476,
        2.792576 1.844893 0.316213,
        2.828769 1.844893 0.264476,
        2.802269 1.844893 0.317339,
        2.802575 1.844893 0.317374,
        2.623734 1.844893 0.317339,
        2.623734 1.844893 0.345700,
        2.650496 1.844893 0.413776,
        2.631802 1.844893 0.413776,
        2.613108 1.844893 0.318669,
        2.613671 1.844893 0.317339,
        2.620442 1.844893 0.301340,
        2.654845 1.844893 0.264476,
        2.647050 1.844893 0.289809,
        2.647050 1.844893 0.274937,
        2.623734 1.844893 0.264476,
        2.629518 1.844893 0.274348,
        2.636271 1.844893 0.273572,
        2.626857 1.844893 0.291823,
        2.623744 1.844893 0.295295,
        2.623734 1.844893 0.295313,
        2.643631 1.844893 0.288689,
        2.637567 1.844893 0.287899,
        2.639961 1.844893 0.273704,
        2.633431 1.844893 0.288378,
        2.629784 1.844893 0.289780,
        2.617084 1.844893 0.280941,
        2.622922 1.844893 0.276861,
        2.623734 1.844893 0.276552,
        2.602260 1.844893 0.304069,
        2.498779 1.844893 0.264476,
        2.609827 1.844893 0.289332,
        2.615944 1.844893 0.281986,
        -0.926000 1.844893 -0.599893,
        -1.042900 1.844893 -0.599893,
        -0.864809 1.844893 0.264476,
        -1.122900 1.844893 -0.599893,
        -1.436700 1.844893 -0.599893,
        -1.516700 1.844893 -0.599893,
        -1.633600 1.844893 -0.599893,
        -1.713600 1.844893 -0.599893,
        -2.027400 1.844893 -0.599893,
        -2.107400 1.844893 -0.599893,
        -2.224300 1.844893 -0.599893,
        -2.304300 1.844893 -0.599893,
        -3.937500 1.844893 0.264476,
        -2.618100 1.844893 -0.599893,
        -2.698100 1.844893 -0.599893,
        -2.815000 1.844893 -0.599893,
        -2.895000 1.844893 -0.599893,
        -3.937500 1.844893 -0.599893,
        -3.937500 1.844893 0.664743,
        -3.937500 1.844893 0.489915,
        -3.937500 1.844893 0.317339,
        -0.864809 1.844893 0.317339,
        2.331661 1.844893 -0.599893,
        2.107500 1.844893 -0.599893,
        2.331661 1.844893 0.264476,
        2.027500 1.844893 -0.599893,
        1.910600 1.844893 -0.599893,
        1.830600 1.844893 -0.599893,
        1.516800 1.844893 -0.599893,
        1.436800 1.844893 -0.599893,
        1.319900 1.844893 -0.599893,
        1.239900 1.844893 -0.599893,
        0.926100 1.844893 -0.599893,
        0.846100 1.844893 -0.599893,
        0.729200 1.844893 -0.599893,
        0.649200 1.844893 -0.599893,
        0.335400 1.844893 -0.599893,
        0.255400 1.844893 -0.599893,
        0.138500 1.844893 -0.599893,
        0.058500 1.844893 -0.599893,
        -0.255300 1.844893 -0.599893,
        -0.335300 1.844893 -0.599893,
        -0.452200 1.844893 -0.599893,
        -0.532200 1.844893 -0.599893,
        -0.846000 1.844893 -0.599893,
        -0.864809 1.844893 -0.599893,
        2.308924 1.844893 0.318464,
        2.327959 1.844893 0.318464,
        2.331661 1.844893 0.317339,
        2.226917 1.844893 0.318464,
        2.240528 1.844893 0.354965,
        2.296098 1.844893 0.354965,
        2.277131 1.844893 0.451914,
        2.258710 1.844893 0.451914,
        2.207882 1.844893 0.318464,
        2.456616 1.844893 0.664743,
        2.444250 1.844893 0.663618,
        2.456616 1.844893 0.631151,
        2.339000 1.844893 0.362757,
        2.345575 1.844893 0.348956,
        2.355489 1.844893 0.337158,
        2.369493 1.844893 0.327129,
        2.384721 1.844893 0.321202,
        2.407306 1.844893 0.318464,
        2.444011 1.844893 0.318464,
        2.444011 1.844893 0.451914,
        2.405941 1.844893 0.451914,
        2.385564 1.844893 0.449663,
        2.369458 1.844893 0.443780,
        2.355489 1.844893 0.434243,
        2.350746 1.844893 0.429601,
        2.342494 1.844893 0.417956,
        2.337569 1.844893 0.405217,
        2.335362 1.844893 0.386894,
        2.335764 1.844893 0.378378,
        2.421300 1.844893 -0.599893,
        2.456616 1.844893 0.264476,
        2.456616 1.844893 -0.599893,
        2.498779 1.844893 -0.599893,
        2.501300 1.844893 -0.599893,
        2.611130 1.844893 0.530169,
        2.502883 1.844893 0.590082,
        2.506119 1.844893 0.574461,
        2.512693 1.844893 0.560660,
        2.522607 1.844893 0.548862,
        2.509613 1.844893 0.629659,
        2.504687 1.844893 0.616921,
        2.498779 1.844893 0.664743,
        2.502480 1.844893 0.598598,
        2.536612 1.844893 0.538833,
        2.551840 1.844893 0.532906,
        2.574424 1.844893 0.530169,
        2.611130 1.844893 0.663618,
        2.573060 1.844893 0.663618,
        2.552682 1.844893 0.661367,
        2.536577 1.844893 0.655483,
        2.522607 1.844893 0.645947,
        2.517865 1.844893 0.641305,
        2.698200 1.844893 -0.599893,
        2.654845 1.844893 -0.599893,
        2.623734 1.844893 -0.599893,
        2.618200 1.844893 -0.599893,
        2.684759 1.844893 0.317493,
        2.740519 1.844893 -0.599893,
        2.715839 1.844893 -0.599893,
        2.777141 1.844893 0.319635,
        2.740519 1.844893 0.764765,
        2.715839 1.844893 0.764765,
        2.654845 1.844893 0.764765,
        2.623734 1.844893 0.764765,
        2.498779 1.844893 0.764765,
        2.456616 1.844893 0.764765,
        2.331661 1.844893 0.764765,
        -0.864809 1.844893 0.764765,
        2.836769 1.844893 0.264476,
        2.836769 1.844893 -0.599893,
        2.828769 1.844893 -0.599893,
        2.836769 1.844893 0.317339,
        2.841834 1.844893 0.451914,
        2.841834 1.844893 0.436563,
        2.838798 1.844893 0.333679,
        2.838798 1.844893 0.318464,
        2.910572 1.844893 0.318464,
        2.910572 1.844893 0.451914,
        2.893345 1.844893 0.378571,
        2.893345 1.844893 0.333679,
        2.845621 1.844893 0.378571,
        2.845621 1.844893 0.393854,
        2.893345 1.844893 0.393854,
        2.893345 1.844893 0.436563,
        2.893345 1.844893 0.663618,
        2.893345 1.844893 0.545383,
        2.840197 1.844893 0.545383,
        2.910572 1.844893 0.530169,
        2.910572 1.844893 0.663618,
        2.840197 1.844893 0.530169,
        2.836769 1.844893 0.764765,
        2.828769 1.844893 0.764765,
        2.766445 1.844893 0.665869,
        2.331661 1.844893 0.830107,
        2.456616 1.844893 0.830107,
        2.498779 1.844893 0.830107,
        2.623734 1.844893 0.830107,
        2.654845 1.844893 0.830107,
        2.715839 1.844893 0.830107,
        2.740519 1.844893 0.830107,
        2.828769 1.844893 0.830107,
        2.836769 1.844893 0.830107,
        2.965218 1.844893 0.830107,
        3.937500 1.844893 0.830107,
        1.239900 0.109893 -0.665956,
        1.239900 -0.405107 -0.665956,
        0.926100 -0.405107 -0.665956,
        1.910600 1.229893 -0.665956,
        1.910600 1.744893 -0.665956,
        2.027500 1.744893 -0.665956,
        2.421300 0.109893 -0.665956,
        2.421300 -0.405107 -0.665956,
        2.107500 -0.405107 -0.665956,
        3.837500 0.919893 -0.665956,
        3.937500 1.744893 -0.665956,
        3.937500 0.094893 -0.665956,
        -3.437500 0.419893 -0.665956,
        -3.437500 0.584893 -0.665956,
        3.437500 0.584893 -0.665956,
        2.501300 1.229893 -0.665956,
        2.501300 1.744893 -0.665956,
        2.618200 1.744893 -0.665956,
        2.107500 1.744893 -0.665956,
        2.421300 1.744893 -0.665956,
        2.107500 1.229893 -0.665956,
        2.421300 1.229893 -0.665956,
        2.698200 1.744893 -0.665956,
        3.468463 1.515186 -0.665956,
        3.462500 1.469893 -0.665956,
        3.468463 1.424600 -0.665956,
        3.437500 0.919893 -0.665956,
        2.698200 1.229893 -0.665956,
        3.437500 0.754893 -0.665956,
        2.618200 1.229893 -0.665956,
        3.837500 0.419893 -0.665956,
        3.437500 -0.405107 -0.665956,
        3.437500 0.419893 -0.665956,
        2.698200 -0.405107 -0.665956,
        2.698200 0.109893 -0.665956,
        2.618200 0.109893 -0.665956,
        2.027500 -0.405107 -0.665956,
        1.910600 -0.405107 -0.665956,
        2.027500 0.109893 -0.665956,
        1.910600 0.109893 -0.665956,
        3.592207 1.300856 -0.665956,
        3.637500 1.294893 -0.665956,
        -3.437500 0.754893 -0.665956,
        2.027500 1.229893 -0.665956,
        3.550000 1.621447 -0.665956,
        3.513756 1.593637 -0.665956,
        3.485945 1.557393 -0.665956,
        3.485945 1.382393 -0.665956,
        3.513756 1.346149 -0.665956,
        3.550000 1.318339 -0.665956,
        3.806537 1.515186 -0.665956,
        3.789054 1.557393 -0.665956,
        3.761244 1.593637 -0.665956,
        3.725000 1.621447 -0.665956,
        3.682793 1.638930 -0.665956,
        3.637500 1.644893 -0.665956,
        3.592207 1.638930 -0.665956,
        2.107500 0.109893 -0.665956,
        2.501300 0.109893 -0.665956,
        2.501300 -0.405107 -0.665956,
        2.618200 -0.405107 -0.665956,
        1.830600 -0.405107 -0.665956,
        1.516800 -0.405107 -0.665956,
        1.830600 0.109893 -0.665956,
        1.516800 0.109893 -0.665956,
        0.926100 0.109893 -0.665956,
        0.846100 0.109893 -0.665956,
        -3.837500 0.419893 -0.665956,
        0.649200 0.109893 -0.665956,
        0.649200 -0.405107 -0.665956,
        0.335400 -0.405107 -0.665956,
        3.682793 1.300856 -0.665956,
        3.725000 1.318339 -0.665956,
        3.761244 1.346149 -0.665956,
        1.436800 -0.405107 -0.665956,
        1.319900 -0.405107 -0.665956,
        1.436800 0.109893 -0.665956,
        1.319900 0.109893 -0.665956,
        0.335400 0.109893 -0.665956,
        0.255400 0.109893 -0.665956,
        -0.926000 -0.405107 -0.665956,
        -1.042900 -0.405107 -0.665956,
        -0.926000 0.109893 -0.665956,
        -1.042900 0.109893 -0.665956,
        3.789054 1.382393 -0.665956,
        3.806537 1.424600 -0.665956,
        3.812500 1.469893 -0.665956,
        -0.532200 0.109893 -0.665956,
        -0.532200 -0.405107 -0.665956,
        -0.846000 -0.405107 -0.665956,
        0.058500 0.109893 -0.665956,
        0.058500 -0.405107 -0.665956,
        -0.255300 -0.405107 -0.665956,
        0.846100 -0.405107 -0.665956,
        0.729200 -0.405107 -0.665956,
        0.729200 0.109893 -0.665956,
        -0.846000 0.109893 -0.665956,
        -1.122900 0.109893 -0.665956,
        -0.926000 1.229893 -0.665956,
        -0.846000 1.229893 -0.665956,
        0.729200 1.229893 -0.665956,
        0.729200 1.744893 -0.665956,
        0.846100 1.744893 -0.665956,
        -0.846000 1.744893 -0.665956,
        -0.532200 1.744893 -0.665956,
        -0.532200 1.229893 -0.665956,
        -0.452200 1.229893 -0.665956,
        -0.255300 0.109893 -0.665956,
        -0.335300 0.109893 -0.665956,
        -1.516700 0.109893 -0.665956,
        -1.516700 -0.405107 -0.665956,
        -1.633600 -0.405107 -0.665956,
        1.830600 1.229893 -0.665956,
        0.255400 -0.405107 -0.665956,
        0.138500 -0.405107 -0.665956,
        0.138500 0.109893 -0.665956,
        -0.452200 0.109893 -0.665956,
        -0.452200 -0.405107 -0.665956,
        -0.335300 -0.405107 -0.665956,
        -1.042900 1.229893 -0.665956,
        -1.042900 1.744893 -0.665956,
        -0.926000 1.744893 -0.665956,
        -3.937500 1.744893 -0.665956,
        -3.806537 1.515186 -0.665956,
        -3.812500 1.469893 -0.665956,
        -3.468463 1.515186 -0.665956,
        -2.895000 1.744893 -0.665956,
        -3.462500 1.469893 -0.665956,
        -2.895000 1.229893 -0.665956,
        -3.468463 1.424600 -0.665956,
        -3.485945 1.382393 -0.665956,
        -3.485945 1.557393 -0.665956,
        -3.513756 1.593637 -0.665956,
        -3.550000 1.621447 -0.665956,
        -1.633600 0.109893 -0.665956,
        -1.713600 0.109893 -0.665956,
        -0.452200 1.744893 -0.665956,
        -0.335300 1.744893 -0.665956,
        -0.335300 1.229893 -0.665956,
        -0.255300 1.229893 -0.665956,
        0.846100 1.229893 -0.665956,
        0.926100 1.229893 -0.665956,
        1.516800 1.229893 -0.665956,
        1.516800 1.744893 -0.665956,
        1.830600 1.744893 -0.665956,
        -1.436700 0.109893 -0.665956,
        -1.436700 -0.405107 -0.665956,
        -1.122900 -0.405107 -0.665956,
        -0.255300 1.744893 -0.665956,
        0.058500 1.744893 -0.665956,
        0.058500 1.229893 -0.665956,
        0.138500 1.229893 -0.665956,
        -3.725000 1.621447 -0.665956,
        -3.761244 1.593637 -0.665956,
        -3.789054 1.557393 -0.665956,
        -3.806537 1.424600 -0.665956,
        -3.789054 1.382393 -0.665956,
        -3.837500 0.919893 -0.665956,
        -3.761244 1.346149 -0.665956,
        -3.725000 1.318339 -0.665956,
        -3.682793 1.300856 -0.665956,
        -3.637500 1.294893 -0.665956,
        -3.437500 0.919893 -0.665956,
        -3.592207 1.638930 -0.665956,
        -3.637500 1.644893 -0.665956,
        -3.682793 1.638930 -0.665956,
        0.138500 1.744893 -0.665956,
        0.255400 1.744893 -0.665956,
        0.255400 1.229893 -0.665956,
        0.335400 1.229893 -0.665956,
        0.335400 1.744893 -0.665956,
        0.649200 1.744893 -0.665956,
        0.649200 1.229893 -0.665956,
        -2.815000 1.229893 -0.665956,
        -2.107400 0.109893 -0.665956,
        -2.107400 -0.405107 -0.665956,
        -2.224300 -0.405107 -0.665956,
        0.926100 1.744893 -0.665956,
        1.239900 1.744893 -0.665956,
        1.239900 1.229893 -0.665956,
        1.319900 1.229893 -0.665956,
        -2.815000 1.744893 -0.665956,
        -2.698100 1.744893 -0.665956,
        -2.698100 1.229893 -0.665956,
        -2.618100 1.229893 -0.665956,
        -2.224300 0.109893 -0.665956,
        -2.304300 0.109893 -0.665956,
        1.436800 1.229893 -0.665956,
        1.436800 1.744893 -0.665956,
        1.319900 1.744893 -0.665956,
        -3.592207 1.300856 -0.665956,
        -3.550000 1.318339 -0.665956,
        -3.513756 1.346149 -0.665956,
        -2.027400 0.109893 -0.665956,
        -2.027400 -0.405107 -0.665956,
        -1.713600 -0.405107 -0.665956,
        -2.618100 1.744893 -0.665956,
        -2.304300 1.744893 -0.665956,
        -2.304300 1.229893 -0.665956,
        -2.224300 1.229893 -0.665956,
        -2.698100 0.109893 -0.665956,
        -2.698100 -0.405107 -0.665956,
        -2.815000 -0.405107 -0.665956,
        -2.224300 1.744893 -0.665956,
        -2.107400 1.744893 -0.665956,
        -2.107400 1.229893 -0.665956,
        -2.027400 1.229893 -0.665956,
        -2.815000 0.109893 -0.665956,
        -2.895000 0.109893 -0.665956,
        -2.618100 0.109893 -0.665956,
        -2.618100 -0.405107 -0.665956,
        -2.304300 -0.405107 -0.665956,
        -2.027400 1.744893 -0.665956,
        -1.713600 1.744893 -0.665956,
        -1.713600 1.229893 -0.665956,
        -1.633600 1.229893 -0.665956,
        -3.937500 0.094893 -0.665956,
        -3.437500 -0.405107 -0.665956,
        -2.895000 -0.405107 -0.665956,
        -1.633600 1.744893 -0.665956,
        -1.516700 1.744893 -0.665956,
        -1.516700 1.229893 -0.665956,
        -1.436700 1.229893 -0.665956,
        -1.436700 1.744893 -0.665956,
        -1.122900 1.744893 -0.665956,
        -1.122900 1.229893 -0.665956,
        2.716000 1.444893 -0.049893,
        2.716000 1.607393 -0.049893,
        2.698200 1.599893 -0.049893,
        2.516300 1.444893 -0.049893,
        2.516300 1.607393 -0.049893,
        2.501300 1.599893 -0.049893,
        2.122500 1.444893 -0.049893,
        2.122500 1.607393 -0.049893,
        2.107500 1.599893 -0.049893,
        1.925600 1.444893 -0.049893,
        1.925600 1.607393 -0.049893,
        1.910600 1.599893 -0.049893,
        -3.160500 0.754893 -0.049893,
        -3.250500 0.754893 -0.049893,
        -3.250500 0.669893 -0.049893,
        -2.910000 1.607393 -0.049893,
        -2.910000 1.444893 -0.049893,
        -2.895000 1.444893 -0.049893,
        -2.895000 1.599893 -0.049893,
        -2.815000 1.599893 -0.049893,
        -2.800000 1.607393 -0.049893,
        -3.325000 1.444893 -0.049893,
        -3.325000 0.894893 -0.049893,
        -3.160500 0.894893 -0.049893,
        -2.815000 1.444893 -0.049893,
        -2.461200 0.669893 -0.049893,
        -2.713100 1.444893 -0.049893,
        -2.800000 1.444893 -0.049893,
        -2.713100 1.607393 -0.049893,
        -2.698100 1.444893 -0.049893,
        -2.618100 1.444893 -0.049893,
        -2.603100 1.444893 -0.049893,
        -2.618100 1.599893 -0.049893,
        -2.603100 1.607393 -0.049893,
        -2.698100 1.599893 -0.049893,
        -2.910000 1.614893 -0.049893,
        -2.800000 1.614893 -0.049893,
        -2.713100 1.614893 -0.049893,
        -2.603100 1.614893 -0.049893,
        -2.165850 0.669893 -0.049893,
        -2.319300 1.444893 -0.049893,
        -2.461200 1.444893 -0.049893,
        -2.319300 1.607393 -0.049893,
        -2.304300 1.444893 -0.049893,
        -2.224300 1.444893 -0.049893,
        -2.209300 1.444893 -0.049893,
        -2.224300 1.599893 -0.049893,
        -2.209300 1.607393 -0.049893,
        -2.304300 1.599893 -0.049893,
        -2.319300 1.614893 -0.049893,
        -2.209300 1.614893 -0.049893,
        -1.870500 0.669893 -0.049893,
        -2.122400 1.444893 -0.049893,
        -2.165850 1.444893 -0.049893,
        -2.122400 1.607393 -0.049893,
        -2.107400 1.444893 -0.049893,
        -2.027400 1.444893 -0.049893,
        -2.012400 1.444893 -0.049893,
        -2.027400 1.599893 -0.049893,
        -2.012400 1.607393 -0.049893,
        -2.107400 1.599893 -0.049893,
        -2.122400 1.614893 -0.049893,
        -2.012400 1.614893 -0.049893,
        -1.575150 0.669893 -0.049893,
        -1.728600 1.444893 -0.049893,
        -1.870500 1.444893 -0.049893,
        -1.728600 1.607393 -0.049893,
        -1.713600 1.444893 -0.049893,
        -1.633600 1.444893 -0.049893,
        -1.618600 1.444893 -0.049893,
        -1.633600 1.599893 -0.049893,
        -1.618600 1.607393 -0.049893,
        -1.713600 1.599893 -0.049893,
        -1.728600 1.614893 -0.049893,
        -1.618600 1.614893 -0.049893,
        -0.984450 0.669893 -0.049893,
        -1.531700 1.444893 -0.049893,
        -1.575150 1.444893 -0.049893,
        -1.137900 1.444893 -0.049893,
        -1.421700 1.444893 -0.049893,
        -1.531700 1.607393 -0.049893,
        -1.516700 1.444893 -0.049893,
        -1.436700 1.444893 -0.049893,
        -1.436700 1.599893 -0.049893,
        -1.421700 1.607393 -0.049893,
        -1.516700 1.599893 -0.049893,
        -1.137900 1.607393 -0.049893,
        -1.122900 1.444893 -0.049893,
        -1.042900 1.444893 -0.049893,
        -1.027900 1.444893 -0.049893,
        -1.042900 1.599893 -0.049893,
        -1.027900 1.607393 -0.049893,
        -1.122900 1.599893 -0.049893,
        -1.531700 1.614893 -0.049893,
        -1.421700 1.614893 -0.049893,
        -1.137900 1.614893 -0.049893,
        -1.027900 1.614893 -0.049893,
        -0.689100 0.669893 -0.049893,
        -0.941000 1.444893 -0.049893,
        -0.984450 1.444893 -0.049893,
        -0.941000 1.607393 -0.049893,
        -0.926000 1.444893 -0.049893,
        -0.846000 1.444893 -0.049893,
        -0.831000 1.444893 -0.049893,
        -0.846000 1.599893 -0.049893,
        -0.831000 1.607393 -0.049893,
        -0.926000 1.599893 -0.049893,
        -0.941000 1.614893 -0.049893,
        -0.831000 1.614893 -0.049893,
        -0.393750 0.669893 -0.049893,
        -0.547200 1.444893 -0.049893,
        -0.689100 1.444893 -0.049893,
        -0.547200 1.607393 -0.049893,
        -0.532200 1.444893 -0.049893,
        -0.452200 1.444893 -0.049893,
        -0.437200 1.444893 -0.049893,
        -0.452200 1.599893 -0.049893,
        -0.437200 1.607393 -0.049893,
        -0.532200 1.599893 -0.049893,
        -0.547200 1.614893 -0.049893,
        -0.437200 1.614893 -0.049893,
        -0.098400 0.669893 -0.049893,
        -0.350300 1.444893 -0.049893,
        -0.393750 1.444893 -0.049893,
        -0.350300 1.607393 -0.049893,
        -0.335300 1.444893 -0.049893,
        -0.255300 1.444893 -0.049893,
        -0.240300 1.444893 -0.049893,
        -0.255300 1.599893 -0.049893,
        -0.240300 1.607393 -0.049893,
        -0.335300 1.599893 -0.049893,
        -0.350300 1.614893 -0.049893,
        -0.240300 1.614893 -0.049893,
        0.492300 0.669893 -0.049893,
        0.043500 1.444893 -0.049893,
        -0.098400 1.444893 -0.049893,
        0.240400 1.444893 -0.049893,
        0.153500 1.444893 -0.049893,
        0.043500 1.607393 -0.049893,
        0.058500 1.444893 -0.049893,
        0.138500 1.444893 -0.049893,
        0.138500 1.599893 -0.049893,
        0.153500 1.607393 -0.049893,
        0.058500 1.599893 -0.049893,
        0.240400 1.607393 -0.049893,
        0.255400 1.444893 -0.049893,
        0.335400 1.444893 -0.049893,
        0.350400 1.444893 -0.049893,
        0.335400 1.599893 -0.049893,
        0.350400 1.607393 -0.049893,
        0.255400 1.599893 -0.049893,
        0.043500 1.614893 -0.049893,
        0.153500 1.614893 -0.049893,
        0.240400 1.614893 -0.049893,
        0.350400 1.614893 -0.049893,
        0.787650 0.669893 -0.049893,
        0.634200 1.444893 -0.049893,
        0.492300 1.444893 -0.049893,
        0.634200 1.607393 -0.049893,
        0.649200 1.444893 -0.049893,
        0.729200 1.444893 -0.049893,
        0.744200 1.444893 -0.049893,
        0.729200 1.599893 -0.049893,
        0.744200 1.607393 -0.049893,
        0.649200 1.599893 -0.049893,
        0.634200 1.614893 -0.049893,
        0.744200 1.614893 -0.049893,
        1.083000 0.669893 -0.049893,
        0.831100 1.444893 -0.049893,
        0.787650 1.444893 -0.049893,
        0.831100 1.607393 -0.049893,
        0.846100 1.444893 -0.049893,
        0.926100 1.444893 -0.049893,
        0.941100 1.444893 -0.049893,
        0.926100 1.599893 -0.049893,
        0.941100 1.607393 -0.049893,
        0.846100 1.599893 -0.049893,
        0.831100 1.614893 -0.049893,
        0.941100 1.614893 -0.049893,
        1.378350 0.669893 -0.049893,
        1.224900 1.444893 -0.049893,
        1.083000 1.444893 -0.049893,
        1.224900 1.607393 -0.049893,
        1.239900 1.444893 -0.049893,
        1.319900 1.444893 -0.049893,
        1.334900 1.444893 -0.049893,
        1.319900 1.599893 -0.049893,
        1.334900 1.607393 -0.049893,
        1.239900 1.599893 -0.049893,
        1.224900 1.614893 -0.049893,
        1.334900 1.614893 -0.049893,
        1.969050 0.669893 -0.049893,
        1.421800 1.444893 -0.049893,
        1.378350 1.444893 -0.049893,
        1.830600 1.599893 -0.049893,
        1.910600 1.444893 -0.049893,
        1.830600 1.444893 -0.049893,
        1.531800 1.444893 -0.049893,
        1.815600 1.444893 -0.049893,
        1.815600 1.607393 -0.049893,
        1.421800 1.607393 -0.049893,
        1.436800 1.444893 -0.049893,
        1.516800 1.444893 -0.049893,
        1.516800 1.599893 -0.049893,
        1.531800 1.607393 -0.049893,
        1.436800 1.599893 -0.049893,
        1.421800 1.614893 -0.049893,
        1.531800 1.614893 -0.049893,
        1.815600 1.614893 -0.049893,
        1.925600 1.614893 -0.049893,
        1.969050 1.444893 -0.049893,
        2.012500 1.444893 -0.049893,
        2.027500 1.599893 -0.049893,
        2.264400 0.669893 -0.049893,
        2.107500 1.444893 -0.049893,
        2.027500 1.444893 -0.049893,
        2.012500 1.607393 -0.049893,
        2.012500 1.614893 -0.049893,
        2.122500 1.614893 -0.049893,
        2.264400 1.444893 -0.049893,
        2.406300 1.444893 -0.049893,
        2.421300 1.599893 -0.049893,
        2.559750 0.669893 -0.049893,
        2.501300 1.444893 -0.049893,
        2.421300 1.444893 -0.049893,
        2.406300 1.607393 -0.049893,
        2.406300 1.614893 -0.049893,
        2.516300 1.614893 -0.049893,
        2.559750 1.444893 -0.049893,
        2.603200 1.444893 -0.049893,
        2.618200 1.599893 -0.049893,
        3.011600 0.669893 -0.049893,
        2.698200 1.444893 -0.049893,
        2.618200 1.444893 -0.049893,
        2.603200 1.607393 -0.049893,
        2.603200 1.614893 -0.049893,
        2.716000 1.614893 -0.049893,
        3.250500 0.754893 -0.049893,
        3.160500 0.754893 -0.049893,
        3.160500 0.894893 -0.049893,
        3.325000 0.894893 -0.049893,
        3.325000 1.444893 -0.049893,
        3.011600 1.444893 -0.049893,
        3.011600 -0.105107 -0.049893,
        3.325000 -0.105107 -0.049893,
        3.325000 0.444893 -0.049893,
        3.160500 0.444893 -0.049893,
        3.160500 0.584893 -0.049893,
        3.250500 0.669893 -0.049893,
        3.250500 0.584893 -0.049893,
        2.618200 -0.105107 -0.049893,
        2.698200 -0.105107 -0.049893,
        2.716000 -0.105107 -0.049893,
        2.716000 -0.275107 -0.049893,
        2.698200 -0.260107 -0.049893,
        2.603200 -0.275107 -0.049893,
        2.618200 -0.260107 -0.049893,
        2.603200 -0.105107 -0.049893,
        2.421300 -0.105107 -0.049893,
        2.501300 -0.105107 -0.049893,
        2.559750 -0.105107 -0.049893,
        2.516300 -0.105107 -0.049893,
        2.516300 -0.275107 -0.049893,
        2.501300 -0.260107 -0.049893,
        2.406300 -0.275107 -0.049893,
        2.421300 -0.260107 -0.049893,
        2.406300 -0.105107 -0.049893,
        2.027500 -0.105107 -0.049893,
        2.107500 -0.105107 -0.049893,
        2.264400 -0.105107 -0.049893,
        2.122500 -0.105107 -0.049893,
        2.122500 -0.275107 -0.049893,
        2.107500 -0.260107 -0.049893,
        2.012500 -0.275107 -0.049893,
        2.027500 -0.260107 -0.049893,
        2.012500 -0.105107 -0.049893,
        1.436800 -0.105107 -0.049893,
        1.516800 -0.105107 -0.049893,
        1.815600 -0.105107 -0.049893,
        1.531800 -0.105107 -0.049893,
        1.531800 -0.275107 -0.049893,
        1.516800 -0.260107 -0.049893,
        1.421800 -0.275107 -0.049893,
        1.436800 -0.260107 -0.049893,
        1.421800 -0.105107 -0.049893,
        1.969050 -0.105107 -0.049893,
        1.925600 -0.105107 -0.049893,
        1.910600 -0.105107 -0.049893,
        1.925600 -0.275107 -0.049893,
        1.910600 -0.260107 -0.049893,
        1.815600 -0.275107 -0.049893,
        1.830600 -0.260107 -0.049893,
        1.830600 -0.105107 -0.049893,
        1.239900 -0.105107 -0.049893,
        1.319900 -0.105107 -0.049893,
        1.378350 -0.105107 -0.049893,
        1.334900 -0.105107 -0.049893,
        1.334900 -0.275107 -0.049893,
        1.319900 -0.260107 -0.049893,
        1.224900 -0.275107 -0.049893,
        1.239900 -0.260107 -0.049893,
        1.224900 -0.105107 -0.049893,
        0.846100 -0.105107 -0.049893,
        0.926100 -0.105107 -0.049893,
        1.083000 -0.105107 -0.049893,
        0.941100 -0.105107 -0.049893,
        0.941100 -0.275107 -0.049893,
        0.926100 -0.260107 -0.049893,
        0.831100 -0.275107 -0.049893,
        0.846100 -0.260107 -0.049893,
        0.831100 -0.105107 -0.049893,
        0.649200 -0.105107 -0.049893,
        0.729200 -0.105107 -0.049893,
        0.787650 -0.105107 -0.049893,
        0.744200 -0.105107 -0.049893,
        0.744200 -0.275107 -0.049893,
        0.729200 -0.260107 -0.049893,
        0.634200 -0.275107 -0.049893,
        0.649200 -0.260107 -0.049893,
        0.634200 -0.105107 -0.049893,
        0.058500 -0.105107 -0.049893,
        0.138500 -0.105107 -0.049893,
        0.240400 -0.105107 -0.049893,
        0.153500 -0.105107 -0.049893,
        0.153500 -0.275107 -0.049893,
        0.138500 -0.260107 -0.049893,
        0.043500 -0.275107 -0.049893,
        0.058500 -0.260107 -0.049893,
        0.043500 -0.105107 -0.049893,
        0.492300 -0.105107 -0.049893,
        0.350400 -0.105107 -0.049893,
        0.335400 -0.105107 -0.049893,
        0.350400 -0.275107 -0.049893,
        0.335400 -0.260107 -0.049893,
        0.240400 -0.275107 -0.049893,
        0.255400 -0.260107 -0.049893,
        0.255400 -0.105107 -0.049893,
        -0.335300 -0.105107 -0.049893,
        -0.255300 -0.105107 -0.049893,
        -0.098400 -0.105107 -0.049893,
        -0.240300 -0.105107 -0.049893,
        -0.240300 -0.275107 -0.049893,
        -0.255300 -0.260107 -0.049893,
        -0.350300 -0.275107 -0.049893,
        -0.335300 -0.260107 -0.049893,
        -0.350300 -0.105107 -0.049893,
        -0.532200 -0.105107 -0.049893,
        -0.452200 -0.105107 -0.049893,
        -0.393750 -0.105107 -0.049893,
        -0.437200 -0.105107 -0.049893,
        -0.437200 -0.275107 -0.049893,
        -0.452200 -0.260107 -0.049893,
        -0.547200 -0.275107 -0.049893,
        -0.532200 -0.260107 -0.049893,
        -0.547200 -0.105107 -0.049893,
        -0.926000 -0.105107 -0.049893,
        -0.846000 -0.105107 -0.049893,
        -0.689100 -0.105107 -0.049893,
        -0.831000 -0.105107 -0.049893,
        -0.831000 -0.275107 -0.049893,
        -0.846000 -0.260107 -0.049893,
        -0.941000 -0.275107 -0.049893,
        -0.926000 -0.260107 -0.049893,
        -0.941000 -0.105107 -0.049893,
        -1.516700 -0.105107 -0.049893,
        -1.436700 -0.105107 -0.049893,
        -1.137900 -0.105107 -0.049893,
        -1.421700 -0.105107 -0.049893,
        -1.421700 -0.275107 -0.049893,
        -1.436700 -0.260107 -0.049893,
        -1.531700 -0.275107 -0.049893,
        -1.516700 -0.260107 -0.049893,
        -1.531700 -0.105107 -0.049893,
        -0.984450 -0.105107 -0.049893,
        -1.027900 -0.105107 -0.049893,
        -1.042900 -0.105107 -0.049893,
        -1.027900 -0.275107 -0.049893,
        -1.042900 -0.260107 -0.049893,
        -1.137900 -0.275107 -0.049893,
        -1.122900 -0.260107 -0.049893,
        -1.122900 -0.105107 -0.049893,
        -1.713600 -0.105107 -0.049893,
        -1.633600 -0.105107 -0.049893,
        -1.575150 -0.105107 -0.049893,
        -1.618600 -0.105107 -0.049893,
        -1.618600 -0.275107 -0.049893,
        -1.633600 -0.260107 -0.049893,
        -1.728600 -0.275107 -0.049893,
        -1.713600 -0.260107 -0.049893,
        -1.728600 -0.105107 -0.049893,
        -2.107400 -0.105107 -0.049893,
        -2.027400 -0.105107 -0.049893,
        -1.870500 -0.105107 -0.049893,
        -2.012400 -0.105107 -0.049893,
        -2.012400 -0.275107 -0.049893,
        -2.027400 -0.260107 -0.049893,
        -2.122400 -0.275107 -0.049893,
        -2.107400 -0.260107 -0.049893,
        -2.122400 -0.105107 -0.049893,
        -2.304300 -0.105107 -0.049893,
        -2.224300 -0.105107 -0.049893,
        -2.165850 -0.105107 -0.049893,
        -2.209300 -0.105107 -0.049893,
        -2.209300 -0.275107 -0.049893,
        -2.224300 -0.260107 -0.049893,
        -2.319300 -0.275107 -0.049893,
        -2.304300 -0.260107 -0.049893,
        -2.319300 -0.105107 -0.049893,
        -3.250500 0.584893 -0.049893,
        -3.160500 0.584893 -0.049893,
        -3.160500 0.444893 -0.049893,
        -2.603100 -0.105107 -0.049893,
        -2.618100 -0.105107 -0.049893,
        -2.603100 -0.275107 -0.049893,
        -2.618100 -0.260107 -0.049893,
        -2.713100 -0.275107 -0.049893,
        -2.698100 -0.260107 -0.049893,
        -2.713100 -0.105107 -0.049893,
        -3.325000 -0.105107 -0.049893,
        -2.910000 -0.105107 -0.049893,
        -3.325000 0.444893 -0.049893,
        -2.461200 -0.105107 -0.049893,
        -2.698100 -0.105107 -0.049893,
        -2.815000 -0.105107 -0.049893,
        -2.895000 -0.105107 -0.049893,
        -2.895000 -0.260107 -0.049893,
        -2.910000 -0.275107 -0.049893,
        -2.815000 -0.260107 -0.049893,
        -2.800000 -0.275107 -0.049893,
        -2.800000 -0.105107 -0.049893,
        2.698200 1.744893 -0.599893,
        3.937500 1.744893 -0.599893,
        -2.895000 1.744893 -0.599893,
        -3.937500 1.744893 -0.599893,
        2.618200 1.744893 -0.599893,
        2.501300 1.744893 -0.599893,
        2.421300 1.744893 -0.599893,
        2.107500 1.744893 -0.599893,
        2.027500 1.744893 -0.599893,
        1.910600 1.744893 -0.599893,
        1.830600 1.744893 -0.599893,
        1.516800 1.744893 -0.599893,
        1.436800 1.744893 -0.599893,
        1.319900 1.744893 -0.599893,
        1.239900 1.744893 -0.599893,
        0.926100 1.744893 -0.599893,
        0.846100 1.744893 -0.599893,
        0.729200 1.744893 -0.599893,
        0.649200 1.744893 -0.599893,
        0.335400 1.744893 -0.599893,
        0.255400 1.744893 -0.599893,
        0.138500 1.744893 -0.599893,
        0.058500 1.744893 -0.599893,
        -0.255300 1.744893 -0.599893,
        -0.335300 1.744893 -0.599893,
        -0.452200 1.744893 -0.599893,
        -0.532200 1.744893 -0.599893,
        -0.846000 1.744893 -0.599893,
        -0.926000 1.744893 -0.599893,
        -1.042900 1.744893 -0.599893,
        -1.122900 1.744893 -0.599893,
        -1.436700 1.744893 -0.599893,
        -1.516700 1.744893 -0.599893,
        -1.633600 1.744893 -0.599893,
        -1.713600 1.744893 -0.599893,
        -2.027400 1.744893 -0.599893,
        -2.107400 1.744893 -0.599893,
        -2.224300 1.744893 -0.599893,
        -2.304300 1.744893 -0.599893,
        -2.618100 1.744893 -0.599893,
        -2.815000 1.744893 -0.599893,
        -2.698100 1.744893 -0.599893,
        2.698200 -0.405107 -0.599893,
        3.437500 -0.405107 -0.599893,
        2.698200 -0.505107 -0.599893,
        3.337500 -0.505107 -0.599893,
        2.618200 -0.505107 -0.599893,
        2.501300 -0.505107 -0.599893,
        2.618200 -0.405107 -0.599893,
        2.501300 -0.405107 -0.599893,
        2.421300 -0.505107 -0.599893,
        2.107500 -0.505107 -0.599893,
        2.421300 -0.405107 -0.599893,
        2.107500 -0.405107 -0.599893,
        2.027500 -0.505107 -0.599893,
        1.910600 -0.505107 -0.599893,
        2.027500 -0.405107 -0.599893,
        1.910600 -0.405107 -0.599893,
        1.830600 -0.505107 -0.599893,
        1.516800 -0.505107 -0.599893,
        1.830600 -0.405107 -0.599893,
        1.516800 -0.405107 -0.599893,
        1.436800 -0.505107 -0.599893,
        1.319900 -0.505107 -0.599893,
        1.436800 -0.405107 -0.599893,
        1.319900 -0.405107 -0.599893,
        1.239900 -0.505107 -0.599893,
        0.926100 -0.505107 -0.599893,
        1.239900 -0.405107 -0.599893,
        0.926100 -0.405107 -0.599893,
        0.846100 -0.505107 -0.599893,
        0.729200 -0.505107 -0.599893,
        0.846100 -0.405107 -0.599893,
        0.729200 -0.405107 -0.599893,
        0.649200 -0.505107 -0.599893,
        0.335400 -0.505107 -0.599893,
        0.649200 -0.405107 -0.599893,
        0.335400 -0.405107 -0.599893,
        0.255400 -0.505107 -0.599893,
        0.138500 -0.505107 -0.599893,
        0.255400 -0.405107 -0.599893,
        0.138500 -0.405107 -0.599893,
        0.058500 -0.505107 -0.599893,
        -0.255300 -0.505107 -0.599893,
        0.058500 -0.405107 -0.599893,
        -0.255300 -0.405107 -0.599893,
        -0.335300 -0.505107 -0.599893,
        -0.452200 -0.505107 -0.599893,
        -0.335300 -0.405107 -0.599893,
        -0.452200 -0.405107 -0.599893,
        -0.532200 -0.505107 -0.599893,
        -0.846000 -0.505107 -0.599893,
        -0.532200 -0.405107 -0.599893,
        -0.846000 -0.405107 -0.599893,
        -0.926000 -0.505107 -0.599893,
        -1.042900 -0.505107 -0.599893,
        -0.926000 -0.405107 -0.599893,
        -1.042900 -0.405107 -0.599893,
        -1.122900 -0.505107 -0.599893,
        -1.436700 -0.505107 -0.599893,
        -1.122900 -0.405107 -0.599893,
        -1.436700 -0.405107 -0.599893,
        -1.516700 -0.505107 -0.599893,
        -1.633600 -0.505107 -0.599893,
        -1.516700 -0.405107 -0.599893,
        -1.633600 -0.405107 -0.599893,
        -1.713600 -0.505107 -0.599893,
        -2.027400 -0.505107 -0.599893,
        -1.713600 -0.405107 -0.599893,
        -2.027400 -0.405107 -0.599893,
        -2.107400 -0.505107 -0.599893,
        -2.224300 -0.505107 -0.599893,
        -2.107400 -0.405107 -0.599893,
        -2.224300 -0.405107 -0.599893,
        -2.304300 -0.505107 -0.599893,
        -2.618100 -0.505107 -0.599893,
        -2.304300 -0.405107 -0.599893,
        -2.618100 -0.405107 -0.599893,
        -2.698100 -0.505107 -0.599893,
        -2.815000 -0.505107 -0.599893,
        -2.698100 -0.405107 -0.599893,
        -2.815000 -0.405107 -0.599893,
        -2.895000 -0.505107 -0.599893,
        -3.337500 -0.505107 -0.599893,
        -2.895000 -0.405107 -0.599893,
        -3.437500 -0.405107 -0.599893,
        3.437500 0.584893 -0.559893,
        3.437500 0.754893 -0.559893,
        3.437500 0.919893 0.930107,
        3.437500 0.419893 0.930107,
        -3.437500 0.754893 -0.559893,
        -3.437500 0.584893 -0.559893,
        -3.437500 0.419893 0.930107,
        -3.437500 0.919893 0.930107,
        -3.325000 0.894893 0.730107,
        -3.325000 -0.105107 0.812189,
        -3.325000 0.444893 0.730107,
        -3.325000 1.444893 0.812189,
        3.325000 0.444893 0.730107,
        3.325000 -0.105107 0.812189,
        3.325000 0.894893 0.730107,
        3.325000 1.444893 0.812189,
        -3.393080 -0.173187 0.930107,
        -2.910000 -0.105107 0.812189,
        -2.910000 -0.173187 0.930107,
        -2.713100 -0.173187 0.930107,
        -2.713100 -0.105107 0.812189,
        -2.800000 -0.173187 0.930107,
        -2.800000 -0.105107 0.812189,
        -2.319300 -0.173187 0.930107,
        -2.319300 -0.105107 0.812189,
        -2.603100 -0.173187 0.930107,
        -2.603100 -0.105107 0.812189,
        -2.122400 -0.173187 0.930107,
        -2.122400 -0.105107 0.812189,
        -2.209300 -0.173187 0.930107,
        -2.209300 -0.105107 0.812189,
        -1.728600 -0.173187 0.930107,
        -1.728600 -0.105107 0.812189,
        -2.012400 -0.173187 0.930107,
        -2.012400 -0.105107 0.812189,
        -1.531700 -0.173187 0.930107,
        -1.531700 -0.105107 0.812189,
        -1.618600 -0.173187 0.930107,
        -1.618600 -0.105107 0.812189,
        -1.137900 -0.173187 0.930107,
        -1.137900 -0.105107 0.812189,
        -1.421700 -0.173187 0.930107,
        -1.421700 -0.105107 0.812189,
        -0.941000 -0.173187 0.930107,
        -0.941000 -0.105107 0.812189,
        -1.027900 -0.173187 0.930107,
        -1.027900 -0.105107 0.812189,
        -0.547200 -0.173187 0.930107,
        -0.547200 -0.105107 0.812189,
        -0.831000 -0.173187 0.930107,
        -0.831000 -0.105107 0.812189,
        -0.350300 -0.173187 0.930107,
        -0.350300 -0.105107 0.812189,
        -0.437200 -0.173187 0.930107,
        -0.437200 -0.105107 0.812189,
        0.043500 -0.173187 0.930107,
        0.043500 -0.105107 0.812189,
        -0.240300 -0.173187 0.930107,
        -0.240300 -0.105107 0.812189,
        0.240400 -0.173187 0.930107,
        0.240400 -0.105107 0.812189,
        0.153500 -0.173187 0.930107,
        0.153500 -0.105107 0.812189,
        0.634200 -0.173187 0.930107,
        0.634200 -0.105107 0.812189,
        0.350400 -0.173187 0.930107,
        0.350400 -0.105107 0.812189,
        0.831100 -0.173187 0.930107,
        0.831100 -0.105107 0.812189,
        0.744200 -0.173187 0.930107,
        0.744200 -0.105107 0.812189,
        1.224900 -0.173187 0.930107,
        1.224900 -0.105107 0.812189,
        0.941100 -0.173187 0.930107,
        0.941100 -0.105107 0.812189,
        1.421800 -0.173187 0.930107,
        1.421800 -0.105107 0.812189,
        1.334900 -0.173187 0.930107,
        1.334900 -0.105107 0.812189,
        1.815600 -0.173187 0.930107,
        1.815600 -0.105107 0.812189,
        1.531800 -0.173187 0.930107,
        1.531800 -0.105107 0.812189,
        2.012500 -0.173187 0.930107,
        2.012500 -0.105107 0.812189,
        1.925600 -0.173187 0.930107,
        1.925600 -0.105107 0.812189,
        2.406300 -0.173187 0.930107,
        2.406300 -0.105107 0.812189,
        2.122500 -0.173187 0.930107,
        2.122500 -0.105107 0.812189,
        2.603200 -0.173187 0.930107,
        2.603200 -0.105107 0.812189,
        2.516300 -0.173187 0.930107,
        2.516300 -0.105107 0.812189,
        3.393080 1.512973 0.930107,
        2.716000 1.444893 0.812189,
        2.716000 1.512973 0.930107,
        2.516300 1.512973 0.930107,
        2.516300 1.444893 0.812189,
        2.603200 1.512973 0.930107,
        2.603200 1.444893 0.812189,
        2.122500 1.512973 0.930107,
        2.122500 1.444893 0.812189,
        2.406300 1.512973 0.930107,
        2.406300 1.444893 0.812189,
        1.925600 1.512973 0.930107,
        1.925600 1.444893 0.812189,
        2.012500 1.512973 0.930107,
        2.012500 1.444893 0.812189,
        1.531800 1.512973 0.930107,
        1.531800 1.444893 0.812189,
        1.815600 1.512973 0.930107,
        1.815600 1.444893 0.812189,
        1.334900 1.512973 0.930107,
        1.334900 1.444893 0.812189,
        1.421800 1.512973 0.930107,
        1.421800 1.444893 0.812189,
        0.941100 1.512973 0.930107,
        0.941100 1.444893 0.812189,
        1.224900 1.512973 0.930107,
        1.224900 1.444893 0.812189,
        0.744200 1.512973 0.930107,
        0.744200 1.444893 0.812189,
        0.831100 1.512973 0.930107,
        0.831100 1.444893 0.812189,
        0.350400 1.512973 0.930107,
        0.350400 1.444893 0.812189,
        0.634200 1.512973 0.930107,
        0.634200 1.444893 0.812189,
        0.153500 1.512973 0.930107,
        0.153500 1.444893 0.812189,
        0.240400 1.512973 0.930107,
        0.240400 1.444893 0.812189,
        -0.240300 1.512973 0.930107,
        -0.240300 1.444893 0.812189,
        0.043500 1.512973 0.930107,
        0.043500 1.444893 0.812189,
        -0.437200 1.512973 0.930107,
        -0.437200 1.444893 0.812189,
        -0.350300 1.512973 0.930107,
        -0.350300 1.444893 0.812189,
        -0.831000 1.512973 0.930107,
        -0.831000 1.444893 0.812189,
        -0.547200 1.512973 0.930107,
        -0.547200 1.444893 0.812189,
        -1.027900 1.512973 0.930107,
        -1.027900 1.444893 0.812189,
        -0.941000 1.512973 0.930107,
        -0.941000 1.444893 0.812189,
        -1.421700 1.512973 0.930107,
        -1.421700 1.444893 0.812189,
        -1.137900 1.512973 0.930107,
        -1.137900 1.444893 0.812189,
        -1.618600 1.512973 0.930107,
        -1.618600 1.444893 0.812189,
        -1.531700 1.512973 0.930107,
        -1.531700 1.444893 0.812189,
        -2.012400 1.512973 0.930107,
        -2.012400 1.444893 0.812189,
        -1.728600 1.512973 0.930107,
        -1.728600 1.444893 0.812189,
        -2.209300 1.512973 0.930107,
        -2.209300 1.444893 0.812189,
        -2.122400 1.512973 0.930107,
        -2.122400 1.444893 0.812189,
        -2.603100 1.512973 0.930107,
        -2.603100 1.444893 0.812189,
        -2.319300 1.512973 0.930107,
        -2.319300 1.444893 0.812189,
        -2.800000 1.512973 0.930107,
        -2.800000 1.444893 0.812189,
        -2.713100 1.512973 0.930107,
        -2.713100 1.444893 0.812189,
        3.393080 -0.173187 0.930107,
        2.716000 -0.173187 0.930107,
        2.716000 -0.275107 0.930107,
        2.603200 -0.275107 0.930107,
        2.516300 -0.275107 0.930107,
        1.815600 -0.275107 0.930107,
        3.313585 -0.447372 0.930107,
        3.879765 0.118807 0.930107,
        3.879765 1.787158 0.930107,
        3.837500 0.919893 0.930107,
        3.837500 0.419893 0.930107,
        1.531800 -0.275107 0.930107,
        1.421800 -0.275107 0.930107,
        -3.313585 -0.447372 0.930107,
        1.224900 -0.275107 0.930107,
        2.406300 -0.275107 0.930107,
        2.122500 -0.275107 0.930107,
        2.012500 -0.275107 0.930107,
        0.941100 -0.275107 0.930107,
        0.831100 -0.275107 0.930107,
        0.634200 -0.275107 0.930107,
        1.925600 -0.275107 0.930107,
        1.334900 -0.275107 0.930107,
        0.350400 -0.275107 0.930107,
        0.240400 -0.275107 0.930107,
        0.043500 -0.275107 0.930107,
        0.744200 -0.275107 0.930107,
        -0.240300 -0.275107 0.930107,
        -0.350300 -0.275107 0.930107,
        0.153500 -0.275107 0.930107,
        -0.941000 -0.275107 0.930107,
        -1.027900 -0.275107 0.930107,
        -1.137900 -0.275107 0.930107,
        -0.437200 -0.275107 0.930107,
        -0.547200 -0.275107 0.930107,
        -0.831000 -0.275107 0.930107,
        -1.531700 -0.275107 0.930107,
        -1.618600 -0.275107 0.930107,
        -1.728600 -0.275107 0.930107,
        -1.421700 -0.275107 0.930107,
        -2.122400 -0.275107 0.930107,
        -2.209300 -0.275107 0.930107,
        -2.319300 -0.275107 0.930107,
        -2.012400 -0.275107 0.930107,
        -2.713100 -0.275107 0.930107,
        -2.800000 -0.275107 0.930107,
        -2.910000 -0.275107 0.930107,
        -2.603100 -0.275107 0.930107,
        -3.879765 0.118807 0.930107,
        -3.393080 1.512973 0.930107,
        -2.910000 1.512973 0.930107,
        -2.910000 1.614893 0.930107,
        -3.879765 1.787158 0.930107,
        -3.837500 0.919893 0.930107,
        -3.837500 0.419893 0.930107,
        -2.800000 1.614893 0.930107,
        -2.713100 1.614893 0.930107,
        -2.012400 1.614893 0.930107,
        -2.603100 1.614893 0.930107,
        -2.319300 1.614893 0.930107,
        -2.209300 1.614893 0.930107,
        -1.027900 1.614893 0.930107,
        -1.728600 1.614893 0.930107,
        -1.618600 1.614893 0.930107,
        -2.122400 1.614893 0.930107,
        -1.531700 1.614893 0.930107,
        -1.421700 1.614893 0.930107,
        -0.437200 1.614893 0.930107,
        -0.941000 1.614893 0.930107,
        -0.831000 1.614893 0.930107,
        -1.137900 1.614893 0.930107,
        -0.350300 1.614893 0.930107,
        -0.240300 1.614893 0.930107,
        -0.547200 1.614893 0.930107,
        0.350400 1.614893 0.930107,
        0.634200 1.614893 0.930107,
        0.744200 1.614893 0.930107,
        0.043500 1.614893 0.930107,
        0.153500 1.614893 0.930107,
        0.240400 1.614893 0.930107,
        2.603200 1.614893 0.930107,
        2.716000 1.614893 0.930107,
        1.334900 1.614893 0.930107,
        1.421800 1.614893 0.930107,
        1.531800 1.614893 0.930107,
        0.831100 1.614893 0.930107,
        0.941100 1.614893 0.930107,
        1.224900 1.614893 0.930107,
        1.925600 1.614893 0.930107,
        2.012500 1.614893 0.930107,
        2.122500 1.614893 0.930107,
        1.815600 1.614893 0.930107,
        2.516300 1.614893 0.930107,
        2.406300 1.614893 0.930107,
        3.937500 0.094893 0.830107,
        3.337500 -0.505107 0.830107,
        -3.937500 0.094893 0.830107,
        -3.337500 -0.505107 0.830107,
        2.716000 -0.105107 0.812189,
        -2.910000 1.444893 0.812189,
        3.160500 0.584893 0.730107,
        3.160500 0.444893 0.730107,
        3.250500 0.584893 0.730107,
        3.250500 0.754893 0.730107,
        3.160500 0.754893 0.730107,
        3.160500 0.894893 0.730107,
        -3.160500 0.894893 0.730107,
        -3.160500 0.444893 0.730107,
        -3.160500 0.754893 0.730107,
        -3.250500 0.754893 0.730107,
        -3.250500 0.584893 0.730107,
        -3.160500 0.584893 0.730107,
        -3.637500 1.294893 -0.874893,
        -3.682793 1.300856 -0.874893,
        -3.725000 1.318339 -0.874893,
        -3.761244 1.346149 -0.874893,
        -3.789054 1.382393 -0.874893,
        -3.806537 1.424600 -0.874893,
        -3.812500 1.469893 -0.874893,
        -3.806537 1.515186 -0.874893,
        -3.789054 1.557393 -0.874893,
        -3.761244 1.593637 -0.874893,
        -3.725000 1.621447 -0.874893,
        -3.682793 1.638930 -0.874893,
        -3.637500 1.644893 -0.874893,
        -3.592207 1.638930 -0.874893,
        -3.550000 1.621447 -0.874893,
        -3.513756 1.593637 -0.874893,
        -3.485945 1.557393 -0.874893,
        -3.468463 1.515186 -0.874893,
        -3.462500 1.469893 -0.874893,
        -3.468463 1.424600 -0.874893,
        -3.485945 1.382393 -0.874893,
        -3.513756 1.346149 -0.874893,
        -3.550000 1.318339 -0.874893,
        -3.592207 1.300856 -0.874893,
        -3.637500 1.469893 -1.049893,
        -3.593750 1.458170 -1.043930,
        -3.598275 1.447246 -1.043930,
        -3.592207 1.469893 -1.043930,
        -3.614853 1.430668 -1.043930,
        -3.625778 1.426143 -1.043930,
        -3.605473 1.437866 -1.043930,
        -3.649223 1.426143 -1.043930,
        -3.660146 1.430668 -1.043930,
        -3.637500 1.424600 -1.043930,
        -3.676725 1.447246 -1.043930,
        -3.681250 1.458170 -1.043930,
        -3.669527 1.437866 -1.043930,
        -3.681250 1.481616 -1.043930,
        -3.676725 1.492540 -1.043930,
        -3.682793 1.469893 -1.043930,
        -3.660146 1.509118 -1.043930,
        -3.649223 1.513643 -1.043930,
        -3.669527 1.501920 -1.043930,
        -3.625778 1.513643 -1.043930,
        -3.614853 1.509118 -1.043930,
        -3.637500 1.515186 -1.043930,
        -3.598275 1.492540 -1.043930,
        -3.593750 1.481616 -1.043930,
        -3.605473 1.501920 -1.043930,
        -3.552981 1.447246 -1.026448,
        -3.561723 1.426143 -1.026448,
        -3.575628 1.408021 -1.026448,
        -3.593750 1.394116 -1.026448,
        -3.614853 1.385374 -1.026448,
        -3.637500 1.382393 -1.026448,
        -3.660146 1.385374 -1.026448,
        -3.681250 1.394116 -1.026448,
        -3.699372 1.408021 -1.026448,
        -3.713278 1.426143 -1.026448,
        -3.722019 1.447246 -1.026448,
        -3.725000 1.469893 -1.026448,
        -3.722019 1.492540 -1.026448,
        -3.713278 1.513643 -1.026448,
        -3.699372 1.531765 -1.026448,
        -3.681250 1.545670 -1.026448,
        -3.660146 1.554411 -1.026448,
        -3.637500 1.557393 -1.026448,
        -3.614853 1.554411 -1.026448,
        -3.593750 1.545670 -1.026448,
        -3.575628 1.531765 -1.026448,
        -3.561723 1.513643 -1.026448,
        -3.552981 1.492540 -1.026448,
        -3.550000 1.469893 -1.026448,
        -3.517973 1.437866 -0.998637,
        -3.530335 1.408021 -0.998637,
        -3.550000 1.382393 -0.998637,
        -3.575628 1.362728 -0.998637,
        -3.605473 1.350366 -0.998637,
        -3.637500 1.346149 -0.998637,
        -3.669527 1.350366 -0.998637,
        -3.699372 1.362728 -0.998637,
        -3.725000 1.382393 -0.998637,
        -3.744665 1.408021 -0.998637,
        -3.757027 1.437866 -0.998637,
        -3.761244 1.469893 -0.998637,
        -3.757027 1.501920 -0.998637,
        -3.744665 1.531765 -0.998637,
        -3.725000 1.557393 -0.998637,
        -3.699372 1.577058 -0.998637,
        -3.669527 1.589420 -0.998637,
        -3.637500 1.593637 -0.998637,
        -3.605473 1.589420 -0.998637,
        -3.575628 1.577058 -0.998637,
        -3.550000 1.557393 -0.998637,
        -3.530335 1.531765 -0.998637,
        -3.517973 1.501920 -0.998637,
        -3.513756 1.469893 -0.998637,
        -3.491109 1.430668 -0.962393,
        -3.506250 1.394116 -0.962393,
        -3.530335 1.362728 -0.962393,
        -3.561723 1.338643 -0.962393,
        -3.598275 1.323503 -0.962393,
        -3.637500 1.318339 -0.962393,
        -3.676725 1.323503 -0.962393,
        -3.713278 1.338643 -0.962393,
        -3.744665 1.362728 -0.962393,
        -3.768750 1.394116 -0.962393,
        -3.783890 1.430668 -0.962393,
        -3.789054 1.469893 -0.962393,
        -3.783890 1.509118 -0.962393,
        -3.768750 1.545670 -0.962393,
        -3.744665 1.577058 -0.962393,
        -3.713278 1.601143 -0.962393,
        -3.676725 1.616283 -0.962393,
        -3.637500 1.621447 -0.962393,
        -3.598275 1.616283 -0.962393,
        -3.561723 1.601143 -0.962393,
        -3.530335 1.577058 -0.962393,
        -3.506250 1.545670 -0.962393,
        -3.491109 1.509118 -0.962393,
        -3.485945 1.469893 -0.962393,
        -3.474223 1.426143 -0.920186,
        -3.491109 1.385374 -0.920186,
        -3.517973 1.350366 -0.920186,
        -3.552981 1.323503 -0.920186,
        -3.593750 1.306616 -0.920186,
        -3.637500 1.300856 -0.920186,
        -3.681250 1.306616 -0.920186,
        -3.722019 1.323503 -0.920186,
        -3.757027 1.350366 -0.920186,
        -3.783890 1.385374 -0.920186,
        -3.800778 1.426143 -0.920186,
        -3.806537 1.469893 -0.920186,
        -3.800778 1.513643 -0.920186,
        -3.783890 1.554411 -0.920186,
        -3.757027 1.589420 -0.920186,
        -3.722019 1.616283 -0.920186,
        -3.681250 1.633170 -0.920186,
        -3.637500 1.638930 -0.920186,
        -3.593750 1.633170 -0.920186,
        -3.552981 1.616283 -0.920186,
        -3.517973 1.589420 -0.920186,
        -3.491109 1.554411 -0.920186,
        -3.474223 1.513643 -0.920186,
        -3.468463 1.469893 -0.920186,
        3.637500 1.294893 -0.874893,
        3.592207 1.300856 -0.874893,
        3.550000 1.318339 -0.874893,
        3.513756 1.346149 -0.874893,
        3.485945 1.382393 -0.874893,
        3.468463 1.424600 -0.874893,
        3.462500 1.469893 -0.874893,
        3.468463 1.515186 -0.874893,
        3.485945 1.557393 -0.874893,
        3.513756 1.593637 -0.874893,
        3.550000 1.621447 -0.874893,
        3.592207 1.638930 -0.874893,
        3.637500 1.644893 -0.874893,
        3.682793 1.638930 -0.874893,
        3.725000 1.621447 -0.874893,
        3.761244 1.593637 -0.874893,
        3.789054 1.557393 -0.874893,
        3.806537 1.515186 -0.874893,
        3.812500 1.469893 -0.874893,
        3.806537 1.424600 -0.874893,
        3.789054 1.382393 -0.874893,
        3.761244 1.346149 -0.874893,
        3.725000 1.318339 -0.874893,
        3.682793 1.300856 -0.874893,
        3.637500 1.469893 -1.049893,
        3.681250 1.458170 -1.043930,
        3.676725 1.447246 -1.043930,
        3.682793 1.469893 -1.043930,
        3.660146 1.430668 -1.043930,
        3.649223 1.426143 -1.043930,
        3.669527 1.437866 -1.043930,
        3.625778 1.426143 -1.043930,
        3.614853 1.430668 -1.043930,
        3.637500 1.424600 -1.043930,
        3.598275 1.447246 -1.043930,
        3.593750 1.458170 -1.043930,
        3.605473 1.437866 -1.043930,
        3.593750 1.481616 -1.043930,
        3.598275 1.492540 -1.043930,
        3.592207 1.469893 -1.043930,
        3.614853 1.509118 -1.043930,
        3.625778 1.513643 -1.043930,
        3.605473 1.501920 -1.043930,
        3.649223 1.513643 -1.043930,
        3.660146 1.509118 -1.043930,
        3.637500 1.515186 -1.043930,
        3.676725 1.492540 -1.043930,
        3.681250 1.481616 -1.043930,
        3.669527 1.501920 -1.043930,
        3.722019 1.447246 -1.026448,
        3.713278 1.426143 -1.026448,
        3.699372 1.408021 -1.026448,
        3.681250 1.394116 -1.026448,
        3.660146 1.385374 -1.026448,
        3.637500 1.382393 -1.026448,
        3.614853 1.385374 -1.026448,
        3.593750 1.394116 -1.026448,
        3.575628 1.408021 -1.026448,
        3.561723 1.426143 -1.026448,
        3.552981 1.447246 -1.026448,
        3.550000 1.469893 -1.026448,
        3.552981 1.492540 -1.026448,
        3.561723 1.513643 -1.026448,
        3.575628 1.531765 -1.026448,
        3.593750 1.545670 -1.026448,
        3.614853 1.554411 -1.026448,
        3.637500 1.557393 -1.026448,
        3.660146 1.554411 -1.026448,
        3.681250 1.545670 -1.026448,
        3.699372 1.531765 -1.026448,
        3.713278 1.513643 -1.026448,
        3.722019 1.492540 -1.026448,
        3.725000 1.469893 -1.026448,
        3.757027 1.437866 -0.998637,
        3.744665 1.408021 -0.998637,
        3.725000 1.382393 -0.998637,
        3.699372 1.362728 -0.998637,
        3.669527 1.350366 -0.998637,
        3.637500 1.346149 -0.998637,
        3.605473 1.350366 -0.998637,
        3.575628 1.362728 -0.998637,
        3.550000 1.382393 -0.998637,
        3.530335 1.408021 -0.998637,
        3.517973 1.437866 -0.998637,
        3.513756 1.469893 -0.998637,
        3.517973 1.501920 -0.998637,
        3.530335 1.531765 -0.998637,
        3.550000 1.557393 -0.998637,
        3.575628 1.577058 -0.998637,
        3.605473 1.589420 -0.998637,
        3.637500 1.593637 -0.998637,
        3.669527 1.589420 -0.998637,
        3.699372 1.577058 -0.998637,
        3.725000 1.557393 -0.998637,
        3.744665 1.531765 -0.998637,
        3.757027 1.501920 -0.998637,
        3.761244 1.469893 -0.998637,
        3.783890 1.430668 -0.962393,
        3.768750 1.394116 -0.962393,
        3.744665 1.362728 -0.962393,
        3.713278 1.338643 -0.962393,
        3.676725 1.323503 -0.962393,
        3.637500 1.318339 -0.962393,
        3.598275 1.323503 -0.962393,
        3.561723 1.338643 -0.962393,
        3.530335 1.362728 -0.962393,
        3.506250 1.394116 -0.962393,
        3.491109 1.430668 -0.962393,
        3.485945 1.469893 -0.962393,
        3.491109 1.509118 -0.962393,
        3.506250 1.545670 -0.962393,
        3.530335 1.577058 -0.962393,
        3.561723 1.601143 -0.962393,
        3.598275 1.616283 -0.962393,
        3.637500 1.621447 -0.962393,
        3.676725 1.616283 -0.962393,
        3.713278 1.601143 -0.962393,
        3.744665 1.577058 -0.962393,
        3.768750 1.545670 -0.962393,
        3.783890 1.509118 -0.962393,
        3.789054 1.469893 -0.962393,
        3.800778 1.426143 -0.920186,
        3.783890 1.385374 -0.920186,
        3.757027 1.350366 -0.920186,
        3.722019 1.323503 -0.920186,
        3.681250 1.306616 -0.920186,
        3.637500 1.300856 -0.920186,
        3.593750 1.306616 -0.920186,
        3.552981 1.323503 -0.920186,
        3.517973 1.350366 -0.920186,
        3.491109 1.385374 -0.920186,
        3.474223 1.426143 -0.920186,
        3.468463 1.469893 -0.920186,
        3.474223 1.513643 -0.920186,
        3.491109 1.554411 -0.920186,
        3.517973 1.589420 -0.920186,
        3.552981 1.616283 -0.920186,
        3.593750 1.633170 -0.920186,
        3.637500 1.638930 -0.920186,
        3.681250 1.633170 -0.920186,
        3.722019 1.616283 -0.920186,
        3.757027 1.589420 -0.920186,
        3.783890 1.554411 -0.920186,
        3.800778 1.513643 -0.920186,
        3.806537 1.469893 -0.920186,
      ]
    }
    coordIndex [
      0, 1, 2, -1,
      3, 4, 5, -1,
      6, 7, 8, -1,
      9, 10, 11, -1,
      11, 10, 12, -1,
      11, 12, 13, -1,
      14, 15, 16, -1,
      16, 15, 11, -1,
      16, 11, 17, -1,
      17, 11, 18, -1,
      13, 19, 11, -1,
      11, 19, 20, -1,
      11, 20, 18, -1,
      21, 22, 23, -1,
      23, 22, 24, -1,
      23, 24, 25, -1,
      25, 24, 26, -1,
      25, 26, 9, -1,
      21, 23, 27, -1,
      27, 23, 28, -1,
      27, 28, 29, -1,
      28, 30, 31, -1,
      28, 32, 29, -1,
      29, 32, 33, -1,
      29, 33, 34, -1,
      34, 33, 35, -1,
      34, 35, 36, -1,
      31, 37, 28, -1,
      28, 37, 38, -1,
      28, 38, 32, -1,
      39, 40, 41, -1,
      39, 41, 42, -1,
      40, 43, 41, -1,
      41, 43, 44, -1,
      41, 44, 45, -1,
      45, 44, 46, -1,
      46, 47, 45, -1,
      45, 47, 48, -1,
      45, 48, 28, -1,
      28, 48, 49, -1,
      28, 49, 30, -1,
      50, 42, 51, -1,
      51, 42, 41, -1,
      51, 41, 52, -1,
      52, 41, 53, -1,
      52, 53, 54, -1,
      54, 53, 55, -1,
      56, 57, 58, -1,
      56, 58, 59, -1,
      58, 60, 59, -1,
      59, 60, 61, -1,
      59, 61, 53, -1,
      53, 61, 62, -1,
      53, 62, 55, -1,
      63, 64, 65, -1,
      65, 64, 66, -1,
      66, 67, 65, -1,
      65, 67, 68, -1,
      65, 68, 69, -1,
      70, 71, 72, -1,
      73, 74, 75, -1,
      75, 74, 76, -1,
      70, 72, 77, -1,
      78, 79, 80, -1,
      81, 82, 74, -1,
      74, 82, 83, -1,
      74, 83, 84, -1,
      14, 85, 15, -1,
      15, 85, 86, -1,
      15, 86, 80, -1,
      80, 86, 87, -1,
      80, 87, 78, -1,
      71, 88, 72, -1,
      72, 88, 89, -1,
      72, 89, 90, -1,
      91, 92, 93, -1,
      93, 92, 94, -1,
      93, 94, 95, -1,
      96, 84, 97, -1,
      97, 84, 98, -1,
      97, 98, 93, -1,
      93, 98, 99, -1,
      93, 99, 91, -1,
      96, 100, 84, -1,
      84, 100, 101, -1,
      84, 101, 74, -1,
      74, 101, 102, -1,
      74, 102, 76, -1,
      79, 103, 80, -1,
      80, 103, 104, -1,
      80, 104, 105, -1,
      106, 107, 108, -1,
      108, 107, 109, -1,
      108, 109, 72, -1,
      72, 109, 110, -1,
      72, 110, 77, -1,
      111, 112, 72, -1,
      72, 112, 113, -1,
      72, 113, 74, -1,
      74, 113, 114, -1,
      74, 114, 81, -1,
      115, 116, 63, -1,
      116, 117, 63, -1,
      63, 117, 118, -1,
      63, 118, 119, -1,
      119, 120, 63, -1,
      63, 120, 121, -1,
      63, 121, 122, -1,
      122, 121, 106, -1,
      122, 106, 123, -1,
      123, 106, 108, -1,
      90, 124, 72, -1,
      72, 124, 125, -1,
      72, 125, 126, -1,
      126, 127, 72, -1,
      72, 127, 128, -1,
      72, 128, 111, -1,
      129, 130, 131, -1,
      130, 132, 131, -1,
      131, 132, 133, -1,
      131, 133, 134, -1,
      83, 131, 84, -1,
      84, 131, 135, -1,
      84, 135, 136, -1,
      137, 138, 139, -1,
      139, 138, 140, -1,
      139, 140, 141, -1,
      137, 139, 83, -1,
      83, 139, 142, -1,
      83, 142, 131, -1,
      131, 142, 143, -1,
      131, 143, 129, -1,
      144, 145, 146, -1,
      146, 145, 147, -1,
      146, 147, 148, -1,
      134, 133, 149, -1,
      149, 133, 150, -1,
      149, 150, 151, -1,
      151, 150, 152, -1,
      151, 152, 153, -1,
      136, 154, 84, -1,
      84, 154, 146, -1,
      84, 146, 155, -1,
      155, 146, 148, -1,
      156, 157, 158, -1,
      158, 157, 159, -1,
      159, 157, 160, -1,
      159, 160, 161, -1,
      162, 163, 156, -1,
      156, 163, 157, -1,
      157, 163, 164, -1,
      157, 164, 165, -1,
      164, 166, 165, -1,
      165, 166, 167, -1,
      165, 167, 168, -1,
      156, 169, 162, -1,
      162, 169, 170, -1,
      162, 170, 171, -1,
      160, 172, 161, -1,
      161, 172, 173, -1,
      161, 173, 174, -1,
      174, 173, 175, -1,
      176, 177, 178, -1,
      179, 180, 181, -1,
      181, 180, 182, -1,
      181, 182, 158, -1,
      158, 182, 183, -1,
      158, 183, 156, -1,
      178, 184, 176, -1,
      176, 184, 185, -1,
      176, 185, 186, -1,
      186, 185, 187, -1,
      186, 187, 179, -1,
      179, 187, 175, -1,
      179, 175, 180, -1,
      180, 175, 173, -1,
      188, 189, 190, -1,
      190, 189, 191, -1,
      192, 193, 194, -1,
      195, 196, 190, -1,
      196, 197, 190, -1,
      190, 197, 198, -1,
      190, 198, 188, -1,
      188, 198, 199, -1,
      192, 194, 190, -1,
      190, 194, 200, -1,
      190, 200, 195, -1,
      201, 202, 203, -1,
      203, 202, 204, -1,
      205, 206, 207, -1,
      206, 204, 207, -1,
      207, 204, 202, -1,
      207, 202, 189, -1,
      189, 202, 201, -1,
      189, 201, 191, -1,
      208, 209, 210, -1,
      210, 211, 212, -1,
      213, 214, 215, -1,
      199, 216, 188, -1,
      188, 216, 217, -1,
      188, 217, 215, -1,
      215, 217, 218, -1,
      215, 218, 213, -1,
      214, 219, 215, -1,
      215, 219, 220, -1,
      215, 220, 221, -1,
      221, 220, 222, -1,
      221, 222, 208, -1,
      223, 224, 209, -1,
      209, 224, 225, -1,
      209, 225, 210, -1,
      210, 225, 226, -1,
      210, 226, 211, -1,
      212, 227, 210, -1,
      210, 227, 228, -1,
      210, 228, 229, -1,
      230, 231, 232, -1,
      232, 231, 233, -1,
      232, 233, 234, -1,
      232, 235, 230, -1,
      230, 235, 236, -1,
      230, 236, 237, -1,
      237, 238, 230, -1,
      230, 238, 239, -1,
      230, 239, 240, -1,
      240, 239, 241, -1,
      240, 241, 242, -1,
      242, 241, 243, -1,
      242, 243, 209, -1,
      209, 243, 244, -1,
      209, 244, 223, -1,
      245, 246, 234, -1,
      234, 246, 247, -1,
      234, 247, 232, -1,
      248, 249, 193, -1,
      193, 249, 250, -1,
      193, 250, 194, -1,
      248, 251, 249, -1,
      249, 251, 252, -1,
      249, 252, 253, -1,
      253, 252, 254, -1,
      253, 255, 256, -1,
      254, 257, 253, -1,
      253, 257, 258, -1,
      253, 258, 259, -1,
      259, 260, 253, -1,
      253, 260, 261, -1,
      253, 261, 255, -1,
      256, 262, 253, -1,
      253, 262, 263, -1,
      253, 263, 264, -1,
      265, 266, 267, -1,
      267, 266, 158, -1,
      267, 158, 268, -1,
      268, 158, 269, -1,
      268, 269, 270, -1,
      271, 181, 272, -1,
      272, 181, 158, -1,
      272, 158, 273, -1,
      273, 158, 266, -1,
      274, 275, 276, -1,
      276, 275, 277, -1,
      276, 277, 278, -1,
      279, 280, 281, -1,
      281, 280, 282, -1,
      280, 283, 282, -1,
      282, 283, 284, -1,
      282, 284, 285, -1,
      274, 286, 287, -1,
      287, 286, 288, -1,
      287, 288, 289, -1,
      290, 215, 291, -1,
      291, 215, 221, -1,
      291, 221, 292, -1,
      292, 221, 179, -1,
      292, 179, 281, -1,
      278, 277, 293, -1,
      293, 277, 294, -1,
      293, 294, 290, -1,
      295, 188, 296, -1,
      296, 188, 215, -1,
      296, 215, 297, -1,
      297, 215, 298, -1,
      299, 300, 301, -1,
      299, 301, 302, -1,
      290, 294, 215, -1,
      215, 294, 303, -1,
      215, 303, 298, -1,
      298, 303, 304, -1,
      298, 304, 301, -1,
      301, 304, 305, -1,
      301, 305, 302, -1,
      300, 306, 301, -1,
      301, 306, 307, -1,
      301, 307, 308, -1,
      308, 309, 301, -1,
      301, 309, 310, -1,
      301, 310, 311, -1,
      311, 312, 301, -1,
      301, 312, 313, -1,
      301, 313, 314, -1,
      314, 313, 315, -1,
      315, 313, 316, -1,
      316, 313, 317, -1,
      316, 317, 318, -1,
      318, 319, 316, -1,
      316, 319, 320, -1,
      316, 320, 321, -1,
      321, 320, 322, -1,
      323, 324, 325, -1,
      325, 324, 326, -1,
      325, 326, 294, -1,
      294, 326, 327, -1,
      294, 327, 303, -1,
      8, 328, 329, -1,
      329, 330, 8, -1,
      8, 330, 331, -1,
      8, 331, 6, -1,
      332, 333, 8, -1,
      8, 333, 334, -1,
      8, 334, 328, -1,
      335, 336, 337, -1,
      337, 336, 338, -1,
      337, 338, 332, -1,
      332, 338, 339, -1,
      332, 339, 333, -1,
      340, 341, 342, -1,
      295, 343, 188, -1,
      188, 343, 344, -1,
      188, 344, 340, -1,
      340, 344, 345, -1,
      340, 345, 341, -1,
      342, 346, 340, -1,
      340, 346, 347, -1,
      340, 347, 348, -1,
      349, 350, 351, -1,
      351, 350, 352, -1,
      353, 354, 355, -1,
      356, 357, 188, -1,
      349, 358, 350, -1,
      350, 358, 359, -1,
      350, 359, 360, -1,
      360, 359, 361, -1,
      362, 363, 361, -1,
      361, 363, 364, -1,
      361, 364, 360, -1,
      365, 366, 353, -1,
      353, 366, 367, -1,
      353, 367, 354, -1,
      357, 368, 188, -1,
      188, 368, 369, -1,
      188, 369, 370, -1,
      371, 372, 373, -1,
      373, 372, 374, -1,
      373, 374, 375, -1,
      376, 377, 340, -1,
      340, 377, 378, -1,
      340, 378, 188, -1,
      188, 378, 379, -1,
      188, 379, 356, -1,
      355, 380, 353, -1,
      353, 380, 381, -1,
      353, 381, 340, -1,
      340, 381, 352, -1,
      340, 352, 376, -1,
      376, 352, 350, -1,
      382, 383, 361, -1,
      361, 383, 384, -1,
      361, 384, 385, -1,
      370, 386, 188, -1,
      188, 386, 387, -1,
      188, 387, 189, -1,
      189, 387, 388, -1,
      189, 388, 373, -1,
      385, 389, 361, -1,
      361, 389, 390, -1,
      361, 390, 362, -1,
      391, 392, 393, -1,
      392, 394, 395, -1,
      395, 394, 396, -1,
      395, 396, 353, -1,
      353, 396, 397, -1,
      353, 397, 365, -1,
      398, 399, 210, -1,
      210, 399, 400, -1,
      208, 210, 221, -1,
      221, 210, 400, -1,
      221, 400, 179, -1,
      179, 400, 401, -1,
      179, 401, 186, -1,
      402, 399, 403, -1,
      403, 399, 398, -1,
      403, 398, 404, -1,
      210, 405, 406, -1,
      406, 405, 407, -1,
      408, 409, 410, -1,
      411, 412, 398, -1,
      398, 412, 413, -1,
      398, 413, 404, -1,
      210, 406, 398, -1,
      398, 406, 414, -1,
      398, 414, 415, -1,
      408, 410, 405, -1,
      405, 410, 416, -1,
      405, 416, 407, -1,
      415, 417, 398, -1,
      398, 417, 418, -1,
      398, 418, 411, -1,
      419, 420, 408, -1,
      408, 420, 421, -1,
      408, 421, 409, -1,
      174, 422, 423, -1,
      422, 424, 423, -1,
      423, 424, 425, -1,
      423, 425, 419, -1,
      426, 427, 428, -1,
      428, 427, 429, -1,
      429, 430, 428, -1,
      428, 430, 431, -1,
      428, 431, 432, -1,
      432, 433, 428, -1,
      428, 433, 434, -1,
      428, 434, 435, -1,
      435, 436, 428, -1,
      428, 436, 437, -1,
      428, 437, 438, -1,
      438, 437, 439, -1,
      438, 439, 440, -1,
      440, 441, 438, -1,
      438, 441, 442, -1,
      438, 442, 443, -1,
      444, 1, 445, -1,
      445, 1, 0, -1,
      445, 0, 446, -1,
      446, 0, 447, -1,
      448, 449, 450, -1,
      450, 449, 451, -1,
      451, 452, 450, -1,
      450, 452, 453, -1,
      450, 453, 454, -1,
      454, 455, 450, -1,
      450, 455, 456, -1,
      450, 456, 457, -1,
      457, 458, 450, -1,
      450, 458, 459, -1,
      450, 459, 428, -1,
      428, 459, 460, -1,
      460, 461, 428, -1,
      428, 461, 462, -1,
      428, 462, 463, -1,
      463, 464, 428, -1,
      428, 464, 465, -1,
      428, 465, 466, -1,
      466, 467, 428, -1,
      428, 467, 468, -1,
      428, 468, 469, -1,
      469, 470, 428, -1,
      428, 470, 471, -1,
      428, 471, 426, -1,
      472, 473, 474, -1,
      475, 476, 477, -1,
      474, 473, 269, -1,
      269, 473, 478, -1,
      269, 478, 479, -1,
      477, 472, 475, -1,
      475, 472, 474, -1,
      475, 474, 480, -1,
      480, 474, 447, -1,
      480, 447, 479, -1,
      479, 447, 0, -1,
      479, 0, 269, -1,
      269, 0, 2, -1,
      269, 2, 270, -1,
      270, 2, 481, -1,
      270, 481, 482, -1,
      482, 481, 483, -1,
      484, 485, 474, -1,
      474, 485, 486, -1,
      474, 486, 487, -1,
      487, 488, 474, -1,
      474, 488, 489, -1,
      474, 489, 159, -1,
      159, 489, 490, -1,
      159, 490, 158, -1,
      490, 491, 158, -1,
      158, 491, 492, -1,
      158, 492, 269, -1,
      269, 492, 493, -1,
      269, 493, 494, -1,
      494, 495, 269, -1,
      269, 495, 496, -1,
      269, 496, 497, -1,
      497, 498, 269, -1,
      269, 498, 499, -1,
      269, 499, 474, -1,
      474, 499, 500, -1,
      474, 500, 484, -1,
      448, 450, 501, -1,
      501, 450, 502, -1,
      501, 502, 503, -1,
      503, 502, 423, -1,
      503, 423, 504, -1,
      174, 423, 161, -1,
      161, 423, 502, -1,
      161, 502, 159, -1,
      159, 502, 450, -1,
      159, 450, 474, -1,
      474, 450, 428, -1,
      474, 428, 447, -1,
      447, 428, 438, -1,
      447, 438, 446, -1,
      419, 408, 423, -1,
      423, 408, 505, -1,
      423, 505, 504, -1,
      287, 279, 274, -1,
      274, 279, 281, -1,
      274, 281, 275, -1,
      275, 281, 179, -1,
      275, 179, 506, -1,
      507, 508, 181, -1,
      181, 508, 509, -1,
      181, 509, 510, -1,
      511, 512, 513, -1,
      513, 512, 514, -1,
      510, 515, 181, -1,
      181, 515, 516, -1,
      181, 516, 179, -1,
      179, 516, 517, -1,
      179, 517, 506, -1,
      506, 518, 275, -1,
      275, 518, 519, -1,
      275, 519, 513, -1,
      513, 519, 520, -1,
      513, 520, 521, -1,
      521, 522, 513, -1,
      513, 522, 523, -1,
      513, 523, 511, -1,
      483, 481, 271, -1,
      271, 481, 513, -1,
      271, 513, 181, -1,
      181, 513, 514, -1,
      181, 514, 507, -1,
      524, 525, 405, -1,
      405, 525, 526, -1,
      405, 526, 408, -1,
      408, 526, 527, -1,
      408, 527, 505, -1,
      229, 528, 210, -1,
      210, 528, 205, -1,
      210, 205, 405, -1,
      405, 205, 207, -1,
      405, 207, 524, -1,
      392, 395, 393, -1,
      393, 395, 529, -1,
      393, 529, 530, -1,
      375, 531, 373, -1,
      373, 531, 391, -1,
      373, 391, 189, -1,
      189, 391, 393, -1,
      189, 393, 207, -1,
      207, 393, 530, -1,
      207, 530, 524, -1,
      323, 325, 532, -1,
      532, 325, 294, -1,
      532, 294, 533, -1,
      533, 294, 277, -1,
      533, 277, 534, -1,
      534, 277, 275, -1,
      534, 275, 535, -1,
      535, 275, 513, -1,
      535, 513, 536, -1,
      536, 513, 481, -1,
      536, 481, 537, -1,
      537, 481, 2, -1,
      537, 2, 538, -1,
      538, 2, 1, -1,
      538, 1, 539, -1,
      539, 1, 444, -1,
      539, 444, 3, -1,
      540, 541, 542, -1,
      348, 335, 340, -1,
      340, 335, 337, -1,
      340, 337, 353, -1,
      353, 337, 543, -1,
      353, 543, 395, -1,
      541, 65, 56, -1,
      56, 65, 69, -1,
      56, 69, 57, -1,
      541, 540, 65, -1,
      65, 540, 80, -1,
      65, 80, 63, -1,
      63, 80, 105, -1,
      63, 105, 115, -1,
      544, 545, 337, -1,
      337, 545, 546, -1,
      337, 546, 543, -1,
      543, 546, 547, -1,
      543, 547, 548, -1,
      544, 337, 549, -1,
      549, 337, 15, -1,
      549, 15, 548, -1,
      548, 15, 80, -1,
      548, 80, 543, -1,
      543, 80, 540, -1,
      543, 540, 395, -1,
      395, 540, 542, -1,
      395, 542, 529, -1,
      550, 551, 552, -1,
      552, 551, 546, -1,
      552, 546, 553, -1,
      553, 546, 545, -1,
      553, 545, 554, -1,
      554, 545, 555, -1,
      556, 557, 558, -1,
      559, 560, 11, -1,
      11, 560, 556, -1,
      11, 556, 332, -1,
      332, 556, 558, -1,
      332, 558, 337, -1,
      337, 558, 561, -1,
      337, 561, 15, -1,
      15, 561, 559, -1,
      15, 559, 11, -1,
      9, 11, 25, -1,
      25, 11, 332, -1,
      25, 332, 562, -1,
      562, 332, 8, -1,
      562, 8, 563, -1,
      563, 8, 7, -1,
      563, 7, 532, -1,
      532, 7, 564, -1,
      532, 564, 323, -1,
      3, 5, 539, -1,
      539, 5, 565, -1,
      539, 565, 538, -1,
      538, 565, 566, -1,
      538, 566, 537, -1,
      537, 566, 567, -1,
      537, 567, 536, -1,
      536, 567, 568, -1,
      536, 568, 535, -1,
      535, 568, 569, -1,
      535, 569, 534, -1,
      534, 569, 570, -1,
      534, 570, 533, -1,
      533, 570, 571, -1,
      533, 571, 532, -1,
      532, 571, 572, -1,
      532, 572, 563, -1,
      563, 572, 573, -1,
      563, 573, 562, -1,
      562, 573, 574, -1,
      562, 574, 25, -1,
      25, 574, 575, -1,
      25, 575, 23, -1,
      576, 577, 578, -1,
      579, 580, 581, -1,
      582, 583, 584, -1,
      585, 586, 587, -1,
      588, 589, 590, -1,
      591, 592, 593, -1,
      594, 595, 596, -1,
      596, 595, 597, -1,
      598, 599, 600, -1,
      600, 601, 598, -1,
      598, 601, 602, -1,
      598, 602, 603, -1,
      603, 602, 604, -1,
      603, 604, 605, -1,
      585, 587, 606, -1,
      606, 587, 607, -1,
      606, 607, 608, -1,
      608, 607, 609, -1,
      608, 609, 590, -1,
      590, 609, 610, -1,
      590, 610, 611, -1,
      612, 613, 614, -1,
      614, 613, 615, -1,
      616, 617, 585, -1,
      593, 605, 591, -1,
      591, 605, 604, -1,
      591, 604, 597, -1,
      597, 604, 618, -1,
      597, 618, 596, -1,
      596, 618, 619, -1,
      620, 621, 598, -1,
      598, 621, 622, -1,
      598, 622, 599, -1,
      601, 623, 602, -1,
      602, 623, 624, -1,
      602, 624, 585, -1,
      585, 624, 625, -1,
      585, 625, 616, -1,
      626, 627, 586, -1,
      586, 627, 628, -1,
      586, 628, 629, -1,
      629, 630, 586, -1,
      586, 630, 631, -1,
      586, 631, 598, -1,
      598, 631, 632, -1,
      598, 632, 620, -1,
      584, 633, 582, -1,
      582, 633, 590, -1,
      582, 590, 634, -1,
      634, 590, 611, -1,
      634, 611, 635, -1,
      635, 611, 636, -1,
      637, 638, 639, -1,
      639, 638, 640, -1,
      641, 642, 643, -1,
      644, 645, 646, -1,
      617, 647, 585, -1,
      585, 647, 648, -1,
      585, 648, 649, -1,
      650, 651, 652, -1,
      652, 651, 653, -1,
      652, 653, 643, -1,
      643, 653, 576, -1,
      643, 576, 641, -1,
      641, 576, 578, -1,
      654, 655, 643, -1,
      656, 657, 658, -1,
      658, 657, 659, -1,
      649, 660, 585, -1,
      585, 660, 661, -1,
      585, 661, 586, -1,
      586, 661, 662, -1,
      586, 662, 626, -1,
      633, 614, 590, -1,
      590, 614, 615, -1,
      590, 615, 588, -1,
      588, 615, 639, -1,
      588, 639, 643, -1,
      643, 639, 640, -1,
      643, 640, 652, -1,
      663, 664, 665, -1,
      666, 667, 668, -1,
      669, 670, 642, -1,
      642, 670, 671, -1,
      642, 671, 643, -1,
      643, 671, 644, -1,
      643, 644, 654, -1,
      654, 644, 646, -1,
      672, 658, 643, -1,
      643, 658, 659, -1,
      643, 659, 673, -1,
      618, 674, 675, -1,
      676, 677, 678, -1,
      679, 680, 675, -1,
      675, 680, 681, -1,
      675, 681, 618, -1,
      618, 681, 682, -1,
      643, 683, 684, -1,
      685, 686, 687, -1,
      581, 619, 579, -1,
      579, 619, 618, -1,
      579, 618, 688, -1,
      689, 690, 655, -1,
      655, 690, 691, -1,
      655, 691, 643, -1,
      643, 691, 666, -1,
      643, 666, 683, -1,
      683, 666, 668, -1,
      665, 672, 663, -1,
      663, 672, 643, -1,
      663, 643, 692, -1,
      692, 643, 684, -1,
      692, 684, 693, -1,
      693, 684, 694, -1,
      695, 696, 697, -1,
      698, 699, 700, -1,
      701, 702, 703, -1,
      703, 702, 704, -1,
      703, 704, 705, -1,
      705, 704, 706, -1,
      701, 707, 702, -1,
      702, 707, 708, -1,
      702, 708, 709, -1,
      710, 711, 643, -1,
      712, 713, 682, -1,
      682, 713, 714, -1,
      682, 714, 618, -1,
      618, 714, 715, -1,
      618, 716, 717, -1,
      718, 719, 720, -1,
      687, 710, 685, -1,
      685, 710, 643, -1,
      685, 643, 721, -1,
      721, 643, 673, -1,
      721, 673, 722, -1,
      722, 673, 723, -1,
      724, 725, 715, -1,
      715, 725, 726, -1,
      715, 726, 618, -1,
      618, 726, 727, -1,
      728, 729, 698, -1,
      698, 729, 730, -1,
      698, 730, 699, -1,
      731, 732, 733, -1,
      733, 732, 734, -1,
      733, 734, 735, -1,
      735, 736, 733, -1,
      733, 736, 737, -1,
      733, 737, 738, -1,
      709, 739, 702, -1,
      702, 739, 740, -1,
      702, 740, 698, -1,
      698, 740, 741, -1,
      698, 741, 728, -1,
      742, 743, 727, -1,
      727, 743, 744, -1,
      727, 744, 618, -1,
      618, 744, 745, -1,
      746, 747, 745, -1,
      745, 747, 748, -1,
      745, 748, 618, -1,
      618, 748, 676, -1,
      618, 676, 716, -1,
      716, 676, 678, -1,
      738, 704, 618, -1,
      618, 704, 749, -1,
      750, 751, 752, -1,
      753, 754, 717, -1,
      717, 754, 755, -1,
      717, 755, 618, -1,
      618, 755, 756, -1,
      757, 758, 749, -1,
      749, 758, 759, -1,
      749, 759, 618, -1,
      618, 759, 760, -1,
      761, 762, 643, -1,
      720, 688, 718, -1,
      718, 688, 618, -1,
      718, 618, 763, -1,
      763, 618, 756, -1,
      763, 756, 764, -1,
      764, 756, 765, -1,
      737, 766, 738, -1,
      738, 766, 767, -1,
      738, 767, 704, -1,
      704, 767, 768, -1,
      704, 768, 706, -1,
      752, 761, 750, -1,
      750, 761, 643, -1,
      750, 643, 769, -1,
      769, 643, 711, -1,
      769, 711, 770, -1,
      770, 711, 771, -1,
      772, 773, 760, -1,
      760, 773, 774, -1,
      760, 774, 618, -1,
      618, 774, 775, -1,
      776, 777, 778, -1,
      779, 780, 775, -1,
      775, 780, 781, -1,
      775, 781, 618, -1,
      618, 781, 782, -1,
      783, 784, 643, -1,
      778, 783, 776, -1,
      776, 783, 643, -1,
      776, 643, 785, -1,
      785, 643, 762, -1,
      785, 762, 786, -1,
      786, 762, 787, -1,
      788, 789, 782, -1,
      782, 789, 790, -1,
      782, 790, 618, -1,
      618, 790, 791, -1,
      700, 731, 698, -1,
      698, 731, 733, -1,
      698, 733, 792, -1,
      792, 733, 643, -1,
      792, 643, 793, -1,
      793, 643, 784, -1,
      793, 784, 794, -1,
      795, 796, 791, -1,
      791, 796, 797, -1,
      791, 797, 618, -1,
      618, 797, 798, -1,
      799, 800, 798, -1,
      798, 800, 801, -1,
      798, 801, 618, -1,
      618, 801, 695, -1,
      618, 695, 674, -1,
      674, 695, 697, -1,
      802, 803, 804, -1,
      805, 806, 807, -1,
      808, 809, 810, -1,
      811, 812, 813, -1,
      814, 815, 816, -1,
      817, 818, 819, -1,
      820, 821, 822, -1,
      823, 824, 818, -1,
      818, 824, 825, -1,
      818, 825, 819, -1,
      819, 825, 826, -1,
      827, 828, 829, -1,
      822, 821, 829, -1,
      829, 821, 826, -1,
      829, 826, 827, -1,
      827, 826, 825, -1,
      827, 825, 814, -1,
      830, 828, 831, -1,
      831, 828, 827, -1,
      831, 827, 832, -1,
      832, 827, 833, -1,
      832, 833, 834, -1,
      834, 833, 835, -1,
      834, 835, 836, -1,
      819, 820, 817, -1,
      817, 820, 822, -1,
      817, 822, 837, -1,
      837, 822, 838, -1,
      831, 836, 830, -1,
      830, 836, 835, -1,
      830, 835, 839, -1,
      839, 835, 840, -1,
      841, 842, 827, -1,
      827, 842, 843, -1,
      827, 843, 833, -1,
      844, 842, 845, -1,
      845, 842, 841, -1,
      845, 841, 846, -1,
      846, 841, 847, -1,
      846, 847, 848, -1,
      848, 847, 849, -1,
      848, 849, 850, -1,
      845, 850, 844, -1,
      844, 850, 849, -1,
      844, 849, 851, -1,
      851, 849, 852, -1,
      853, 854, 841, -1,
      841, 854, 855, -1,
      841, 855, 847, -1,
      856, 854, 857, -1,
      857, 854, 853, -1,
      857, 853, 858, -1,
      858, 853, 859, -1,
      858, 859, 860, -1,
      860, 859, 861, -1,
      860, 861, 862, -1,
      857, 862, 856, -1,
      856, 862, 861, -1,
      856, 861, 863, -1,
      863, 861, 864, -1,
      865, 866, 853, -1,
      853, 866, 867, -1,
      853, 867, 859, -1,
      868, 866, 869, -1,
      869, 866, 865, -1,
      869, 865, 870, -1,
      870, 865, 871, -1,
      870, 871, 872, -1,
      872, 871, 873, -1,
      872, 873, 874, -1,
      869, 874, 868, -1,
      868, 874, 873, -1,
      868, 873, 875, -1,
      875, 873, 876, -1,
      877, 878, 865, -1,
      865, 878, 879, -1,
      865, 879, 871, -1,
      877, 880, 881, -1,
      882, 878, 883, -1,
      883, 878, 877, -1,
      883, 877, 884, -1,
      884, 877, 881, -1,
      884, 881, 885, -1,
      885, 881, 886, -1,
      885, 886, 887, -1,
      888, 880, 889, -1,
      889, 880, 877, -1,
      889, 877, 890, -1,
      890, 877, 891, -1,
      890, 891, 892, -1,
      892, 891, 893, -1,
      892, 893, 894, -1,
      883, 887, 882, -1,
      882, 887, 886, -1,
      882, 886, 895, -1,
      895, 886, 896, -1,
      889, 894, 888, -1,
      888, 894, 893, -1,
      888, 893, 897, -1,
      897, 893, 898, -1,
      899, 900, 877, -1,
      877, 900, 901, -1,
      877, 901, 891, -1,
      902, 900, 903, -1,
      903, 900, 899, -1,
      903, 899, 904, -1,
      904, 899, 905, -1,
      904, 905, 906, -1,
      906, 905, 907, -1,
      906, 907, 908, -1,
      903, 908, 902, -1,
      902, 908, 907, -1,
      902, 907, 909, -1,
      909, 907, 910, -1,
      911, 912, 899, -1,
      899, 912, 913, -1,
      899, 913, 905, -1,
      914, 912, 915, -1,
      915, 912, 911, -1,
      915, 911, 916, -1,
      916, 911, 917, -1,
      916, 917, 918, -1,
      918, 917, 919, -1,
      918, 919, 920, -1,
      915, 920, 914, -1,
      914, 920, 919, -1,
      914, 919, 921, -1,
      921, 919, 922, -1,
      923, 924, 911, -1,
      911, 924, 925, -1,
      911, 925, 917, -1,
      926, 924, 927, -1,
      927, 924, 923, -1,
      927, 923, 928, -1,
      928, 923, 929, -1,
      928, 929, 930, -1,
      930, 929, 931, -1,
      930, 931, 932, -1,
      927, 932, 926, -1,
      926, 932, 931, -1,
      926, 931, 933, -1,
      933, 931, 934, -1,
      935, 936, 923, -1,
      923, 936, 937, -1,
      923, 937, 929, -1,
      935, 938, 939, -1,
      940, 936, 941, -1,
      941, 936, 935, -1,
      941, 935, 942, -1,
      942, 935, 939, -1,
      942, 939, 943, -1,
      943, 939, 944, -1,
      943, 944, 945, -1,
      946, 938, 947, -1,
      947, 938, 935, -1,
      947, 935, 948, -1,
      948, 935, 949, -1,
      948, 949, 950, -1,
      950, 949, 951, -1,
      950, 951, 952, -1,
      941, 945, 940, -1,
      940, 945, 944, -1,
      940, 944, 953, -1,
      953, 944, 954, -1,
      947, 952, 946, -1,
      946, 952, 951, -1,
      946, 951, 955, -1,
      955, 951, 956, -1,
      957, 958, 935, -1,
      935, 958, 959, -1,
      935, 959, 949, -1,
      960, 958, 961, -1,
      961, 958, 957, -1,
      961, 957, 962, -1,
      962, 957, 963, -1,
      962, 963, 964, -1,
      964, 963, 965, -1,
      964, 965, 966, -1,
      961, 966, 960, -1,
      960, 966, 965, -1,
      960, 965, 967, -1,
      967, 965, 968, -1,
      969, 970, 957, -1,
      957, 970, 971, -1,
      957, 971, 963, -1,
      972, 970, 973, -1,
      973, 970, 969, -1,
      973, 969, 974, -1,
      974, 969, 975, -1,
      974, 975, 976, -1,
      976, 975, 977, -1,
      976, 977, 978, -1,
      973, 978, 972, -1,
      972, 978, 977, -1,
      972, 977, 979, -1,
      979, 977, 980, -1,
      981, 982, 969, -1,
      969, 982, 983, -1,
      969, 983, 975, -1,
      984, 982, 985, -1,
      985, 982, 981, -1,
      985, 981, 986, -1,
      986, 981, 987, -1,
      986, 987, 988, -1,
      988, 987, 989, -1,
      988, 989, 990, -1,
      985, 990, 984, -1,
      984, 990, 989, -1,
      984, 989, 991, -1,
      991, 989, 992, -1,
      993, 994, 981, -1,
      981, 994, 995, -1,
      981, 995, 987, -1,
      813, 812, 996, -1,
      993, 997, 998, -1,
      999, 993, 1000, -1,
      1000, 993, 998, -1,
      1000, 998, 1001, -1,
      1002, 994, 1003, -1,
      1003, 994, 993, -1,
      1003, 993, 1004, -1,
      1004, 993, 999, -1,
      1004, 999, 1005, -1,
      1005, 999, 1006, -1,
      1005, 1006, 1007, -1,
      1003, 1007, 1002, -1,
      1002, 1007, 1006, -1,
      1002, 1006, 1008, -1,
      1008, 1006, 1009, -1,
      998, 996, 1001, -1,
      1001, 996, 812, -1,
      1001, 812, 1010, -1,
      1010, 812, 1011, -1,
      813, 997, 811, -1,
      811, 997, 993, -1,
      811, 993, 1012, -1,
      1012, 993, 1013, -1,
      810, 809, 1014, -1,
      1015, 1016, 1017, -1,
      993, 1015, 1013, -1,
      1013, 1015, 1017, -1,
      1013, 1017, 1018, -1,
      1017, 1014, 1018, -1,
      1018, 1014, 809, -1,
      1018, 809, 1019, -1,
      1019, 809, 1020, -1,
      810, 1016, 808, -1,
      808, 1016, 1015, -1,
      808, 1015, 1021, -1,
      1021, 1015, 1022, -1,
      807, 806, 1023, -1,
      1024, 1025, 1026, -1,
      1015, 1024, 1022, -1,
      1022, 1024, 1026, -1,
      1022, 1026, 1027, -1,
      1026, 1023, 1027, -1,
      1027, 1023, 806, -1,
      1027, 806, 1028, -1,
      1028, 806, 1029, -1,
      807, 1025, 805, -1,
      805, 1025, 1024, -1,
      805, 1024, 1030, -1,
      1030, 1024, 1031, -1,
      804, 803, 1032, -1,
      1033, 1034, 1035, -1,
      1024, 1033, 1031, -1,
      1031, 1033, 1035, -1,
      1031, 1035, 1036, -1,
      1035, 1032, 1036, -1,
      1036, 1032, 803, -1,
      1036, 803, 1037, -1,
      1037, 803, 1038, -1,
      1039, 1040, 1033, -1,
      1033, 1040, 1041, -1,
      1042, 1043, 1041, -1,
      1041, 1043, 1044, -1,
      1041, 1044, 1033, -1,
      1033, 1044, 802, -1,
      1033, 802, 1034, -1,
      1034, 802, 804, -1,
      1045, 1046, 1047, -1,
      1048, 1049, 1033, -1,
      1039, 1033, 1050, -1,
      1050, 1033, 1049, -1,
      1050, 1049, 1051, -1,
      1052, 1053, 1033, -1,
      1047, 1048, 1045, -1,
      1045, 1048, 1033, -1,
      1045, 1033, 1054, -1,
      1054, 1033, 1053, -1,
      1054, 1053, 1055, -1,
      1055, 1053, 1056, -1,
      1055, 1056, 1057, -1,
      1057, 1056, 1058, -1,
      1057, 1058, 1059, -1,
      1060, 1061, 1024, -1,
      1058, 1052, 1059, -1,
      1059, 1052, 1033, -1,
      1059, 1033, 1062, -1,
      1062, 1033, 1024, -1,
      1062, 1024, 1063, -1,
      1063, 1024, 1061, -1,
      1063, 1061, 1064, -1,
      1064, 1061, 1065, -1,
      1064, 1065, 1066, -1,
      1066, 1065, 1067, -1,
      1066, 1067, 1068, -1,
      1069, 1070, 1015, -1,
      1067, 1060, 1068, -1,
      1068, 1060, 1024, -1,
      1068, 1024, 1071, -1,
      1071, 1024, 1015, -1,
      1071, 1015, 1072, -1,
      1072, 1015, 1070, -1,
      1072, 1070, 1073, -1,
      1073, 1070, 1074, -1,
      1073, 1074, 1075, -1,
      1075, 1074, 1076, -1,
      1075, 1076, 1077, -1,
      1078, 1079, 993, -1,
      1080, 993, 1081, -1,
      1081, 993, 1079, -1,
      1081, 1079, 1082, -1,
      1082, 1079, 1083, -1,
      1082, 1083, 1084, -1,
      1084, 1083, 1085, -1,
      1084, 1085, 1086, -1,
      1076, 1069, 1077, -1,
      1077, 1069, 1015, -1,
      1077, 1015, 1087, -1,
      1087, 1015, 993, -1,
      1087, 993, 1088, -1,
      1088, 993, 1089, -1,
      1088, 1089, 1090, -1,
      1090, 1089, 1091, -1,
      1090, 1091, 1092, -1,
      1092, 1091, 1093, -1,
      1092, 1093, 1080, -1,
      1080, 1093, 1094, -1,
      1080, 1094, 993, -1,
      993, 1094, 1089, -1,
      1095, 1096, 981, -1,
      1085, 1078, 1086, -1,
      1086, 1078, 993, -1,
      1086, 993, 1097, -1,
      1097, 993, 981, -1,
      1097, 981, 1098, -1,
      1098, 981, 1096, -1,
      1098, 1096, 1099, -1,
      1099, 1096, 1100, -1,
      1099, 1100, 1101, -1,
      1101, 1100, 1102, -1,
      1101, 1102, 1103, -1,
      1104, 1105, 969, -1,
      1102, 1095, 1103, -1,
      1103, 1095, 981, -1,
      1103, 981, 1106, -1,
      1106, 981, 969, -1,
      1106, 969, 1107, -1,
      1107, 969, 1105, -1,
      1107, 1105, 1108, -1,
      1108, 1105, 1109, -1,
      1108, 1109, 1110, -1,
      1110, 1109, 1111, -1,
      1110, 1111, 1112, -1,
      1113, 1114, 957, -1,
      1111, 1104, 1112, -1,
      1112, 1104, 969, -1,
      1112, 969, 1115, -1,
      1115, 969, 957, -1,
      1115, 957, 1116, -1,
      1116, 957, 1114, -1,
      1116, 1114, 1117, -1,
      1117, 1114, 1118, -1,
      1117, 1118, 1119, -1,
      1119, 1118, 1120, -1,
      1119, 1120, 1121, -1,
      1122, 1123, 935, -1,
      1124, 935, 1125, -1,
      1125, 935, 1123, -1,
      1125, 1123, 1126, -1,
      1126, 1123, 1127, -1,
      1126, 1127, 1128, -1,
      1128, 1127, 1129, -1,
      1128, 1129, 1130, -1,
      1120, 1113, 1121, -1,
      1121, 1113, 957, -1,
      1121, 957, 1131, -1,
      1131, 957, 935, -1,
      1131, 935, 1132, -1,
      1132, 935, 1133, -1,
      1132, 1133, 1134, -1,
      1134, 1133, 1135, -1,
      1134, 1135, 1136, -1,
      1136, 1135, 1137, -1,
      1136, 1137, 1124, -1,
      1124, 1137, 1138, -1,
      1124, 1138, 935, -1,
      935, 1138, 1133, -1,
      1139, 1140, 923, -1,
      1129, 1122, 1130, -1,
      1130, 1122, 935, -1,
      1130, 935, 1141, -1,
      1141, 935, 923, -1,
      1141, 923, 1142, -1,
      1142, 923, 1140, -1,
      1142, 1140, 1143, -1,
      1143, 1140, 1144, -1,
      1143, 1144, 1145, -1,
      1145, 1144, 1146, -1,
      1145, 1146, 1147, -1,
      1148, 1149, 911, -1,
      1146, 1139, 1147, -1,
      1147, 1139, 923, -1,
      1147, 923, 1150, -1,
      1150, 923, 911, -1,
      1150, 911, 1151, -1,
      1151, 911, 1149, -1,
      1151, 1149, 1152, -1,
      1152, 1149, 1153, -1,
      1152, 1153, 1154, -1,
      1154, 1153, 1155, -1,
      1154, 1155, 1156, -1,
      1157, 1158, 899, -1,
      1155, 1148, 1156, -1,
      1156, 1148, 911, -1,
      1156, 911, 1159, -1,
      1159, 911, 899, -1,
      1159, 899, 1160, -1,
      1160, 899, 1158, -1,
      1160, 1158, 1161, -1,
      1161, 1158, 1162, -1,
      1161, 1162, 1163, -1,
      1163, 1162, 1164, -1,
      1163, 1164, 1165, -1,
      1166, 1167, 877, -1,
      1168, 877, 1169, -1,
      1169, 877, 1167, -1,
      1169, 1167, 1170, -1,
      1170, 1167, 1171, -1,
      1170, 1171, 1172, -1,
      1172, 1171, 1173, -1,
      1172, 1173, 1174, -1,
      1164, 1157, 1165, -1,
      1165, 1157, 899, -1,
      1165, 899, 1175, -1,
      1175, 899, 877, -1,
      1175, 877, 1176, -1,
      1176, 877, 1177, -1,
      1176, 1177, 1178, -1,
      1178, 1177, 1179, -1,
      1178, 1179, 1180, -1,
      1180, 1179, 1181, -1,
      1180, 1181, 1168, -1,
      1168, 1181, 1182, -1,
      1168, 1182, 877, -1,
      877, 1182, 1177, -1,
      1183, 1184, 865, -1,
      1173, 1166, 1174, -1,
      1174, 1166, 877, -1,
      1174, 877, 1185, -1,
      1185, 877, 865, -1,
      1185, 865, 1186, -1,
      1186, 865, 1184, -1,
      1186, 1184, 1187, -1,
      1187, 1184, 1188, -1,
      1187, 1188, 1189, -1,
      1189, 1188, 1190, -1,
      1189, 1190, 1191, -1,
      1192, 1193, 853, -1,
      1190, 1183, 1191, -1,
      1191, 1183, 865, -1,
      1191, 865, 1194, -1,
      1194, 865, 853, -1,
      1194, 853, 1195, -1,
      1195, 853, 1193, -1,
      1195, 1193, 1196, -1,
      1196, 1193, 1197, -1,
      1196, 1197, 1198, -1,
      1198, 1197, 1199, -1,
      1198, 1199, 1200, -1,
      1201, 1202, 841, -1,
      1199, 1192, 1200, -1,
      1200, 1192, 853, -1,
      1200, 853, 1203, -1,
      1203, 853, 841, -1,
      1203, 841, 1204, -1,
      1204, 841, 1202, -1,
      1204, 1202, 1205, -1,
      1205, 1202, 1206, -1,
      1205, 1206, 1207, -1,
      1207, 1206, 1208, -1,
      1207, 1208, 1209, -1,
      816, 1210, 1211, -1,
      814, 816, 827, -1,
      827, 816, 1211, -1,
      827, 1211, 1212, -1,
      1213, 1214, 1215, -1,
      1215, 1214, 1216, -1,
      1215, 1216, 1217, -1,
      1217, 1216, 1218, -1,
      1217, 1218, 1219, -1,
      1220, 1221, 1222, -1,
      1222, 1221, 1212, -1,
      1208, 1201, 1209, -1,
      1209, 1201, 841, -1,
      1209, 841, 1223, -1,
      1223, 841, 827, -1,
      1223, 827, 1213, -1,
      1213, 827, 1212, -1,
      1213, 1212, 1214, -1,
      1214, 1212, 1224, -1,
      1225, 1212, 1226, -1,
      1226, 1212, 1221, -1,
      1226, 1221, 1227, -1,
      1227, 1221, 1228, -1,
      1227, 1228, 1229, -1,
      1229, 1228, 1230, -1,
      1229, 1230, 1225, -1,
      1225, 1230, 1231, -1,
      1225, 1231, 1212, -1,
      1212, 1231, 1219, -1,
      1212, 1219, 1224, -1,
      1224, 1219, 1218, -1,
      1232, 1233, 598, -1,
      598, 1233, 586, -1,
      702, 698, 1234, -1,
      1234, 698, 1235, -1,
      593, 592, 1236, -1,
      1236, 592, 1237, -1,
      595, 594, 1238, -1,
      1238, 594, 1239, -1,
      581, 580, 1240, -1,
      1240, 580, 1241, -1,
      720, 719, 1242, -1,
      1242, 719, 1243, -1,
      764, 765, 1244, -1,
      1244, 765, 1245, -1,
      754, 753, 1246, -1,
      1246, 753, 1247, -1,
      678, 677, 1248, -1,
      1248, 677, 1249, -1,
      747, 746, 1250, -1,
      1250, 746, 1251, -1,
      743, 742, 1252, -1,
      1252, 742, 1253, -1,
      725, 724, 1254, -1,
      1254, 724, 1255, -1,
      713, 712, 1256, -1,
      1256, 712, 1257, -1,
      680, 679, 1258, -1,
      1258, 679, 1259, -1,
      697, 696, 1260, -1,
      1260, 696, 1261, -1,
      800, 799, 1262, -1,
      1262, 799, 1263, -1,
      796, 795, 1264, -1,
      1264, 795, 1265, -1,
      789, 788, 1266, -1,
      1266, 788, 1267, -1,
      780, 779, 1268, -1,
      1268, 779, 1269, -1,
      773, 772, 1270, -1,
      1270, 772, 1271, -1,
      1272, 1273, 757, -1,
      757, 1273, 758, -1,
      524, 530, 1232, -1,
      1232, 530, 529, -1,
      1232, 529, 542, -1,
      59, 1233, 56, -1,
      56, 1233, 1232, -1,
      56, 1232, 541, -1,
      541, 1232, 542, -1,
      1234, 1235, 442, -1,
      442, 1235, 443, -1,
      1236, 1237, 527, -1,
      527, 1237, 505, -1,
      1239, 449, 1238, -1,
      1238, 449, 448, -1,
      1238, 448, 501, -1,
      1240, 1241, 451, -1,
      451, 1241, 452, -1,
      1242, 1243, 453, -1,
      453, 1243, 454, -1,
      1244, 1245, 455, -1,
      455, 1245, 456, -1,
      1246, 1247, 457, -1,
      457, 1247, 458, -1,
      1248, 1249, 459, -1,
      459, 1249, 460, -1,
      1250, 1251, 461, -1,
      461, 1251, 462, -1,
      1252, 1253, 463, -1,
      463, 1253, 464, -1,
      1254, 1255, 465, -1,
      465, 1255, 466, -1,
      1256, 1257, 467, -1,
      467, 1257, 468, -1,
      1258, 1259, 469, -1,
      469, 1259, 470, -1,
      1260, 1261, 426, -1,
      426, 1261, 427, -1,
      1262, 1263, 429, -1,
      429, 1263, 430, -1,
      1264, 1265, 431, -1,
      431, 1265, 432, -1,
      1266, 1267, 433, -1,
      433, 1267, 434, -1,
      1268, 1269, 435, -1,
      435, 1269, 436, -1,
      1270, 1271, 437, -1,
      437, 1271, 439, -1,
      441, 440, 1272, -1,
      1272, 440, 1273, -1,
      1274, 1275, 1276, -1,
      1276, 1275, 1277, -1,
      1278, 1279, 1280, -1,
      1280, 1279, 1281, -1,
      1282, 1283, 1284, -1,
      1284, 1283, 1285, -1,
      1286, 1287, 1288, -1,
      1288, 1287, 1289, -1,
      1290, 1291, 1292, -1,
      1292, 1291, 1293, -1,
      1294, 1295, 1296, -1,
      1296, 1295, 1297, -1,
      1298, 1299, 1300, -1,
      1300, 1299, 1301, -1,
      1302, 1303, 1304, -1,
      1304, 1303, 1305, -1,
      1306, 1307, 1308, -1,
      1308, 1307, 1309, -1,
      1310, 1311, 1312, -1,
      1312, 1311, 1313, -1,
      1314, 1315, 1316, -1,
      1316, 1315, 1317, -1,
      1318, 1319, 1320, -1,
      1320, 1319, 1321, -1,
      1322, 1323, 1324, -1,
      1324, 1323, 1325, -1,
      1326, 1327, 1328, -1,
      1328, 1327, 1329, -1,
      1330, 1331, 1332, -1,
      1332, 1331, 1333, -1,
      1334, 1335, 1336, -1,
      1336, 1335, 1337, -1,
      1338, 1339, 1340, -1,
      1340, 1339, 1341, -1,
      1342, 1343, 1344, -1,
      1344, 1343, 1345, -1,
      1346, 1347, 1348, -1,
      1348, 1347, 1349, -1,
      1350, 1351, 1352, -1,
      1352, 1351, 1353, -1,
      1354, 1355, 1356, -1,
      1356, 1355, 1357, -1,
      609, 607, 1274, -1,
      1274, 607, 1275, -1,
      1280, 1281, 636, -1,
      636, 1281, 635, -1,
      1284, 1285, 583, -1,
      583, 1285, 584, -1,
      1288, 1289, 612, -1,
      612, 1289, 613, -1,
      1292, 1293, 637, -1,
      637, 1293, 638, -1,
      1296, 1297, 650, -1,
      650, 1297, 651, -1,
      1300, 1301, 577, -1,
      577, 1301, 578, -1,
      1304, 1305, 669, -1,
      669, 1305, 670, -1,
      1308, 1309, 645, -1,
      645, 1309, 646, -1,
      1312, 1313, 689, -1,
      689, 1313, 690, -1,
      1316, 1317, 667, -1,
      667, 1317, 668, -1,
      1320, 1321, 694, -1,
      694, 1321, 693, -1,
      1324, 1325, 664, -1,
      664, 1325, 665, -1,
      1328, 1329, 656, -1,
      656, 1329, 657, -1,
      1332, 1333, 723, -1,
      723, 1333, 722, -1,
      1336, 1337, 686, -1,
      686, 1337, 687, -1,
      1340, 1341, 771, -1,
      771, 1341, 770, -1,
      1344, 1345, 751, -1,
      751, 1345, 752, -1,
      1348, 1349, 787, -1,
      787, 1349, 786, -1,
      1352, 1353, 777, -1,
      777, 1353, 778, -1,
      1356, 1357, 794, -1,
      794, 1357, 793, -1,
      608, 590, 1358, -1,
      604, 602, 1359, -1,
      1359, 602, 1360, -1,
      1359, 1360, 1358, -1,
      1358, 1360, 1361, -1,
      1358, 1361, 608, -1,
      738, 618, 1362, -1,
      589, 588, 1363, -1,
      1363, 588, 1364, -1,
      1363, 1364, 1362, -1,
      1362, 1364, 1365, -1,
      1362, 1365, 738, -1,
      1366, 824, 823, -1,
      1367, 1220, 1222, -1,
      1222, 1368, 1367, -1,
      1367, 1368, 1366, -1,
      1367, 1366, 1369, -1,
      1369, 1366, 823, -1,
      1047, 1046, 1370, -1,
      1370, 1046, 1371, -1,
      1370, 1371, 1372, -1,
      1372, 1371, 1373, -1,
      1372, 1373, 1042, -1,
      1042, 1373, 1043, -1,
      1367, 1374, 1375, -1,
      1375, 1374, 1376, -1,
      1377, 1378, 1379, -1,
      1379, 1378, 1380, -1,
      1381, 1382, 1383, -1,
      1383, 1382, 1384, -1,
      1385, 1386, 1387, -1,
      1387, 1386, 1388, -1,
      1389, 1390, 1391, -1,
      1391, 1390, 1392, -1,
      1393, 1394, 1395, -1,
      1395, 1394, 1396, -1,
      1397, 1398, 1399, -1,
      1399, 1398, 1400, -1,
      1401, 1402, 1403, -1,
      1403, 1402, 1404, -1,
      1405, 1406, 1407, -1,
      1407, 1406, 1408, -1,
      1409, 1410, 1411, -1,
      1411, 1410, 1412, -1,
      1413, 1414, 1415, -1,
      1415, 1414, 1416, -1,
      1417, 1418, 1419, -1,
      1419, 1418, 1420, -1,
      1421, 1422, 1423, -1,
      1423, 1422, 1424, -1,
      1425, 1426, 1427, -1,
      1427, 1426, 1428, -1,
      1429, 1430, 1431, -1,
      1431, 1430, 1432, -1,
      1433, 1434, 1435, -1,
      1435, 1434, 1436, -1,
      1437, 1438, 1439, -1,
      1439, 1438, 1440, -1,
      1441, 1442, 1443, -1,
      1443, 1442, 1444, -1,
      1445, 1446, 1447, -1,
      1447, 1446, 1448, -1,
      1449, 1450, 1451, -1,
      1451, 1450, 1452, -1,
      1373, 1453, 1454, -1,
      1454, 1453, 1455, -1,
      1456, 1457, 1458, -1,
      1458, 1457, 1459, -1,
      1460, 1461, 1462, -1,
      1462, 1461, 1463, -1,
      1464, 1465, 1466, -1,
      1466, 1465, 1467, -1,
      1468, 1469, 1470, -1,
      1470, 1469, 1471, -1,
      1472, 1473, 1474, -1,
      1474, 1473, 1475, -1,
      1476, 1477, 1478, -1,
      1478, 1477, 1479, -1,
      1480, 1481, 1482, -1,
      1482, 1481, 1483, -1,
      1484, 1485, 1486, -1,
      1486, 1485, 1487, -1,
      1488, 1489, 1490, -1,
      1490, 1489, 1491, -1,
      1492, 1493, 1494, -1,
      1494, 1493, 1495, -1,
      1496, 1497, 1498, -1,
      1498, 1497, 1499, -1,
      1500, 1501, 1502, -1,
      1502, 1501, 1503, -1,
      1504, 1505, 1506, -1,
      1506, 1505, 1507, -1,
      1508, 1509, 1510, -1,
      1510, 1509, 1511, -1,
      1512, 1513, 1514, -1,
      1514, 1513, 1515, -1,
      1516, 1517, 1518, -1,
      1518, 1517, 1519, -1,
      1520, 1521, 1522, -1,
      1522, 1521, 1523, -1,
      1524, 1525, 1526, -1,
      1526, 1525, 1527, -1,
      1528, 1529, 1530, -1,
      1530, 1529, 1531, -1,
      1532, 1533, 1534, -1,
      1449, 1451, 1535, -1,
      1535, 1451, 1536, -1,
      1537, 1437, 1439, -1,
      1538, 1539, 1532, -1,
      1532, 1539, 1361, -1,
      1532, 1361, 1453, -1,
      1453, 1361, 1360, -1,
      1453, 1360, 1540, -1,
      1540, 1360, 1541, -1,
      1540, 1541, 1539, -1,
      1539, 1541, 1542, -1,
      1539, 1542, 1361, -1,
      1543, 1544, 1545, -1,
      1546, 1429, 1431, -1,
      1532, 1534, 1538, -1,
      1538, 1534, 1535, -1,
      1538, 1535, 1545, -1,
      1545, 1535, 1536, -1,
      1545, 1536, 1547, -1,
      1445, 1447, 1547, -1,
      1547, 1447, 1548, -1,
      1547, 1548, 1545, -1,
      1545, 1548, 1549, -1,
      1550, 1551, 1545, -1,
      1552, 1421, 1423, -1,
      1441, 1443, 1549, -1,
      1549, 1443, 1553, -1,
      1549, 1553, 1545, -1,
      1545, 1553, 1537, -1,
      1545, 1537, 1543, -1,
      1543, 1537, 1439, -1,
      1431, 1550, 1546, -1,
      1546, 1550, 1545, -1,
      1546, 1545, 1554, -1,
      1554, 1545, 1544, -1,
      1554, 1544, 1435, -1,
      1435, 1544, 1433, -1,
      1555, 1556, 1545, -1,
      1557, 1413, 1415, -1,
      1425, 1427, 1551, -1,
      1551, 1427, 1558, -1,
      1551, 1558, 1545, -1,
      1545, 1558, 1552, -1,
      1545, 1552, 1555, -1,
      1555, 1552, 1423, -1,
      1559, 1560, 1545, -1,
      1417, 1419, 1556, -1,
      1556, 1419, 1561, -1,
      1556, 1561, 1545, -1,
      1545, 1561, 1557, -1,
      1545, 1557, 1559, -1,
      1559, 1557, 1415, -1,
      1562, 1401, 1403, -1,
      1563, 1564, 1545, -1,
      1409, 1411, 1560, -1,
      1560, 1411, 1565, -1,
      1560, 1565, 1545, -1,
      1545, 1565, 1566, -1,
      1403, 1563, 1562, -1,
      1562, 1563, 1545, -1,
      1562, 1545, 1567, -1,
      1567, 1545, 1566, -1,
      1567, 1566, 1407, -1,
      1407, 1566, 1405, -1,
      1568, 1393, 1395, -1,
      1569, 1570, 1545, -1,
      1395, 1569, 1568, -1,
      1568, 1569, 1545, -1,
      1568, 1545, 1571, -1,
      1571, 1545, 1564, -1,
      1571, 1564, 1399, -1,
      1399, 1564, 1397, -1,
      1572, 1385, 1387, -1,
      1573, 1574, 1545, -1,
      1387, 1573, 1572, -1,
      1572, 1573, 1545, -1,
      1572, 1545, 1575, -1,
      1575, 1545, 1570, -1,
      1575, 1570, 1391, -1,
      1391, 1570, 1389, -1,
      1576, 1377, 1379, -1,
      1577, 1578, 1545, -1,
      1379, 1577, 1576, -1,
      1576, 1577, 1545, -1,
      1576, 1545, 1579, -1,
      1579, 1545, 1574, -1,
      1579, 1574, 1383, -1,
      1383, 1574, 1381, -1,
      1578, 1376, 1545, -1,
      1545, 1376, 1374, -1,
      1545, 1374, 1580, -1,
      1581, 1582, 1583, -1,
      1374, 1581, 1365, -1,
      1365, 1581, 1584, -1,
      1365, 1584, 1585, -1,
      1585, 1584, 1580, -1,
      1585, 1580, 1586, -1,
      1586, 1580, 1374, -1,
      1586, 1374, 1364, -1,
      1364, 1374, 1365, -1,
      1528, 1530, 1587, -1,
      1587, 1530, 1588, -1,
      1589, 1516, 1518, -1,
      1581, 1583, 1584, -1,
      1584, 1583, 1587, -1,
      1584, 1587, 1540, -1,
      1540, 1587, 1588, -1,
      1540, 1588, 1590, -1,
      1524, 1526, 1590, -1,
      1590, 1526, 1591, -1,
      1590, 1591, 1540, -1,
      1540, 1591, 1592, -1,
      1593, 1504, 1506, -1,
      1594, 1595, 1540, -1,
      1518, 1594, 1589, -1,
      1589, 1594, 1540, -1,
      1589, 1540, 1596, -1,
      1596, 1540, 1592, -1,
      1596, 1592, 1522, -1,
      1522, 1592, 1520, -1,
      1512, 1514, 1595, -1,
      1595, 1514, 1597, -1,
      1595, 1597, 1540, -1,
      1540, 1597, 1598, -1,
      1599, 1496, 1498, -1,
      1600, 1601, 1540, -1,
      1506, 1600, 1593, -1,
      1593, 1600, 1540, -1,
      1593, 1540, 1602, -1,
      1602, 1540, 1598, -1,
      1602, 1598, 1510, -1,
      1510, 1598, 1508, -1,
      1603, 1604, 1540, -1,
      1498, 1603, 1599, -1,
      1599, 1603, 1540, -1,
      1599, 1540, 1605, -1,
      1605, 1540, 1601, -1,
      1605, 1601, 1502, -1,
      1502, 1601, 1500, -1,
      1606, 1484, 1486, -1,
      1607, 1608, 1540, -1,
      1492, 1494, 1604, -1,
      1604, 1494, 1609, -1,
      1604, 1609, 1540, -1,
      1540, 1609, 1610, -1,
      1486, 1607, 1606, -1,
      1606, 1607, 1540, -1,
      1606, 1540, 1611, -1,
      1611, 1540, 1610, -1,
      1611, 1610, 1490, -1,
      1490, 1610, 1488, -1,
      1612, 1613, 1540, -1,
      1540, 1613, 1455, -1,
      1540, 1455, 1453, -1,
      1614, 1472, 1474, -1,
      1615, 1616, 1540, -1,
      1480, 1482, 1608, -1,
      1608, 1482, 1617, -1,
      1608, 1617, 1540, -1,
      1540, 1617, 1618, -1,
      1474, 1615, 1614, -1,
      1614, 1615, 1540, -1,
      1614, 1540, 1619, -1,
      1619, 1540, 1618, -1,
      1619, 1618, 1478, -1,
      1478, 1618, 1476, -1,
      1620, 1464, 1466, -1,
      1621, 1622, 1540, -1,
      1466, 1621, 1620, -1,
      1620, 1621, 1540, -1,
      1620, 1540, 1623, -1,
      1623, 1540, 1616, -1,
      1623, 1616, 1470, -1,
      1470, 1616, 1468, -1,
      1624, 1456, 1458, -1,
      1458, 1612, 1624, -1,
      1624, 1612, 1540, -1,
      1624, 1540, 1625, -1,
      1625, 1540, 1622, -1,
      1625, 1622, 1462, -1,
      1462, 1622, 1460, -1,
      607, 587, 1275, -1,
      1275, 587, 1626, -1,
      1275, 1626, 1277, -1,
      1277, 1626, 1627, -1,
      59, 575, 1233, -1,
      1233, 575, 1626, -1,
      1233, 1626, 586, -1,
      586, 1626, 587, -1,
      698, 792, 1235, -1,
      1235, 792, 1628, -1,
      1235, 1628, 443, -1,
      443, 1628, 4, -1,
      1355, 1629, 1357, -1,
      1357, 1629, 1628, -1,
      1357, 1628, 793, -1,
      793, 1628, 792, -1,
      1355, 1354, 1629, -1,
      1629, 1354, 1351, -1,
      1629, 1351, 1350, -1,
      1350, 1347, 1629, -1,
      1629, 1347, 1346, -1,
      1629, 1346, 1343, -1,
      1343, 1342, 1629, -1,
      1629, 1342, 1339, -1,
      1629, 1339, 1338, -1,
      1338, 1335, 1629, -1,
      1629, 1335, 1334, -1,
      1629, 1334, 1331, -1,
      1331, 1330, 1629, -1,
      1629, 1330, 1327, -1,
      1629, 1327, 1326, -1,
      1326, 1323, 1629, -1,
      1629, 1323, 1322, -1,
      1629, 1322, 1319, -1,
      1319, 1318, 1629, -1,
      1629, 1318, 1315, -1,
      1629, 1315, 1627, -1,
      1315, 1314, 1627, -1,
      1627, 1314, 1311, -1,
      1627, 1311, 1310, -1,
      1310, 1307, 1627, -1,
      1627, 1307, 1306, -1,
      1627, 1306, 1303, -1,
      1303, 1302, 1627, -1,
      1627, 1302, 1299, -1,
      1627, 1299, 1298, -1,
      1298, 1295, 1627, -1,
      1627, 1295, 1294, -1,
      1627, 1294, 1291, -1,
      1291, 1290, 1627, -1,
      1627, 1290, 1287, -1,
      1627, 1287, 1286, -1,
      1286, 1283, 1627, -1,
      1627, 1283, 1282, -1,
      1627, 1282, 1279, -1,
      1279, 1278, 1627, -1,
      1627, 1278, 1276, -1,
      1627, 1276, 1277, -1,
      1539, 1538, 1626, -1,
      1626, 1538, 1627, -1,
      1540, 1539, 575, -1,
      575, 1539, 1626, -1,
      1584, 1540, 4, -1,
      4, 1540, 575, -1,
      1580, 1584, 1628, -1,
      1628, 1584, 4, -1,
      1545, 1580, 1629, -1,
      1629, 1580, 1628, -1,
      1538, 1545, 1627, -1,
      1627, 1545, 1629, -1,
      1542, 1541, 606, -1,
      606, 1541, 585, -1,
      1541, 1360, 585, -1,
      585, 1360, 602, -1,
      1361, 1542, 608, -1,
      608, 1542, 606, -1,
      1586, 1364, 643, -1,
      643, 1364, 588, -1,
      1365, 1585, 738, -1,
      738, 1585, 733, -1,
      1585, 1586, 733, -1,
      733, 1586, 643, -1,
      1532, 1371, 1533, -1,
      1533, 1371, 1630, -1,
      1373, 1371, 1453, -1,
      1453, 1371, 1532, -1,
      1581, 1369, 1582, -1,
      1582, 1369, 1631, -1,
      1367, 1369, 1374, -1,
      1374, 1369, 1581, -1,
      1046, 1054, 1371, -1,
      1371, 1054, 1630, -1,
      802, 1043, 1454, -1,
      1454, 1043, 1373, -1,
      1038, 802, 1613, -1,
      1613, 802, 1454, -1,
      1613, 1454, 1455, -1,
      1037, 1038, 1612, -1,
      1612, 1038, 1613, -1,
      1031, 1037, 1459, -1,
      1459, 1037, 1612, -1,
      1459, 1612, 1458, -1,
      805, 1031, 1457, -1,
      1457, 1031, 1459, -1,
      1029, 805, 1624, -1,
      1624, 805, 1457, -1,
      1624, 1457, 1456, -1,
      1028, 1029, 1625, -1,
      1625, 1029, 1624, -1,
      1022, 1028, 1463, -1,
      1463, 1028, 1625, -1,
      1463, 1625, 1462, -1,
      808, 1022, 1461, -1,
      1461, 1022, 1463, -1,
      1020, 808, 1622, -1,
      1622, 808, 1461, -1,
      1622, 1461, 1460, -1,
      1019, 1020, 1621, -1,
      1621, 1020, 1622, -1,
      1013, 1019, 1467, -1,
      1467, 1019, 1621, -1,
      1467, 1621, 1466, -1,
      811, 1013, 1465, -1,
      1465, 1013, 1467, -1,
      1011, 811, 1620, -1,
      1620, 811, 1465, -1,
      1620, 1465, 1464, -1,
      1010, 1011, 1623, -1,
      1623, 1011, 1620, -1,
      1000, 1010, 1471, -1,
      1471, 1010, 1623, -1,
      1471, 1623, 1470, -1,
      999, 1000, 1469, -1,
      1469, 1000, 1471, -1,
      1009, 999, 1616, -1,
      1616, 999, 1469, -1,
      1616, 1469, 1468, -1,
      1008, 1009, 1615, -1,
      1615, 1009, 1616, -1,
      994, 1008, 1475, -1,
      1475, 1008, 1615, -1,
      1475, 1615, 1474, -1,
      987, 994, 1473, -1,
      1473, 994, 1475, -1,
      992, 987, 1614, -1,
      1614, 987, 1473, -1,
      1614, 1473, 1472, -1,
      991, 992, 1619, -1,
      1619, 992, 1614, -1,
      982, 991, 1479, -1,
      1479, 991, 1619, -1,
      1479, 1619, 1478, -1,
      975, 982, 1477, -1,
      1477, 982, 1479, -1,
      980, 975, 1618, -1,
      1618, 975, 1477, -1,
      1618, 1477, 1476, -1,
      979, 980, 1617, -1,
      1617, 980, 1618, -1,
      970, 979, 1483, -1,
      1483, 979, 1617, -1,
      1483, 1617, 1482, -1,
      963, 970, 1481, -1,
      1481, 970, 1483, -1,
      968, 963, 1608, -1,
      1608, 963, 1481, -1,
      1608, 1481, 1480, -1,
      967, 968, 1607, -1,
      1607, 968, 1608, -1,
      958, 967, 1487, -1,
      1487, 967, 1607, -1,
      1487, 1607, 1486, -1,
      949, 958, 1485, -1,
      1485, 958, 1487, -1,
      956, 949, 1606, -1,
      1606, 949, 1485, -1,
      1606, 1485, 1484, -1,
      955, 956, 1611, -1,
      1611, 956, 1606, -1,
      938, 955, 1491, -1,
      1491, 955, 1611, -1,
      1491, 1611, 1490, -1,
      939, 938, 1489, -1,
      1489, 938, 1491, -1,
      954, 939, 1610, -1,
      1610, 939, 1489, -1,
      1610, 1489, 1488, -1,
      953, 954, 1609, -1,
      1609, 954, 1610, -1,
      936, 953, 1495, -1,
      1495, 953, 1609, -1,
      1495, 1609, 1494, -1,
      929, 936, 1493, -1,
      1493, 936, 1495, -1,
      934, 929, 1604, -1,
      1604, 929, 1493, -1,
      1604, 1493, 1492, -1,
      933, 934, 1603, -1,
      1603, 934, 1604, -1,
      924, 933, 1499, -1,
      1499, 933, 1603, -1,
      1499, 1603, 1498, -1,
      917, 924, 1497, -1,
      1497, 924, 1499, -1,
      922, 917, 1599, -1,
      1599, 917, 1497, -1,
      1599, 1497, 1496, -1,
      921, 922, 1605, -1,
      1605, 922, 1599, -1,
      912, 921, 1503, -1,
      1503, 921, 1605, -1,
      1503, 1605, 1502, -1,
      905, 912, 1501, -1,
      1501, 912, 1503, -1,
      910, 905, 1601, -1,
      1601, 905, 1501, -1,
      1601, 1501, 1500, -1,
      909, 910, 1600, -1,
      1600, 910, 1601, -1,
      900, 909, 1507, -1,
      1507, 909, 1600, -1,
      1507, 1600, 1506, -1,
      891, 900, 1505, -1,
      1505, 900, 1507, -1,
      898, 891, 1593, -1,
      1593, 891, 1505, -1,
      1593, 1505, 1504, -1,
      897, 898, 1602, -1,
      1602, 898, 1593, -1,
      880, 897, 1511, -1,
      1511, 897, 1602, -1,
      1511, 1602, 1510, -1,
      881, 880, 1509, -1,
      1509, 880, 1511, -1,
      896, 881, 1598, -1,
      1598, 881, 1509, -1,
      1598, 1509, 1508, -1,
      895, 896, 1597, -1,
      1597, 896, 1598, -1,
      878, 895, 1515, -1,
      1515, 895, 1597, -1,
      1515, 1597, 1514, -1,
      871, 878, 1513, -1,
      1513, 878, 1515, -1,
      876, 871, 1595, -1,
      1595, 871, 1513, -1,
      1595, 1513, 1512, -1,
      875, 876, 1594, -1,
      1594, 876, 1595, -1,
      866, 875, 1519, -1,
      1519, 875, 1594, -1,
      1519, 1594, 1518, -1,
      859, 866, 1517, -1,
      1517, 866, 1519, -1,
      864, 859, 1589, -1,
      1589, 859, 1517, -1,
      1589, 1517, 1516, -1,
      863, 864, 1596, -1,
      1596, 864, 1589, -1,
      854, 863, 1523, -1,
      1523, 863, 1596, -1,
      1523, 1596, 1522, -1,
      847, 854, 1521, -1,
      1521, 854, 1523, -1,
      852, 847, 1592, -1,
      1592, 847, 1521, -1,
      1592, 1521, 1520, -1,
      851, 852, 1591, -1,
      1591, 852, 1592, -1,
      842, 851, 1527, -1,
      1527, 851, 1591, -1,
      1527, 1591, 1526, -1,
      833, 842, 1525, -1,
      1525, 842, 1527, -1,
      840, 833, 1590, -1,
      1590, 833, 1525, -1,
      1590, 1525, 1524, -1,
      839, 840, 1588, -1,
      1588, 840, 1590, -1,
      828, 839, 1531, -1,
      1531, 839, 1588, -1,
      1531, 1588, 1530, -1,
      829, 828, 1529, -1,
      1529, 828, 1531, -1,
      838, 829, 1587, -1,
      1587, 829, 1529, -1,
      1587, 1529, 1528, -1,
      837, 838, 1583, -1,
      1583, 838, 1587, -1,
      818, 837, 1631, -1,
      1631, 837, 1583, -1,
      1631, 1583, 1582, -1,
      823, 818, 1369, -1,
      1369, 818, 1631, -1,
      1221, 1220, 1375, -1,
      1375, 1220, 1367, -1,
      1228, 1221, 1578, -1,
      1578, 1221, 1375, -1,
      1578, 1375, 1376, -1,
      1230, 1228, 1577, -1,
      1577, 1228, 1578, -1,
      1231, 1230, 1380, -1,
      1380, 1230, 1577, -1,
      1380, 1577, 1379, -1,
      1219, 1231, 1378, -1,
      1378, 1231, 1380, -1,
      1217, 1219, 1576, -1,
      1576, 1219, 1378, -1,
      1576, 1378, 1377, -1,
      1215, 1217, 1579, -1,
      1579, 1217, 1576, -1,
      1213, 1215, 1384, -1,
      1384, 1215, 1579, -1,
      1384, 1579, 1383, -1,
      1209, 1213, 1382, -1,
      1382, 1213, 1384, -1,
      1207, 1209, 1574, -1,
      1574, 1209, 1382, -1,
      1574, 1382, 1381, -1,
      1205, 1207, 1573, -1,
      1573, 1207, 1574, -1,
      1204, 1205, 1388, -1,
      1388, 1205, 1573, -1,
      1388, 1573, 1387, -1,
      1200, 1204, 1386, -1,
      1386, 1204, 1388, -1,
      1198, 1200, 1572, -1,
      1572, 1200, 1386, -1,
      1572, 1386, 1385, -1,
      1196, 1198, 1575, -1,
      1575, 1198, 1572, -1,
      1195, 1196, 1392, -1,
      1392, 1196, 1575, -1,
      1392, 1575, 1391, -1,
      1191, 1195, 1390, -1,
      1390, 1195, 1392, -1,
      1189, 1191, 1570, -1,
      1570, 1191, 1390, -1,
      1570, 1390, 1389, -1,
      1187, 1189, 1569, -1,
      1569, 1189, 1570, -1,
      1186, 1187, 1396, -1,
      1396, 1187, 1569, -1,
      1396, 1569, 1395, -1,
      1174, 1186, 1394, -1,
      1394, 1186, 1396, -1,
      1172, 1174, 1568, -1,
      1568, 1174, 1394, -1,
      1568, 1394, 1393, -1,
      1170, 1172, 1571, -1,
      1571, 1172, 1568, -1,
      1169, 1170, 1400, -1,
      1400, 1170, 1571, -1,
      1400, 1571, 1399, -1,
      1168, 1169, 1398, -1,
      1398, 1169, 1400, -1,
      1180, 1168, 1564, -1,
      1564, 1168, 1398, -1,
      1564, 1398, 1397, -1,
      1178, 1180, 1563, -1,
      1563, 1180, 1564, -1,
      1176, 1178, 1404, -1,
      1404, 1178, 1563, -1,
      1404, 1563, 1403, -1,
      1165, 1176, 1402, -1,
      1402, 1176, 1404, -1,
      1163, 1165, 1562, -1,
      1562, 1165, 1402, -1,
      1562, 1402, 1401, -1,
      1161, 1163, 1567, -1,
      1567, 1163, 1562, -1,
      1160, 1161, 1408, -1,
      1408, 1161, 1567, -1,
      1408, 1567, 1407, -1,
      1156, 1160, 1406, -1,
      1406, 1160, 1408, -1,
      1154, 1156, 1566, -1,
      1566, 1156, 1406, -1,
      1566, 1406, 1405, -1,
      1152, 1154, 1565, -1,
      1565, 1154, 1566, -1,
      1151, 1152, 1412, -1,
      1412, 1152, 1565, -1,
      1412, 1565, 1411, -1,
      1147, 1151, 1410, -1,
      1410, 1151, 1412, -1,
      1145, 1147, 1560, -1,
      1560, 1147, 1410, -1,
      1560, 1410, 1409, -1,
      1143, 1145, 1559, -1,
      1559, 1145, 1560, -1,
      1142, 1143, 1416, -1,
      1416, 1143, 1559, -1,
      1416, 1559, 1415, -1,
      1130, 1142, 1414, -1,
      1414, 1142, 1416, -1,
      1128, 1130, 1557, -1,
      1557, 1130, 1414, -1,
      1557, 1414, 1413, -1,
      1126, 1128, 1561, -1,
      1561, 1128, 1557, -1,
      1125, 1126, 1420, -1,
      1420, 1126, 1561, -1,
      1420, 1561, 1419, -1,
      1124, 1125, 1418, -1,
      1418, 1125, 1420, -1,
      1136, 1124, 1556, -1,
      1556, 1124, 1418, -1,
      1556, 1418, 1417, -1,
      1134, 1136, 1555, -1,
      1555, 1136, 1556, -1,
      1132, 1134, 1424, -1,
      1424, 1134, 1555, -1,
      1424, 1555, 1423, -1,
      1121, 1132, 1422, -1,
      1422, 1132, 1424, -1,
      1119, 1121, 1552, -1,
      1552, 1121, 1422, -1,
      1552, 1422, 1421, -1,
      1117, 1119, 1558, -1,
      1558, 1119, 1552, -1,
      1116, 1117, 1428, -1,
      1428, 1117, 1558, -1,
      1428, 1558, 1427, -1,
      1112, 1116, 1426, -1,
      1426, 1116, 1428, -1,
      1110, 1112, 1551, -1,
      1551, 1112, 1426, -1,
      1551, 1426, 1425, -1,
      1108, 1110, 1550, -1,
      1550, 1110, 1551, -1,
      1107, 1108, 1432, -1,
      1432, 1108, 1550, -1,
      1432, 1550, 1431, -1,
      1103, 1107, 1430, -1,
      1430, 1107, 1432, -1,
      1101, 1103, 1546, -1,
      1546, 1103, 1430, -1,
      1546, 1430, 1429, -1,
      1099, 1101, 1554, -1,
      1554, 1101, 1546, -1,
      1098, 1099, 1436, -1,
      1436, 1099, 1554, -1,
      1436, 1554, 1435, -1,
      1086, 1098, 1434, -1,
      1434, 1098, 1436, -1,
      1084, 1086, 1544, -1,
      1544, 1086, 1434, -1,
      1544, 1434, 1433, -1,
      1082, 1084, 1543, -1,
      1543, 1084, 1544, -1,
      1081, 1082, 1440, -1,
      1440, 1082, 1543, -1,
      1440, 1543, 1439, -1,
      1080, 1081, 1438, -1,
      1438, 1081, 1440, -1,
      1092, 1080, 1537, -1,
      1537, 1080, 1438, -1,
      1537, 1438, 1437, -1,
      1090, 1092, 1553, -1,
      1553, 1092, 1537, -1,
      1088, 1090, 1444, -1,
      1444, 1090, 1553, -1,
      1444, 1553, 1443, -1,
      1077, 1088, 1442, -1,
      1442, 1088, 1444, -1,
      1075, 1077, 1549, -1,
      1549, 1077, 1442, -1,
      1549, 1442, 1441, -1,
      1073, 1075, 1548, -1,
      1548, 1075, 1549, -1,
      1072, 1073, 1448, -1,
      1448, 1073, 1548, -1,
      1448, 1548, 1447, -1,
      1068, 1072, 1446, -1,
      1446, 1072, 1448, -1,
      1066, 1068, 1547, -1,
      1547, 1068, 1446, -1,
      1547, 1446, 1445, -1,
      1064, 1066, 1536, -1,
      1536, 1066, 1547, -1,
      1063, 1064, 1452, -1,
      1452, 1064, 1536, -1,
      1452, 1536, 1451, -1,
      1059, 1063, 1450, -1,
      1450, 1063, 1452, -1,
      1057, 1059, 1535, -1,
      1535, 1059, 1450, -1,
      1535, 1450, 1449, -1,
      1055, 1057, 1534, -1,
      1534, 1057, 1535, -1,
      1054, 1055, 1630, -1,
      1630, 1055, 1534, -1,
      1630, 1534, 1533, -1,
      1632, 1633, 1634, -1,
      1634, 1633, 1370, -1,
      1634, 1370, 1635, -1,
      1635, 1370, 1372, -1,
      1635, 1372, 1636, -1,
      1636, 1372, 1637, -1,
      1370, 1633, 1047, -1,
      1047, 1633, 1048, -1,
      1042, 1041, 1372, -1,
      1372, 1041, 1637, -1,
      1636, 1637, 1040, -1,
      1040, 1637, 1041, -1,
      1635, 1636, 1039, -1,
      1039, 1636, 1040, -1,
      1634, 1635, 1051, -1,
      1051, 1635, 1039, -1,
      1632, 1634, 1049, -1,
      1049, 1634, 1051, -1,
      1633, 1632, 1048, -1,
      1048, 1632, 1049, -1,
      1366, 1638, 824, -1,
      824, 1638, 825, -1,
      1222, 1212, 1368, -1,
      1368, 1212, 1639, -1,
      1640, 1638, 1641, -1,
      1641, 1638, 1366, -1,
      1641, 1366, 1642, -1,
      1642, 1366, 1368, -1,
      1642, 1368, 1643, -1,
      1643, 1368, 1639, -1,
      1643, 1639, 1211, -1,
      1211, 1639, 1212, -1,
      1642, 1643, 1210, -1,
      1210, 1643, 1211, -1,
      1641, 1642, 815, -1,
      815, 1642, 1210, -1,
      1640, 1641, 814, -1,
      814, 1641, 815, -1,
      1638, 1640, 825, -1,
      825, 1640, 814, -1,
      589, 1363, 590, -1,
      590, 1363, 1358, -1,
      1362, 618, 1359, -1,
      1359, 618, 604, -1,
      1362, 1359, 1363, -1,
      1363, 1359, 1358, -1,
      1644, 736, 1645, -1,
      1645, 736, 735, -1,
      1645, 735, 1646, -1,
      1646, 735, 734, -1,
      1646, 734, 1647, -1,
      1647, 734, 732, -1,
      1647, 732, 1648, -1,
      1648, 732, 731, -1,
      1648, 731, 1649, -1,
      1649, 731, 700, -1,
      1649, 700, 1650, -1,
      1650, 700, 699, -1,
      1650, 699, 1651, -1,
      1651, 699, 730, -1,
      1651, 730, 1652, -1,
      1652, 730, 729, -1,
      1652, 729, 1653, -1,
      1653, 729, 728, -1,
      1653, 728, 1654, -1,
      1654, 728, 741, -1,
      1654, 741, 1655, -1,
      1655, 741, 740, -1,
      1655, 740, 1656, -1,
      1656, 740, 739, -1,
      1656, 739, 1657, -1,
      1657, 739, 709, -1,
      1657, 709, 1658, -1,
      1658, 709, 708, -1,
      1658, 708, 1659, -1,
      1659, 708, 707, -1,
      1659, 707, 1660, -1,
      1660, 707, 701, -1,
      1660, 701, 1661, -1,
      1661, 701, 703, -1,
      1661, 703, 1662, -1,
      1662, 703, 705, -1,
      1662, 705, 1663, -1,
      1663, 705, 706, -1,
      1663, 706, 1664, -1,
      1664, 706, 768, -1,
      1664, 768, 1665, -1,
      1665, 768, 767, -1,
      1665, 767, 1666, -1,
      1666, 767, 766, -1,
      1666, 766, 1667, -1,
      1667, 766, 737, -1,
      1667, 737, 1644, -1,
      1644, 737, 736, -1,
      1668, 1669, 1670, -1,
      1671, 1669, 1668, -1,
      1668, 1672, 1673, -1,
      1674, 1672, 1668, -1,
      1670, 1674, 1668, -1,
      1668, 1675, 1676, -1,
      1677, 1675, 1668, -1,
      1673, 1677, 1668, -1,
      1668, 1678, 1679, -1,
      1680, 1678, 1668, -1,
      1676, 1680, 1668, -1,
      1668, 1681, 1682, -1,
      1683, 1681, 1668, -1,
      1679, 1683, 1668, -1,
      1668, 1684, 1685, -1,
      1686, 1684, 1668, -1,
      1682, 1686, 1668, -1,
      1668, 1687, 1688, -1,
      1689, 1687, 1668, -1,
      1685, 1689, 1668, -1,
      1668, 1690, 1691, -1,
      1692, 1690, 1668, -1,
      1688, 1692, 1668, -1,
      1691, 1671, 1668, -1,
      1671, 1693, 1669, -1,
      1669, 1693, 1694, -1,
      1669, 1694, 1670, -1,
      1670, 1694, 1695, -1,
      1670, 1695, 1674, -1,
      1674, 1695, 1696, -1,
      1674, 1696, 1672, -1,
      1672, 1696, 1697, -1,
      1672, 1697, 1673, -1,
      1673, 1697, 1698, -1,
      1673, 1698, 1677, -1,
      1677, 1698, 1699, -1,
      1677, 1699, 1675, -1,
      1675, 1699, 1700, -1,
      1675, 1700, 1676, -1,
      1676, 1700, 1701, -1,
      1676, 1701, 1680, -1,
      1680, 1701, 1702, -1,
      1680, 1702, 1678, -1,
      1678, 1702, 1703, -1,
      1678, 1703, 1679, -1,
      1679, 1703, 1704, -1,
      1679, 1704, 1683, -1,
      1683, 1704, 1705, -1,
      1683, 1705, 1681, -1,
      1681, 1705, 1706, -1,
      1681, 1706, 1682, -1,
      1682, 1706, 1707, -1,
      1682, 1707, 1686, -1,
      1686, 1707, 1708, -1,
      1686, 1708, 1684, -1,
      1684, 1708, 1709, -1,
      1684, 1709, 1685, -1,
      1685, 1709, 1710, -1,
      1685, 1710, 1689, -1,
      1689, 1710, 1711, -1,
      1689, 1711, 1687, -1,
      1687, 1711, 1712, -1,
      1687, 1712, 1688, -1,
      1688, 1712, 1713, -1,
      1688, 1713, 1692, -1,
      1692, 1713, 1714, -1,
      1692, 1714, 1690, -1,
      1690, 1714, 1715, -1,
      1690, 1715, 1691, -1,
      1691, 1715, 1716, -1,
      1691, 1716, 1671, -1,
      1671, 1716, 1693, -1,
      1716, 1717, 1693, -1,
      1693, 1717, 1718, -1,
      1693, 1718, 1694, -1,
      1694, 1718, 1719, -1,
      1694, 1719, 1695, -1,
      1695, 1719, 1720, -1,
      1695, 1720, 1696, -1,
      1696, 1720, 1721, -1,
      1696, 1721, 1697, -1,
      1697, 1721, 1722, -1,
      1697, 1722, 1698, -1,
      1698, 1722, 1723, -1,
      1698, 1723, 1699, -1,
      1699, 1723, 1724, -1,
      1699, 1724, 1700, -1,
      1700, 1724, 1725, -1,
      1700, 1725, 1701, -1,
      1701, 1725, 1726, -1,
      1701, 1726, 1702, -1,
      1702, 1726, 1727, -1,
      1702, 1727, 1703, -1,
      1703, 1727, 1728, -1,
      1703, 1728, 1704, -1,
      1704, 1728, 1729, -1,
      1704, 1729, 1705, -1,
      1705, 1729, 1730, -1,
      1705, 1730, 1706, -1,
      1706, 1730, 1731, -1,
      1706, 1731, 1707, -1,
      1707, 1731, 1732, -1,
      1707, 1732, 1708, -1,
      1708, 1732, 1733, -1,
      1708, 1733, 1709, -1,
      1709, 1733, 1734, -1,
      1709, 1734, 1710, -1,
      1710, 1734, 1735, -1,
      1710, 1735, 1711, -1,
      1711, 1735, 1736, -1,
      1711, 1736, 1712, -1,
      1712, 1736, 1737, -1,
      1712, 1737, 1713, -1,
      1713, 1737, 1738, -1,
      1713, 1738, 1714, -1,
      1714, 1738, 1739, -1,
      1714, 1739, 1715, -1,
      1715, 1739, 1740, -1,
      1715, 1740, 1716, -1,
      1716, 1740, 1717, -1,
      1740, 1741, 1717, -1,
      1717, 1741, 1742, -1,
      1717, 1742, 1718, -1,
      1718, 1742, 1743, -1,
      1718, 1743, 1719, -1,
      1719, 1743, 1744, -1,
      1719, 1744, 1720, -1,
      1720, 1744, 1745, -1,
      1720, 1745, 1721, -1,
      1721, 1745, 1746, -1,
      1721, 1746, 1722, -1,
      1722, 1746, 1747, -1,
      1722, 1747, 1723, -1,
      1723, 1747, 1748, -1,
      1723, 1748, 1724, -1,
      1724, 1748, 1749, -1,
      1724, 1749, 1725, -1,
      1725, 1749, 1750, -1,
      1725, 1750, 1726, -1,
      1726, 1750, 1751, -1,
      1726, 1751, 1727, -1,
      1727, 1751, 1752, -1,
      1727, 1752, 1728, -1,
      1728, 1752, 1753, -1,
      1728, 1753, 1729, -1,
      1729, 1753, 1754, -1,
      1729, 1754, 1730, -1,
      1730, 1754, 1755, -1,
      1730, 1755, 1731, -1,
      1731, 1755, 1756, -1,
      1731, 1756, 1732, -1,
      1732, 1756, 1757, -1,
      1732, 1757, 1733, -1,
      1733, 1757, 1758, -1,
      1733, 1758, 1734, -1,
      1734, 1758, 1759, -1,
      1734, 1759, 1735, -1,
      1735, 1759, 1760, -1,
      1735, 1760, 1736, -1,
      1736, 1760, 1761, -1,
      1736, 1761, 1737, -1,
      1737, 1761, 1762, -1,
      1737, 1762, 1738, -1,
      1738, 1762, 1763, -1,
      1738, 1763, 1739, -1,
      1739, 1763, 1764, -1,
      1739, 1764, 1740, -1,
      1740, 1764, 1741, -1,
      1764, 1765, 1741, -1,
      1741, 1765, 1766, -1,
      1741, 1766, 1742, -1,
      1742, 1766, 1767, -1,
      1742, 1767, 1743, -1,
      1743, 1767, 1768, -1,
      1743, 1768, 1744, -1,
      1744, 1768, 1769, -1,
      1744, 1769, 1745, -1,
      1745, 1769, 1770, -1,
      1745, 1770, 1746, -1,
      1746, 1770, 1771, -1,
      1746, 1771, 1747, -1,
      1747, 1771, 1772, -1,
      1747, 1772, 1748, -1,
      1748, 1772, 1773, -1,
      1748, 1773, 1749, -1,
      1749, 1773, 1774, -1,
      1749, 1774, 1750, -1,
      1750, 1774, 1775, -1,
      1750, 1775, 1751, -1,
      1751, 1775, 1776, -1,
      1751, 1776, 1752, -1,
      1752, 1776, 1777, -1,
      1752, 1777, 1753, -1,
      1753, 1777, 1778, -1,
      1753, 1778, 1754, -1,
      1754, 1778, 1779, -1,
      1754, 1779, 1755, -1,
      1755, 1779, 1780, -1,
      1755, 1780, 1756, -1,
      1756, 1780, 1781, -1,
      1756, 1781, 1757, -1,
      1757, 1781, 1782, -1,
      1757, 1782, 1758, -1,
      1758, 1782, 1783, -1,
      1758, 1783, 1759, -1,
      1759, 1783, 1784, -1,
      1759, 1784, 1760, -1,
      1760, 1784, 1785, -1,
      1760, 1785, 1761, -1,
      1761, 1785, 1786, -1,
      1761, 1786, 1762, -1,
      1762, 1786, 1787, -1,
      1762, 1787, 1763, -1,
      1763, 1787, 1788, -1,
      1763, 1788, 1764, -1,
      1764, 1788, 1765, -1,
      1788, 1663, 1765, -1,
      1765, 1663, 1664, -1,
      1765, 1664, 1766, -1,
      1766, 1664, 1665, -1,
      1766, 1665, 1767, -1,
      1767, 1665, 1666, -1,
      1767, 1666, 1768, -1,
      1768, 1666, 1667, -1,
      1768, 1667, 1769, -1,
      1769, 1667, 1644, -1,
      1769, 1644, 1770, -1,
      1770, 1644, 1645, -1,
      1770, 1645, 1771, -1,
      1771, 1645, 1646, -1,
      1771, 1646, 1772, -1,
      1772, 1646, 1647, -1,
      1772, 1647, 1773, -1,
      1773, 1647, 1648, -1,
      1773, 1648, 1774, -1,
      1774, 1648, 1649, -1,
      1774, 1649, 1775, -1,
      1775, 1649, 1650, -1,
      1775, 1650, 1776, -1,
      1776, 1650, 1651, -1,
      1776, 1651, 1777, -1,
      1777, 1651, 1652, -1,
      1777, 1652, 1778, -1,
      1778, 1652, 1653, -1,
      1778, 1653, 1779, -1,
      1779, 1653, 1654, -1,
      1779, 1654, 1780, -1,
      1780, 1654, 1655, -1,
      1780, 1655, 1781, -1,
      1781, 1655, 1656, -1,
      1781, 1656, 1782, -1,
      1782, 1656, 1657, -1,
      1782, 1657, 1783, -1,
      1783, 1657, 1658, -1,
      1783, 1658, 1784, -1,
      1784, 1658, 1659, -1,
      1784, 1659, 1785, -1,
      1785, 1659, 1660, -1,
      1785, 1660, 1786, -1,
      1786, 1660, 1661, -1,
      1786, 1661, 1787, -1,
      1787, 1661, 1662, -1,
      1787, 1662, 1788, -1,
      1788, 1662, 1663, -1,
      1789, 616, 1790, -1,
      1790, 616, 625, -1,
      1790, 625, 1791, -1,
      1791, 625, 624, -1,
      1791, 624, 1792, -1,
      1792, 624, 623, -1,
      1792, 623, 1793, -1,
      1793, 623, 601, -1,
      1793, 601, 1794, -1,
      1794, 601, 600, -1,
      1794, 600, 1795, -1,
      1795, 600, 599, -1,
      1795, 599, 1796, -1,
      1796, 599, 622, -1,
      1796, 622, 1797, -1,
      1797, 622, 621, -1,
      1797, 621, 1798, -1,
      1798, 621, 620, -1,
      1798, 620, 1799, -1,
      1799, 620, 632, -1,
      1799, 632, 1800, -1,
      1800, 632, 631, -1,
      1800, 631, 1801, -1,
      1801, 631, 630, -1,
      1801, 630, 1802, -1,
      1802, 630, 629, -1,
      1802, 629, 1803, -1,
      1803, 629, 628, -1,
      1803, 628, 1804, -1,
      1804, 628, 627, -1,
      1804, 627, 1805, -1,
      1805, 627, 626, -1,
      1805, 626, 1806, -1,
      1806, 626, 662, -1,
      1806, 662, 1807, -1,
      1807, 662, 661, -1,
      1807, 661, 1808, -1,
      1808, 661, 660, -1,
      1808, 660, 1809, -1,
      1809, 660, 649, -1,
      1809, 649, 1810, -1,
      1810, 649, 648, -1,
      1810, 648, 1811, -1,
      1811, 648, 647, -1,
      1811, 647, 1812, -1,
      1812, 647, 617, -1,
      1812, 617, 1789, -1,
      1789, 617, 616, -1,
      1813, 1814, 1815, -1,
      1816, 1814, 1813, -1,
      1813, 1817, 1818, -1,
      1819, 1817, 1813, -1,
      1815, 1819, 1813, -1,
      1813, 1820, 1821, -1,
      1822, 1820, 1813, -1,
      1818, 1822, 1813, -1,
      1813, 1823, 1824, -1,
      1825, 1823, 1813, -1,
      1821, 1825, 1813, -1,
      1813, 1826, 1827, -1,
      1828, 1826, 1813, -1,
      1824, 1828, 1813, -1,
      1813, 1829, 1830, -1,
      1831, 1829, 1813, -1,
      1827, 1831, 1813, -1,
      1813, 1832, 1833, -1,
      1834, 1832, 1813, -1,
      1830, 1834, 1813, -1,
      1813, 1835, 1836, -1,
      1837, 1835, 1813, -1,
      1833, 1837, 1813, -1,
      1836, 1816, 1813, -1,
      1816, 1838, 1814, -1,
      1814, 1838, 1839, -1,
      1814, 1839, 1815, -1,
      1815, 1839, 1840, -1,
      1815, 1840, 1819, -1,
      1819, 1840, 1841, -1,
      1819, 1841, 1817, -1,
      1817, 1841, 1842, -1,
      1817, 1842, 1818, -1,
      1818, 1842, 1843, -1,
      1818, 1843, 1822, -1,
      1822, 1843, 1844, -1,
      1822, 1844, 1820, -1,
      1820, 1844, 1845, -1,
      1820, 1845, 1821, -1,
      1821, 1845, 1846, -1,
      1821, 1846, 1825, -1,
      1825, 1846, 1847, -1,
      1825, 1847, 1823, -1,
      1823, 1847, 1848, -1,
      1823, 1848, 1824, -1,
      1824, 1848, 1849, -1,
      1824, 1849, 1828, -1,
      1828, 1849, 1850, -1,
      1828, 1850, 1826, -1,
      1826, 1850, 1851, -1,
      1826, 1851, 1827, -1,
      1827, 1851, 1852, -1,
      1827, 1852, 1831, -1,
      1831, 1852, 1853, -1,
      1831, 1853, 1829, -1,
      1829, 1853, 1854, -1,
      1829, 1854, 1830, -1,
      1830, 1854, 1855, -1,
      1830, 1855, 1834, -1,
      1834, 1855, 1856, -1,
      1834, 1856, 1832, -1,
      1832, 1856, 1857, -1,
      1832, 1857, 1833, -1,
      1833, 1857, 1858, -1,
      1833, 1858, 1837, -1,
      1837, 1858, 1859, -1,
      1837, 1859, 1835, -1,
      1835, 1859, 1860, -1,
      1835, 1860, 1836, -1,
      1836, 1860, 1861, -1,
      1836, 1861, 1816, -1,
      1816, 1861, 1838, -1,
      1861, 1862, 1838, -1,
      1838, 1862, 1863, -1,
      1838, 1863, 1839, -1,
      1839, 1863, 1864, -1,
      1839, 1864, 1840, -1,
      1840, 1864, 1865, -1,
      1840, 1865, 1841, -1,
      1841, 1865, 1866, -1,
      1841, 1866, 1842, -1,
      1842, 1866, 1867, -1,
      1842, 1867, 1843, -1,
      1843, 1867, 1868, -1,
      1843, 1868, 1844, -1,
      1844, 1868, 1869, -1,
      1844, 1869, 1845, -1,
      1845, 1869, 1870, -1,
      1845, 1870, 1846, -1,
      1846, 1870, 1871, -1,
      1846, 1871, 1847, -1,
      1847, 1871, 1872, -1,
      1847, 1872, 1848, -1,
      1848, 1872, 1873, -1,
      1848, 1873, 1849, -1,
      1849, 1873, 1874, -1,
      1849, 1874, 1850, -1,
      1850, 1874, 1875, -1,
      1850, 1875, 1851, -1,
      1851, 1875, 1876, -1,
      1851, 1876, 1852, -1,
      1852, 1876, 1877, -1,
      1852, 1877, 1853, -1,
      1853, 1877, 1878, -1,
      1853, 1878, 1854, -1,
      1854, 1878, 1879, -1,
      1854, 1879, 1855, -1,
      1855, 1879, 1880, -1,
      1855, 1880, 1856, -1,
      1856, 1880, 1881, -1,
      1856, 1881, 1857, -1,
      1857, 1881, 1882, -1,
      1857, 1882, 1858, -1,
      1858, 1882, 1883, -1,
      1858, 1883, 1859, -1,
      1859, 1883, 1884, -1,
      1859, 1884, 1860, -1,
      1860, 1884, 1885, -1,
      1860, 1885, 1861, -1,
      1861, 1885, 1862, -1,
      1885, 1886, 1862, -1,
      1862, 1886, 1887, -1,
      1862, 1887, 1863, -1,
      1863, 1887, 1888, -1,
      1863, 1888, 1864, -1,
      1864, 1888, 1889, -1,
      1864, 1889, 1865, -1,
      1865, 1889, 1890, -1,
      1865, 1890, 1866, -1,
      1866, 1890, 1891, -1,
      1866, 1891, 1867, -1,
      1867, 1891, 1892, -1,
      1867, 1892, 1868, -1,
      1868, 1892, 1893, -1,
      1868, 1893, 1869, -1,
      1869, 1893, 1894, -1,
      1869, 1894, 1870, -1,
      1870, 1894, 1895, -1,
      1870, 1895, 1871, -1,
      1871, 1895, 1896, -1,
      1871, 1896, 1872, -1,
      1872, 1896, 1897, -1,
      1872, 1897, 1873, -1,
      1873, 1897, 1898, -1,
      1873, 1898, 1874, -1,
      1874, 1898, 1899, -1,
      1874, 1899, 1875, -1,
      1875, 1899, 1900, -1,
      1875, 1900, 1876, -1,
      1876, 1900, 1901, -1,
      1876, 1901, 1877, -1,
      1877, 1901, 1902, -1,
      1877, 1902, 1878, -1,
      1878, 1902, 1903, -1,
      1878, 1903, 1879, -1,
      1879, 1903, 1904, -1,
      1879, 1904, 1880, -1,
      1880, 1904, 1905, -1,
      1880, 1905, 1881, -1,
      1881, 1905, 1906, -1,
      1881, 1906, 1882, -1,
      1882, 1906, 1907, -1,
      1882, 1907, 1883, -1,
      1883, 1907, 1908, -1,
      1883, 1908, 1884, -1,
      1884, 1908, 1909, -1,
      1884, 1909, 1885, -1,
      1885, 1909, 1886, -1,
      1909, 1910, 1886, -1,
      1886, 1910, 1911, -1,
      1886, 1911, 1887, -1,
      1887, 1911, 1912, -1,
      1887, 1912, 1888, -1,
      1888, 1912, 1913, -1,
      1888, 1913, 1889, -1,
      1889, 1913, 1914, -1,
      1889, 1914, 1890, -1,
      1890, 1914, 1915, -1,
      1890, 1915, 1891, -1,
      1891, 1915, 1916, -1,
      1891, 1916, 1892, -1,
      1892, 1916, 1917, -1,
      1892, 1917, 1893, -1,
      1893, 1917, 1918, -1,
      1893, 1918, 1894, -1,
      1894, 1918, 1919, -1,
      1894, 1919, 1895, -1,
      1895, 1919, 1920, -1,
      1895, 1920, 1896, -1,
      1896, 1920, 1921, -1,
      1896, 1921, 1897, -1,
      1897, 1921, 1922, -1,
      1897, 1922, 1898, -1,
      1898, 1922, 1923, -1,
      1898, 1923, 1899, -1,
      1899, 1923, 1924, -1,
      1899, 1924, 1900, -1,
      1900, 1924, 1925, -1,
      1900, 1925, 1901, -1,
      1901, 1925, 1926, -1,
      1901, 1926, 1902, -1,
      1902, 1926, 1927, -1,
      1902, 1927, 1903, -1,
      1903, 1927, 1928, -1,
      1903, 1928, 1904, -1,
      1904, 1928, 1929, -1,
      1904, 1929, 1905, -1,
      1905, 1929, 1930, -1,
      1905, 1930, 1906, -1,
      1906, 1930, 1931, -1,
      1906, 1931, 1907, -1,
      1907, 1931, 1932, -1,
      1907, 1932, 1908, -1,
      1908, 1932, 1933, -1,
      1908, 1933, 1909, -1,
      1909, 1933, 1910, -1,
      1933, 1808, 1910, -1,
      1910, 1808, 1809, -1,
      1910, 1809, 1911, -1,
      1911, 1809, 1810, -1,
      1911, 1810, 1912, -1,
      1912, 1810, 1811, -1,
      1912, 1811, 1913, -1,
      1913, 1811, 1812, -1,
      1913, 1812, 1914, -1,
      1914, 1812, 1789, -1,
      1914, 1789, 1915, -1,
      1915, 1789, 1790, -1,
      1915, 1790, 1916, -1,
      1916, 1790, 1791, -1,
      1916, 1791, 1917, -1,
      1917, 1791, 1792, -1,
      1917, 1792, 1918, -1,
      1918, 1792, 1793, -1,
      1918, 1793, 1919, -1,
      1919, 1793, 1794, -1,
      1919, 1794, 1920, -1,
      1920, 1794, 1795, -1,
      1920, 1795, 1921, -1,
      1921, 1795, 1796, -1,
      1921, 1796, 1922, -1,
      1922, 1796, 1797, -1,
      1922, 1797, 1923, -1,
      1923, 1797, 1798, -1,
      1923, 1798, 1924, -1,
      1924, 1798, 1799, -1,
      1924, 1799, 1925, -1,
      1925, 1799, 1800, -1,
      1925, 1800, 1926, -1,
      1926, 1800, 1801, -1,
      1926, 1801, 1927, -1,
      1927, 1801, 1802, -1,
      1927, 1802, 1928, -1,
      1928, 1802, 1803, -1,
      1928, 1803, 1929, -1,
      1929, 1803, 1804, -1,
      1929, 1804, 1930, -1,
      1930, 1804, 1805, -1,
      1930, 1805, 1931, -1,
      1931, 1805, 1806, -1,
      1931, 1806, 1932, -1,
      1932, 1806, 1807, -1,
      1932, 1807, 1933, -1,
      1933, 1807, 1808, -1,
    ]
  }
}

Shape {
  appearance Appearance {
    material Material {
      diffuseColor 1.0000 1.0000 1.0000
      specularColor 0.5020 0.5020 0.5020
      ambientIntensity 0.2
      transparency 0.0000
      shininess 0.5
    }
  }
  geometry IndexedFaceSet {
    ccw TRUE
    solid FALSE
    coord DEF co Coordinate {
      point [
        2.893345 1.844893 0.663618,
        2.893345 1.844893 0.545383,
        2.840197 1.844893 0.545383,
        2.910572 1.844893 0.530169,
        2.910572 1.844893 0.663618,
        2.840197 1.844893 0.530169,
        2.840197 1.848830 0.545383,
        2.840197 1.848830 0.530169,
        2.893345 1.848830 0.545383,
        2.893345 1.848830 0.663618,
        2.910572 1.848830 0.663618,
        2.910572 1.848830 0.530169,
      ]
    }
    coordIndex [
      6, 7, 2, -1,
      2, 7, 5, -1,
      8, 6, 1, -1,
      1, 6, 2, -1,
      9, 8, 0, -1,
      0, 8, 1, -1,
      10, 9, 4, -1,
      4, 9, 0, -1,
      11, 10, 3, -1,
      3, 10, 4, -1,
      7, 11, 5, -1,
      5, 11, 3, -1,
      9, 10, 8, -1,
      8, 10, 11, -1,
      8, 11, 6, -1,
      6, 11, 7, -1,
    ]
  }
}

Shape {
  appearance Appearance {
    material Material {
      diffuseColor 1.0000 1.0000 0.0000
      specularColor 0.8784 0.8784 0.0000
      ambientIntensity 0.2
      transparency 0.0000
      shininess 0.5
    }
  }
  geometry IndexedFaceSet {
    ccw TRUE
    solid FALSE
    coord DEF co Coordinate {
      point [
        -0.926000 1.844893 -0.599893,
        -1.042900 1.844893 -0.599893,
        -1.122900 1.844893 -0.599893,
        -1.436700 1.844893 -0.599893,
        -1.516700 1.844893 -0.599893,
        -1.633600 1.844893 -0.599893,
        -1.713600 1.844893 -0.599893,
        -2.027400 1.844893 -0.599893,
        -2.107400 1.844893 -0.599893,
        -2.224300 1.844893 -0.599893,
        -2.304300 1.844893 -0.599893,
        -2.618100 1.844893 -0.599893,
        -2.698100 1.844893 -0.599893,
        -2.815000 1.844893 -0.599893,
        -2.895000 1.844893 -0.599893,
        2.107500 1.844893 -0.599893,
        2.027500 1.844893 -0.599893,
        1.910600 1.844893 -0.599893,
        1.830600 1.844893 -0.599893,
        1.516800 1.844893 -0.599893,
        1.436800 1.844893 -0.599893,
        1.319900 1.844893 -0.599893,
        1.239900 1.844893 -0.599893,
        0.926100 1.844893 -0.599893,
        0.846100 1.844893 -0.599893,
        0.729200 1.844893 -0.599893,
        0.649200 1.844893 -0.599893,
        0.335400 1.844893 -0.599893,
        0.255400 1.844893 -0.599893,
        0.138500 1.844893 -0.599893,
        0.058500 1.844893 -0.599893,
        -0.255300 1.844893 -0.599893,
        -0.335300 1.844893 -0.599893,
        -0.452200 1.844893 -0.599893,
        -0.532200 1.844893 -0.599893,
        -0.846000 1.844893 -0.599893,
        -0.864809 1.844893 -0.599893,
        2.421300 1.844893 -0.599893,
        2.456616 1.844893 -0.599893,
        2.498779 1.844893 -0.599893,
        2.501300 1.844893 -0.599893,
        2.698200 1.844893 -0.599893,
        2.654845 1.844893 -0.599893,
        2.623734 1.844893 -0.599893,
        2.618200 1.844893 -0.599893,
        1.239900 0.109893 -0.665956,
        1.239900 -0.405107 -0.665956,
        0.926100 -0.405107 -0.665956,
        1.910600 1.229893 -0.665956,
        1.910600 1.744893 -0.665956,
        2.027500 1.744893 -0.665956,
        2.421300 0.109893 -0.665956,
        2.421300 -0.405107 -0.665956,
        2.107500 -0.405107 -0.665956,
        2.501300 1.229893 -0.665956,
        2.501300 1.744893 -0.665956,
        2.618200 1.744893 -0.665956,
        2.107500 1.744893 -0.665956,
        2.421300 1.744893 -0.665956,
        2.107500 1.229893 -0.665956,
        2.421300 1.229893 -0.665956,
        2.698200 1.744893 -0.665956,
        2.698200 1.229893 -0.665956,
        2.618200 1.229893 -0.665956,
        2.698200 -0.405107 -0.665956,
        2.698200 0.109893 -0.665956,
        2.618200 0.109893 -0.665956,
        2.027500 -0.405107 -0.665956,
        1.910600 -0.405107 -0.665956,
        2.027500 0.109893 -0.665956,
        1.910600 0.109893 -0.665956,
        2.027500 1.229893 -0.665956,
        2.107500 0.109893 -0.665956,
        2.501300 0.109893 -0.665956,
        2.501300 -0.405107 -0.665956,
        2.618200 -0.405107 -0.665956,
        1.830600 -0.405107 -0.665956,
        1.516800 -0.405107 -0.665956,
        1.830600 0.109893 -0.665956,
        1.516800 0.109893 -0.665956,
        0.926100 0.109893 -0.665956,
        0.846100 0.109893 -0.665956,
        0.649200 0.109893 -0.665956,
        0.649200 -0.405107 -0.665956,
        0.335400 -0.405107 -0.665956,
        1.436800 -0.405107 -0.665956,
        1.319900 -0.405107 -0.665956,
        1.436800 0.109893 -0.665956,
        1.319900 0.109893 -0.665956,
        0.335400 0.109893 -0.665956,
        0.255400 0.109893 -0.665956,
        -0.926000 -0.405107 -0.665956,
        -1.042900 -0.405107 -0.665956,
        -0.926000 0.109893 -0.665956,
        -1.042900 0.109893 -0.665956,
        -0.532200 0.109893 -0.665956,
        -0.532200 -0.405107 -0.665956,
        -0.846000 -0.405107 -0.665956,
        0.058500 0.109893 -0.665956,
        0.058500 -0.405107 -0.665956,
        -0.255300 -0.405107 -0.665956,
        0.846100 -0.405107 -0.665956,
        0.729200 -0.405107 -0.665956,
        0.729200 0.109893 -0.665956,
        -0.846000 0.109893 -0.665956,
        -1.122900 0.109893 -0.665956,
        -0.926000 1.229893 -0.665956,
        -0.846000 1.229893 -0.665956,
        0.729200 1.229893 -0.665956,
        0.729200 1.744893 -0.665956,
        0.846100 1.744893 -0.665956,
        -0.846000 1.744893 -0.665956,
        -0.532200 1.744893 -0.665956,
        -0.532200 1.229893 -0.665956,
        -0.452200 1.229893 -0.665956,
        -0.255300 0.109893 -0.665956,
        -0.335300 0.109893 -0.665956,
        -1.516700 0.109893 -0.665956,
        -1.516700 -0.405107 -0.665956,
        -1.633600 -0.405107 -0.665956,
        1.830600 1.229893 -0.665956,
        0.255400 -0.405107 -0.665956,
        0.138500 -0.405107 -0.665956,
        0.138500 0.109893 -0.665956,
        -0.452200 0.109893 -0.665956,
        -0.452200 -0.405107 -0.665956,
        -0.335300 -0.405107 -0.665956,
        -1.042900 1.229893 -0.665956,
        -1.042900 1.744893 -0.665956,
        -0.926000 1.744893 -0.665956,
        -2.895000 1.744893 -0.665956,
        -2.895000 1.229893 -0.665956,
        -1.633600 0.109893 -0.665956,
        -1.713600 0.109893 -0.665956,
        -0.452200 1.744893 -0.665956,
        -0.335300 1.744893 -0.665956,
        -0.335300 1.229893 -0.665956,
        -0.255300 1.229893 -0.665956,
        0.846100 1.229893 -0.665956,
        0.926100 1.229893 -0.665956,
        1.516800 1.229893 -0.665956,
        1.516800 1.744893 -0.665956,
        1.830600 1.744893 -0.665956,
        -1.436700 0.109893 -0.665956,
        -1.436700 -0.405107 -0.665956,
        -1.122900 -0.405107 -0.665956,
        -0.255300 1.744893 -0.665956,
        0.058500 1.744893 -0.665956,
        0.058500 1.229893 -0.665956,
        0.138500 1.229893 -0.665956,
        0.138500 1.744893 -0.665956,
        0.255400 1.744893 -0.665956,
        0.255400 1.229893 -0.665956,
        0.335400 1.229893 -0.665956,
        0.335400 1.744893 -0.665956,
        0.649200 1.744893 -0.665956,
        0.649200 1.229893 -0.665956,
        -2.815000 1.229893 -0.665956,
        -2.107400 0.109893 -0.665956,
        -2.107400 -0.405107 -0.665956,
        -2.224300 -0.405107 -0.665956,
        0.926100 1.744893 -0.665956,
        1.239900 1.744893 -0.665956,
        1.239900 1.229893 -0.665956,
        1.319900 1.229893 -0.665956,
        -2.815000 1.744893 -0.665956,
        -2.698100 1.744893 -0.665956,
        -2.698100 1.229893 -0.665956,
        -2.618100 1.229893 -0.665956,
        -2.224300 0.109893 -0.665956,
        -2.304300 0.109893 -0.665956,
        1.436800 1.229893 -0.665956,
        1.436800 1.744893 -0.665956,
        1.319900 1.744893 -0.665956,
        -2.027400 0.109893 -0.665956,
        -2.027400 -0.405107 -0.665956,
        -1.713600 -0.405107 -0.665956,
        -2.618100 1.744893 -0.665956,
        -2.304300 1.744893 -0.665956,
        -2.304300 1.229893 -0.665956,
        -2.224300 1.229893 -0.665956,
        -2.698100 0.109893 -0.665956,
        -2.698100 -0.405107 -0.665956,
        -2.815000 -0.405107 -0.665956,
        -2.224300 1.744893 -0.665956,
        -2.107400 1.744893 -0.665956,
        -2.107400 1.229893 -0.665956,
        -2.027400 1.229893 -0.665956,
        -2.815000 0.109893 -0.665956,
        -2.895000 0.109893 -0.665956,
        -2.618100 0.109893 -0.665956,
        -2.618100 -0.405107 -0.665956,
        -2.304300 -0.405107 -0.665956,
        -2.027400 1.744893 -0.665956,
        -1.713600 1.744893 -0.665956,
        -1.713600 1.229893 -0.665956,
        -1.633600 1.229893 -0.665956,
        -2.895000 -0.405107 -0.665956,
        -1.633600 1.744893 -0.665956,
        -1.516700 1.744893 -0.665956,
        -1.516700 1.229893 -0.665956,
        -1.436700 1.229893 -0.665956,
        -1.436700 1.744893 -0.665956,
        -1.122900 1.744893 -0.665956,
        -1.122900 1.229893 -0.665956,
        2.698200 1.599893 -0.049893,
        2.501300 1.599893 -0.049893,
        2.107500 1.599893 -0.049893,
        1.910600 1.599893 -0.049893,
        -2.895000 1.444893 -0.049893,
        -2.895000 1.599893 -0.049893,
        -2.815000 1.599893 -0.049893,
        -2.815000 1.444893 -0.049893,
        -2.698100 1.444893 -0.049893,
        -2.618100 1.444893 -0.049893,
        -2.618100 1.599893 -0.049893,
        -2.698100 1.599893 -0.049893,
        -2.304300 1.444893 -0.049893,
        -2.224300 1.444893 -0.049893,
        -2.224300 1.599893 -0.049893,
        -2.304300 1.599893 -0.049893,
        -2.107400 1.444893 -0.049893,
        -2.027400 1.444893 -0.049893,
        -2.027400 1.599893 -0.049893,
        -2.107400 1.599893 -0.049893,
        -1.713600 1.444893 -0.049893,
        -1.633600 1.444893 -0.049893,
        -1.633600 1.599893 -0.049893,
        -1.713600 1.599893 -0.049893,
        -1.516700 1.444893 -0.049893,
        -1.436700 1.444893 -0.049893,
        -1.436700 1.599893 -0.049893,
        -1.516700 1.599893 -0.049893,
        -1.122900 1.444893 -0.049893,
        -1.042900 1.444893 -0.049893,
        -1.042900 1.599893 -0.049893,
        -1.122900 1.599893 -0.049893,
        -0.926000 1.444893 -0.049893,
        -0.846000 1.444893 -0.049893,
        -0.846000 1.599893 -0.049893,
        -0.926000 1.599893 -0.049893,
        -0.532200 1.444893 -0.049893,
        -0.452200 1.444893 -0.049893,
        -0.452200 1.599893 -0.049893,
        -0.532200 1.599893 -0.049893,
        -0.335300 1.444893 -0.049893,
        -0.255300 1.444893 -0.049893,
        -0.255300 1.599893 -0.049893,
        -0.335300 1.599893 -0.049893,
        0.058500 1.444893 -0.049893,
        0.138500 1.444893 -0.049893,
        0.138500 1.599893 -0.049893,
        0.058500 1.599893 -0.049893,
        0.255400 1.444893 -0.049893,
        0.335400 1.444893 -0.049893,
        0.335400 1.599893 -0.049893,
        0.255400 1.599893 -0.049893,
        0.649200 1.444893 -0.049893,
        0.729200 1.444893 -0.049893,
        0.729200 1.599893 -0.049893,
        0.649200 1.599893 -0.049893,
        0.846100 1.444893 -0.049893,
        0.926100 1.444893 -0.049893,
        0.926100 1.599893 -0.049893,
        0.846100 1.599893 -0.049893,
        1.239900 1.444893 -0.049893,
        1.319900 1.444893 -0.049893,
        1.319900 1.599893 -0.049893,
        1.239900 1.599893 -0.049893,
        1.830600 1.599893 -0.049893,
        1.910600 1.444893 -0.049893,
        1.830600 1.444893 -0.049893,
        1.436800 1.444893 -0.049893,
        1.516800 1.444893 -0.049893,
        1.516800 1.599893 -0.049893,
        1.436800 1.599893 -0.049893,
        2.027500 1.599893 -0.049893,
        2.107500 1.444893 -0.049893,
        2.027500 1.444893 -0.049893,
        2.421300 1.599893 -0.049893,
        2.501300 1.444893 -0.049893,
        2.421300 1.444893 -0.049893,
        2.618200 1.599893 -0.049893,
        2.698200 1.444893 -0.049893,
        2.618200 1.444893 -0.049893,
        2.618200 -0.105107 -0.049893,
        2.698200 -0.105107 -0.049893,
        2.698200 -0.260107 -0.049893,
        2.618200 -0.260107 -0.049893,
        2.421300 -0.105107 -0.049893,
        2.501300 -0.105107 -0.049893,
        2.501300 -0.260107 -0.049893,
        2.421300 -0.260107 -0.049893,
        2.027500 -0.105107 -0.049893,
        2.107500 -0.105107 -0.049893,
        2.107500 -0.260107 -0.049893,
        2.027500 -0.260107 -0.049893,
        1.436800 -0.105107 -0.049893,
        1.516800 -0.105107 -0.049893,
        1.516800 -0.260107 -0.049893,
        1.436800 -0.260107 -0.049893,
        1.910600 -0.105107 -0.049893,
        1.910600 -0.260107 -0.049893,
        1.830600 -0.260107 -0.049893,
        1.830600 -0.105107 -0.049893,
        1.239900 -0.105107 -0.049893,
        1.319900 -0.105107 -0.049893,
        1.319900 -0.260107 -0.049893,
        1.239900 -0.260107 -0.049893,
        0.846100 -0.105107 -0.049893,
        0.926100 -0.105107 -0.049893,
        0.926100 -0.260107 -0.049893,
        0.846100 -0.260107 -0.049893,
        0.649200 -0.105107 -0.049893,
        0.729200 -0.105107 -0.049893,
        0.729200 -0.260107 -0.049893,
        0.649200 -0.260107 -0.049893,
        0.058500 -0.105107 -0.049893,
        0.138500 -0.105107 -0.049893,
        0.138500 -0.260107 -0.049893,
        0.058500 -0.260107 -0.049893,
        0.335400 -0.105107 -0.049893,
        0.335400 -0.260107 -0.049893,
        0.255400 -0.260107 -0.049893,
        0.255400 -0.105107 -0.049893,
        -0.335300 -0.105107 -0.049893,
        -0.255300 -0.105107 -0.049893,
        -0.255300 -0.260107 -0.049893,
        -0.335300 -0.260107 -0.049893,
        -0.532200 -0.105107 -0.049893,
        -0.452200 -0.105107 -0.049893,
        -0.452200 -0.260107 -0.049893,
        -0.532200 -0.260107 -0.049893,
        -0.926000 -0.105107 -0.049893,
        -0.846000 -0.105107 -0.049893,
        -0.846000 -0.260107 -0.049893,
        -0.926000 -0.260107 -0.049893,
        -1.516700 -0.105107 -0.049893,
        -1.436700 -0.105107 -0.049893,
        -1.436700 -0.260107 -0.049893,
        -1.516700 -0.260107 -0.049893,
        -1.042900 -0.105107 -0.049893,
        -1.042900 -0.260107 -0.049893,
        -1.122900 -0.260107 -0.049893,
        -1.122900 -0.105107 -0.049893,
        -1.713600 -0.105107 -0.049893,
        -1.633600 -0.105107 -0.049893,
        -1.633600 -0.260107 -0.049893,
        -1.713600 -0.260107 -0.049893,
        -2.107400 -0.105107 -0.049893,
        -2.027400 -0.105107 -0.049893,
        -2.027400 -0.260107 -0.049893,
        -2.107400 -0.260107 -0.049893,
        -2.304300 -0.105107 -0.049893,
        -2.224300 -0.105107 -0.049893,
        -2.224300 -0.260107 -0.049893,
        -2.304300 -0.260107 -0.049893,
        -2.618100 -0.105107 -0.049893,
        -2.618100 -0.260107 -0.049893,
        -2.698100 -0.260107 -0.049893,
        -2.698100 -0.105107 -0.049893,
        -2.815000 -0.105107 -0.049893,
        -2.895000 -0.105107 -0.049893,
        -2.895000 -0.260107 -0.049893,
        -2.815000 -0.260107 -0.049893,
        2.698200 1.744893 -0.599893,
        -2.895000 1.744893 -0.599893,
        2.618200 1.744893 -0.599893,
        2.501300 1.744893 -0.599893,
        2.421300 1.744893 -0.599893,
        2.107500 1.744893 -0.599893,
        2.027500 1.744893 -0.599893,
        1.910600 1.744893 -0.599893,
        1.830600 1.744893 -0.599893,
        1.516800 1.744893 -0.599893,
        1.436800 1.744893 -0.599893,
        1.319900 1.744893 -0.599893,
        1.239900 1.744893 -0.599893,
        0.926100 1.744893 -0.599893,
        0.846100 1.744893 -0.599893,
        0.729200 1.744893 -0.599893,
        0.649200 1.744893 -0.599893,
        0.335400 1.744893 -0.599893,
        0.255400 1.744893 -0.599893,
        0.138500 1.744893 -0.599893,
        0.058500 1.744893 -0.599893,
        -0.255300 1.744893 -0.599893,
        -0.335300 1.744893 -0.599893,
        -0.452200 1.744893 -0.599893,
        -0.532200 1.744893 -0.599893,
        -0.846000 1.744893 -0.599893,
        -0.926000 1.744893 -0.599893,
        -1.042900 1.744893 -0.599893,
        -1.122900 1.744893 -0.599893,
        -1.436700 1.744893 -0.599893,
        -1.516700 1.744893 -0.599893,
        -1.633600 1.744893 -0.599893,
        -1.713600 1.744893 -0.599893,
        -2.027400 1.744893 -0.599893,
        -2.107400 1.744893 -0.599893,
        -2.224300 1.744893 -0.599893,
        -2.304300 1.744893 -0.599893,
        -2.618100 1.744893 -0.599893,
        -2.815000 1.744893 -0.599893,
        -2.698100 1.744893 -0.599893,
        2.698200 -0.405107 -0.599893,
        2.698200 -0.505107 -0.599893,
        2.618200 -0.505107 -0.599893,
        2.501300 -0.505107 -0.599893,
        2.618200 -0.405107 -0.599893,
        2.501300 -0.405107 -0.599893,
        2.421300 -0.505107 -0.599893,
        2.107500 -0.505107 -0.599893,
        2.421300 -0.405107 -0.599893,
        2.107500 -0.405107 -0.599893,
        2.027500 -0.505107 -0.599893,
        1.910600 -0.505107 -0.599893,
        2.027500 -0.405107 -0.599893,
        1.910600 -0.405107 -0.599893,
        1.830600 -0.505107 -0.599893,
        1.516800 -0.505107 -0.599893,
        1.830600 -0.405107 -0.599893,
        1.516800 -0.405107 -0.599893,
        1.436800 -0.505107 -0.599893,
        1.319900 -0.505107 -0.599893,
        1.436800 -0.405107 -0.599893,
        1.319900 -0.405107 -0.599893,
        1.239900 -0.505107 -0.599893,
        0.926100 -0.505107 -0.599893,
        1.239900 -0.405107 -0.599893,
        0.926100 -0.405107 -0.599893,
        0.846100 -0.505107 -0.599893,
        0.729200 -0.505107 -0.599893,
        0.846100 -0.405107 -0.599893,
        0.729200 -0.405107 -0.599893,
        0.649200 -0.505107 -0.599893,
        0.335400 -0.505107 -0.599893,
        0.649200 -0.405107 -0.599893,
        0.335400 -0.405107 -0.599893,
        0.255400 -0.505107 -0.599893,
        0.138500 -0.505107 -0.599893,
        0.255400 -0.405107 -0.599893,
        0.138500 -0.405107 -0.599893,
        0.058500 -0.505107 -0.599893,
        -0.255300 -0.505107 -0.599893,
        0.058500 -0.405107 -0.599893,
        -0.255300 -0.405107 -0.599893,
        -0.335300 -0.505107 -0.599893,
        -0.452200 -0.505107 -0.599893,
        -0.335300 -0.405107 -0.599893,
        -0.452200 -0.405107 -0.599893,
        -0.532200 -0.505107 -0.599893,
        -0.846000 -0.505107 -0.599893,
        -0.532200 -0.405107 -0.599893,
        -0.846000 -0.405107 -0.599893,
        -0.926000 -0.505107 -0.599893,
        -1.042900 -0.505107 -0.599893,
        -0.926000 -0.405107 -0.599893,
        -1.042900 -0.405107 -0.599893,
        -1.122900 -0.505107 -0.599893,
        -1.436700 -0.505107 -0.599893,
        -1.122900 -0.405107 -0.599893,
        -1.436700 -0.405107 -0.599893,
        -1.516700 -0.505107 -0.599893,
        -1.633600 -0.505107 -0.599893,
        -1.516700 -0.405107 -0.599893,
        -1.633600 -0.405107 -0.599893,
        -1.713600 -0.505107 -0.599893,
        -2.027400 -0.505107 -0.599893,
        -1.713600 -0.405107 -0.599893,
        -2.027400 -0.405107 -0.599893,
        -2.107400 -0.505107 -0.599893,
        -2.224300 -0.505107 -0.599893,
        -2.107400 -0.405107 -0.599893,
        -2.224300 -0.405107 -0.599893,
        -2.304300 -0.505107 -0.599893,
        -2.618100 -0.505107 -0.599893,
        -2.304300 -0.405107 -0.599893,
        -2.618100 -0.405107 -0.599893,
        -2.698100 -0.505107 -0.599893,
        -2.815000 -0.505107 -0.599893,
        -2.698100 -0.405107 -0.599893,
        -2.815000 -0.405107 -0.599893,
        -2.895000 -0.505107 -0.599893,
        -2.895000 -0.405107 -0.599893,
        -2.815000 -0.730107 -0.749893,
        -2.815000 -0.730107 -0.599893,
        -2.895000 -0.730107 -0.749893,
        -2.895000 -0.730107 -0.599893,
        -2.815000 -0.390163 -0.749893,
        -2.895000 -0.390163 -0.749893,
        -2.815000 -0.343974 -0.669893,
        -2.895000 -0.343974 -0.669893,
        -2.815000 0.109893 -0.669893,
        -2.895000 0.109893 -0.669893,
        -2.618100 -0.730107 -0.749893,
        -2.618100 -0.730107 -0.599893,
        -2.698100 -0.730107 -0.749893,
        -2.698100 -0.730107 -0.599893,
        -2.618100 -0.390163 -0.749893,
        -2.698100 -0.390163 -0.749893,
        -2.618100 -0.343974 -0.669893,
        -2.698100 -0.343974 -0.669893,
        -2.618100 0.109893 -0.669893,
        -2.698100 0.109893 -0.669893,
        -2.224300 -0.730107 -0.749893,
        -2.224300 -0.730107 -0.599893,
        -2.304300 -0.730107 -0.749893,
        -2.304300 -0.730107 -0.599893,
        -2.224300 -0.390163 -0.749893,
        -2.304300 -0.390163 -0.749893,
        -2.224300 -0.343974 -0.669893,
        -2.304300 -0.343974 -0.669893,
        -2.224300 0.109893 -0.669893,
        -2.304300 0.109893 -0.669893,
        -2.027400 -0.730107 -0.749893,
        -2.027400 -0.730107 -0.599893,
        -2.107400 -0.730107 -0.749893,
        -2.107400 -0.730107 -0.599893,
        -2.027400 -0.390163 -0.749893,
        -2.107400 -0.390163 -0.749893,
        -2.027400 -0.343974 -0.669893,
        -2.107400 -0.343974 -0.669893,
        -2.027400 0.109893 -0.669893,
        -2.107400 0.109893 -0.669893,
        -1.633600 -0.730107 -0.749893,
        -1.633600 -0.730107 -0.599893,
        -1.713600 -0.730107 -0.749893,
        -1.713600 -0.730107 -0.599893,
        -1.633600 -0.390163 -0.749893,
        -1.713600 -0.390163 -0.749893,
        -1.633600 -0.343974 -0.669893,
        -1.713600 -0.343974 -0.669893,
        -1.633600 0.109893 -0.669893,
        -1.713600 0.109893 -0.669893,
        -1.436700 -0.730107 -0.749893,
        -1.436700 -0.730107 -0.599893,
        -1.516700 -0.730107 -0.749893,
        -1.516700 -0.730107 -0.599893,
        -1.436700 -0.390163 -0.749893,
        -1.516700 -0.390163 -0.749893,
        -1.436700 -0.343974 -0.669893,
        -1.516700 -0.343974 -0.669893,
        -1.436700 0.109893 -0.669893,
        -1.516700 0.109893 -0.669893,
        -1.042900 -0.730107 -0.749893,
        -1.042900 -0.730107 -0.599893,
        -1.122900 -0.730107 -0.749893,
        -1.122900 -0.730107 -0.599893,
        -1.042900 -0.390163 -0.749893,
        -1.122900 -0.390163 -0.749893,
        -1.042900 -0.343974 -0.669893,
        -1.122900 -0.343974 -0.669893,
        -1.042900 0.109893 -0.669893,
        -1.122900 0.109893 -0.669893,
        -0.846000 -0.730107 -0.749893,
        -0.846000 -0.730107 -0.599893,
        -0.926000 -0.730107 -0.749893,
        -0.926000 -0.730107 -0.599893,
        -0.846000 -0.390163 -0.749893,
        -0.926000 -0.390163 -0.749893,
        -0.846000 -0.343974 -0.669893,
        -0.926000 -0.343974 -0.669893,
        -0.846000 0.109893 -0.669893,
        -0.926000 0.109893 -0.669893,
        -0.452200 -0.730107 -0.749893,
        -0.452200 -0.730107 -0.599893,
        -0.532200 -0.730107 -0.749893,
        -0.532200 -0.730107 -0.599893,
        -0.452200 -0.390163 -0.749893,
        -0.532200 -0.390163 -0.749893,
        -0.452200 -0.343974 -0.669893,
        -0.532200 -0.343974 -0.669893,
        -0.452200 0.109893 -0.669893,
        -0.532200 0.109893 -0.669893,
        -0.255300 -0.730107 -0.749893,
        -0.255300 -0.730107 -0.599893,
        -0.335300 -0.730107 -0.749893,
        -0.335300 -0.730107 -0.599893,
        -0.255300 -0.390163 -0.749893,
        -0.335300 -0.390163 -0.749893,
        -0.255300 -0.343974 -0.669893,
        -0.335300 -0.343974 -0.669893,
        -0.255300 0.109893 -0.669893,
        -0.335300 0.109893 -0.669893,
        0.138500 -0.730107 -0.749893,
        0.138500 -0.730107 -0.599893,
        0.058500 -0.730107 -0.749893,
        0.058500 -0.730107 -0.599893,
        0.138500 -0.390163 -0.749893,
        0.058500 -0.390163 -0.749893,
        0.138500 -0.343974 -0.669893,
        0.058500 -0.343974 -0.669893,
        0.138500 0.109893 -0.669893,
        0.058500 0.109893 -0.669893,
        0.335400 -0.730107 -0.749893,
        0.335400 -0.730107 -0.599893,
        0.255400 -0.730107 -0.749893,
        0.255400 -0.730107 -0.599893,
        0.335400 -0.390163 -0.749893,
        0.255400 -0.390163 -0.749893,
        0.335400 -0.343974 -0.669893,
        0.255400 -0.343974 -0.669893,
        0.335400 0.109893 -0.669893,
        0.255400 0.109893 -0.669893,
        0.729200 -0.730107 -0.749893,
        0.729200 -0.730107 -0.599893,
        0.649200 -0.730107 -0.749893,
        0.649200 -0.730107 -0.599893,
        0.729200 -0.390163 -0.749893,
        0.649200 -0.390163 -0.749893,
        0.729200 -0.343974 -0.669893,
        0.649200 -0.343974 -0.669893,
        0.729200 0.109893 -0.669893,
        0.649200 0.109893 -0.669893,
        0.926100 -0.730107 -0.749893,
        0.926100 -0.730107 -0.599893,
        0.846100 -0.730107 -0.749893,
        0.846100 -0.730107 -0.599893,
        0.926100 -0.390163 -0.749893,
        0.846100 -0.390163 -0.749893,
        0.926100 -0.343974 -0.669893,
        0.846100 -0.343974 -0.669893,
        0.926100 0.109893 -0.669893,
        0.846100 0.109893 -0.669893,
        1.319900 -0.730107 -0.749893,
        1.319900 -0.730107 -0.599893,
        1.239900 -0.730107 -0.749893,
        1.239900 -0.730107 -0.599893,
        1.319900 -0.390163 -0.749893,
        1.239900 -0.390163 -0.749893,
        1.319900 -0.343974 -0.669893,
        1.239900 -0.343974 -0.669893,
        1.319900 0.109893 -0.669893,
        1.239900 0.109893 -0.669893,
        1.516800 -0.730107 -0.749893,
        1.516800 -0.730107 -0.599893,
        1.436800 -0.730107 -0.749893,
        1.436800 -0.730107 -0.599893,
        1.516800 -0.390163 -0.749893,
        1.436800 -0.390163 -0.749893,
        1.516800 -0.343974 -0.669893,
        1.436800 -0.343974 -0.669893,
        1.516800 0.109893 -0.669893,
        1.436800 0.109893 -0.669893,
        1.910600 -0.730107 -0.749893,
        1.910600 -0.730107 -0.599893,
        1.830600 -0.730107 -0.749893,
        1.830600 -0.730107 -0.599893,
        1.910600 -0.390163 -0.749893,
        1.830600 -0.390163 -0.749893,
        1.910600 -0.343974 -0.669893,
        1.830600 -0.343974 -0.669893,
        1.910600 0.109893 -0.669893,
        1.830600 0.109893 -0.669893,
        2.107500 -0.730107 -0.749893,
        2.107500 -0.730107 -0.599893,
        2.027500 -0.730107 -0.749893,
        2.027500 -0.730107 -0.599893,
        2.107500 -0.390163 -0.749893,
        2.027500 -0.390163 -0.749893,
        2.107500 -0.343974 -0.669893,
        2.027500 -0.343974 -0.669893,
        2.107500 0.109893 -0.669893,
        2.027500 0.109893 -0.669893,
        2.501300 -0.730107 -0.749893,
        2.501300 -0.730107 -0.599893,
        2.421300 -0.730107 -0.749893,
        2.421300 -0.730107 -0.599893,
        2.501300 -0.390163 -0.749893,
        2.421300 -0.390163 -0.749893,
        2.501300 -0.343974 -0.669893,
        2.421300 -0.343974 -0.669893,
        2.501300 0.109893 -0.669893,
        2.421300 0.109893 -0.669893,
        2.698200 -0.730107 -0.749893,
        2.698200 -0.730107 -0.599893,
        2.618200 -0.730107 -0.749893,
        2.618200 -0.730107 -0.599893,
        2.698200 -0.390163 -0.749893,
        2.618200 -0.390163 -0.749893,
        2.698200 -0.343974 -0.669893,
        2.618200 -0.343974 -0.669893,
        2.698200 0.109893 -0.669893,
        2.618200 0.109893 -0.669893,
        -2.618100 1.683761 -0.669893,
        -2.618100 1.229893 -0.669893,
        -2.698100 1.683761 -0.669893,
        -2.698100 1.229893 -0.669893,
        -2.618100 1.729948 -0.749893,
        -2.698100 1.729948 -0.749893,
        -2.618100 2.069893 -0.749893,
        -2.698100 2.069893 -0.749893,
        -2.618100 2.069893 -0.599893,
        -2.698100 2.069893 -0.599893,
        -2.815000 2.069893 -0.599893,
        -2.815000 2.069893 -0.749893,
        -2.895000 2.069893 -0.599893,
        -2.895000 2.069893 -0.749893,
        -2.815000 1.729948 -0.749893,
        -2.895000 1.729948 -0.749893,
        -2.815000 1.683761 -0.669893,
        -2.895000 1.683761 -0.669893,
        -2.815000 1.229893 -0.669893,
        -2.895000 1.229893 -0.669893,
        -2.224300 1.683761 -0.669893,
        -2.224300 1.229893 -0.669893,
        -2.304300 1.683761 -0.669893,
        -2.304300 1.229893 -0.669893,
        -2.224300 1.729948 -0.749893,
        -2.304300 1.729948 -0.749893,
        -2.224300 2.069893 -0.749893,
        -2.304300 2.069893 -0.749893,
        -2.224300 2.069893 -0.599893,
        -2.304300 2.069893 -0.599893,
        -2.027400 1.683761 -0.669893,
        -2.027400 1.229893 -0.669893,
        -2.107400 1.683761 -0.669893,
        -2.107400 1.229893 -0.669893,
        -2.027400 1.729948 -0.749893,
        -2.107400 1.729948 -0.749893,
        -2.027400 2.069893 -0.749893,
        -2.107400 2.069893 -0.749893,
        -2.027400 2.069893 -0.599893,
        -2.107400 2.069893 -0.599893,
        -1.633600 1.683761 -0.669893,
        -1.633600 1.229893 -0.669893,
        -1.713600 1.683761 -0.669893,
        -1.713600 1.229893 -0.669893,
        -1.633600 1.729948 -0.749893,
        -1.713600 1.729948 -0.749893,
        -1.633600 2.069893 -0.749893,
        -1.713600 2.069893 -0.749893,
        -1.633600 2.069893 -0.599893,
        -1.713600 2.069893 -0.599893,
        -1.436700 1.683761 -0.669893,
        -1.436700 1.229893 -0.669893,
        -1.516700 1.683761 -0.669893,
        -1.516700 1.229893 -0.669893,
        -1.436700 1.729948 -0.749893,
        -1.516700 1.729948 -0.749893,
        -1.436700 2.069893 -0.749893,
        -1.516700 2.069893 -0.749893,
        -1.436700 2.069893 -0.599893,
        -1.516700 2.069893 -0.599893,
        -1.042900 1.683761 -0.669893,
        -1.042900 1.229893 -0.669893,
        -1.122900 1.683761 -0.669893,
        -1.122900 1.229893 -0.669893,
        -1.042900 1.729948 -0.749893,
        -1.122900 1.729948 -0.749893,
        -1.042900 2.069893 -0.749893,
        -1.122900 2.069893 -0.749893,
        -1.042900 2.069893 -0.599893,
        -1.122900 2.069893 -0.599893,
        -0.846000 1.683761 -0.669893,
        -0.846000 1.229893 -0.669893,
        -0.926000 1.683761 -0.669893,
        -0.926000 1.229893 -0.669893,
        -0.846000 1.729948 -0.749893,
        -0.926000 1.729948 -0.749893,
        -0.846000 2.069893 -0.749893,
        -0.926000 2.069893 -0.749893,
        -0.846000 2.069893 -0.599893,
        -0.926000 2.069893 -0.599893,
        -0.452200 1.683761 -0.669893,
        -0.452200 1.229893 -0.669893,
        -0.532200 1.683761 -0.669893,
        -0.532200 1.229893 -0.669893,
        -0.452200 1.729948 -0.749893,
        -0.532200 1.729948 -0.749893,
        -0.452200 2.069893 -0.749893,
        -0.532200 2.069893 -0.749893,
        -0.452200 2.069893 -0.599893,
        -0.532200 2.069893 -0.599893,
        -0.255300 1.683761 -0.669893,
        -0.255300 1.229893 -0.669893,
        -0.335300 1.683761 -0.669893,
        -0.335300 1.229893 -0.669893,
        -0.255300 1.729948 -0.749893,
        -0.335300 1.729948 -0.749893,
        -0.255300 2.069893 -0.749893,
        -0.335300 2.069893 -0.749893,
        -0.255300 2.069893 -0.599893,
        -0.335300 2.069893 -0.599893,
        0.138500 1.683761 -0.669893,
        0.138500 1.229893 -0.669893,
        0.058500 1.683761 -0.669893,
        0.058500 1.229893 -0.669893,
        0.138500 1.729948 -0.749893,
        0.058500 1.729948 -0.749893,
        0.138500 2.069893 -0.749893,
        0.058500 2.069893 -0.749893,
        0.138500 2.069893 -0.599893,
        0.058500 2.069893 -0.599893,
        0.335400 1.683761 -0.669893,
        0.335400 1.229893 -0.669893,
        0.255400 1.683761 -0.669893,
        0.255400 1.229893 -0.669893,
        0.335400 1.729948 -0.749893,
        0.255400 1.729948 -0.749893,
        0.335400 2.069893 -0.749893,
        0.255400 2.069893 -0.749893,
        0.335400 2.069893 -0.599893,
        0.255400 2.069893 -0.599893,
        0.729200 1.683761 -0.669893,
        0.729200 1.229893 -0.669893,
        0.649200 1.683761 -0.669893,
        0.649200 1.229893 -0.669893,
        0.729200 1.729948 -0.749893,
        0.649200 1.729948 -0.749893,
        0.729200 2.069893 -0.749893,
        0.649200 2.069893 -0.749893,
        0.729200 2.069893 -0.599893,
        0.649200 2.069893 -0.599893,
        0.926100 1.683761 -0.669893,
        0.926100 1.229893 -0.669893,
        0.846100 1.683761 -0.669893,
        0.846100 1.229893 -0.669893,
        0.926100 1.729948 -0.749893,
        0.846100 1.729948 -0.749893,
        0.926100 2.069893 -0.749893,
        0.846100 2.069893 -0.749893,
        0.926100 2.069893 -0.599893,
        0.846100 2.069893 -0.599893,
        1.319900 1.683761 -0.669893,
        1.319900 1.229893 -0.669893,
        1.239900 1.683761 -0.669893,
        1.239900 1.229893 -0.669893,
        1.319900 1.729948 -0.749893,
        1.239900 1.729948 -0.749893,
        1.319900 2.069893 -0.749893,
        1.239900 2.069893 -0.749893,
        1.319900 2.069893 -0.599893,
        1.239900 2.069893 -0.599893,
        1.516800 1.683761 -0.669893,
        1.516800 1.229893 -0.669893,
        1.436800 1.683761 -0.669893,
        1.436800 1.229893 -0.669893,
        1.516800 1.729948 -0.749893,
        1.436800 1.729948 -0.749893,
        1.516800 2.069893 -0.749893,
        1.436800 2.069893 -0.749893,
        1.516800 2.069893 -0.599893,
        1.436800 2.069893 -0.599893,
        1.910600 1.683761 -0.669893,
        1.910600 1.229893 -0.669893,
        1.830600 1.683761 -0.669893,
        1.830600 1.229893 -0.669893,
        1.910600 1.729948 -0.749893,
        1.830600 1.729948 -0.749893,
        1.910600 2.069893 -0.749893,
        1.830600 2.069893 -0.749893,
        1.910600 2.069893 -0.599893,
        1.830600 2.069893 -0.599893,
        2.107500 1.683761 -0.669893,
        2.107500 1.229893 -0.669893,
        2.027500 1.683761 -0.669893,
        2.027500 1.229893 -0.669893,
        2.107500 1.729948 -0.749893,
        2.027500 1.729948 -0.749893,
        2.107500 2.069893 -0.749893,
        2.027500 2.069893 -0.749893,
        2.107500 2.069893 -0.599893,
        2.027500 2.069893 -0.599893,
        2.501300 1.683761 -0.669893,
        2.501300 1.229893 -0.669893,
        2.421300 1.683761 -0.669893,
        2.421300 1.229893 -0.669893,
        2.501300 1.729948 -0.749893,
        2.421300 1.729948 -0.749893,
        2.501300 2.069893 -0.749893,
        2.421300 2.069893 -0.749893,
        2.501300 2.069893 -0.599893,
        2.421300 2.069893 -0.599893,
        2.698200 1.683761 -0.669893,
        2.698200 1.229893 -0.669893,
        2.618200 1.683761 -0.669893,
        2.618200 1.229893 -0.669893,
        2.698200 1.729948 -0.749893,
        2.618200 1.729948 -0.749893,
        2.698200 2.069893 -0.749893,
        2.618200 2.069893 -0.749893,
        2.698200 2.069893 -0.599893,
        2.618200 2.069893 -0.599893,
        2.618200 1.599893 0.790107,
        2.618200 1.462213 0.790107,
        2.632970 1.504852 0.863958,
        2.630200 1.599893 0.850107,
        2.632489 1.595556 0.861553,
        2.634511 1.588659 0.871665,
        2.634917 1.512275 0.873691,
        2.636155 1.579585 0.879880,
        2.636461 1.521772 0.881413,
        2.637327 1.568839 0.885741,
        2.637518 1.532813 0.886696,
        2.637963 1.557020 0.888922,
        2.638028 1.544784 0.889247,
        2.618200 1.444893 0.760107,
        2.698200 1.462213 0.790107,
        2.698200 1.599893 0.790107,
        2.683430 1.504852 0.863958,
        2.686200 1.599893 0.850107,
        2.683911 1.595556 0.861553,
        2.681888 1.588659 0.871665,
        2.681483 1.512275 0.873691,
        2.680245 1.579585 0.879880,
        2.679939 1.521772 0.881413,
        2.679073 1.568839 0.885741,
        2.678882 1.532813 0.886696,
        2.678437 1.557020 0.888922,
        2.678372 1.544784 0.889247,
        2.698200 1.444893 0.760107,
        2.436070 1.504852 0.863958,
        2.486530 1.504852 0.863958,
        2.484583 1.512275 0.873691,
        2.438017 1.512275 0.873691,
        2.483039 1.521772 0.881413,
        2.439561 1.521772 0.881413,
        2.481982 1.532813 0.886696,
        2.440618 1.532813 0.886696,
        2.481472 1.544784 0.889247,
        2.441128 1.544784 0.889247,
        2.481537 1.557020 0.888922,
        2.441063 1.557020 0.888922,
        2.482173 1.568839 0.885741,
        2.440427 1.568839 0.885741,
        2.483345 1.579585 0.879880,
        2.439255 1.579585 0.879880,
        2.484989 1.588659 0.871665,
        2.437612 1.588659 0.871665,
        2.487011 1.595556 0.861553,
        2.435589 1.595556 0.861553,
        2.489300 1.599893 0.850107,
        2.433300 1.599893 0.850107,
        2.421300 1.599893 0.790107,
        2.421300 1.462213 0.790107,
        2.501300 1.462213 0.790107,
        2.501300 1.444893 0.760107,
        2.421300 1.444893 0.760107,
        2.501300 1.599893 0.790107,
        2.042270 1.504852 0.863958,
        2.092730 1.504852 0.863958,
        2.090783 1.512275 0.873691,
        2.044217 1.512275 0.873691,
        2.089239 1.521772 0.881413,
        2.045761 1.521772 0.881413,
        2.088182 1.532813 0.886696,
        2.046818 1.532813 0.886696,
        2.087672 1.544784 0.889247,
        2.047328 1.544784 0.889247,
        2.087737 1.557020 0.888922,
        2.047263 1.557020 0.888922,
        2.088373 1.568839 0.885741,
        2.046627 1.568839 0.885741,
        2.089546 1.579585 0.879880,
        2.045455 1.579585 0.879880,
        2.091188 1.588659 0.871665,
        2.043811 1.588659 0.871665,
        2.093211 1.595556 0.861553,
        2.041789 1.595556 0.861553,
        2.095500 1.599893 0.850107,
        2.039500 1.599893 0.850107,
        2.027500 1.599893 0.790107,
        2.027500 1.462213 0.790107,
        2.107500 1.462213 0.790107,
        2.107500 1.444893 0.760107,
        2.027500 1.444893 0.760107,
        2.107500 1.599893 0.790107,
        1.845370 1.504852 0.863958,
        1.895830 1.504852 0.863958,
        1.893883 1.512275 0.873691,
        1.847317 1.512275 0.873691,
        1.892339 1.521772 0.881413,
        1.848861 1.521772 0.881413,
        1.891282 1.532813 0.886696,
        1.849918 1.532813 0.886696,
        1.890772 1.544784 0.889247,
        1.850428 1.544784 0.889247,
        1.890837 1.557020 0.888922,
        1.850363 1.557020 0.888922,
        1.891473 1.568839 0.885741,
        1.849727 1.568839 0.885741,
        1.892646 1.579585 0.879880,
        1.848554 1.579585 0.879880,
        1.894289 1.588659 0.871665,
        1.846911 1.588659 0.871665,
        1.896311 1.595556 0.861553,
        1.844889 1.595556 0.861553,
        1.898600 1.599893 0.850107,
        1.842600 1.599893 0.850107,
        1.830600 1.599893 0.790107,
        1.830600 1.462213 0.790107,
        1.830600 1.444893 0.760107,
        1.910600 1.444893 0.760107,
        1.910600 1.462213 0.790107,
        1.910600 1.599893 0.790107,
        1.451570 1.504852 0.863958,
        1.502030 1.504852 0.863958,
        1.500083 1.512275 0.873691,
        1.453517 1.512275 0.873691,
        1.498539 1.521772 0.881413,
        1.455061 1.521772 0.881413,
        1.497482 1.532813 0.886696,
        1.456118 1.532813 0.886696,
        1.496972 1.544784 0.889247,
        1.456628 1.544784 0.889247,
        1.497037 1.557020 0.888922,
        1.456563 1.557020 0.888922,
        1.497673 1.568839 0.885741,
        1.455927 1.568839 0.885741,
        1.498845 1.579585 0.879880,
        1.454754 1.579585 0.879880,
        1.500489 1.588659 0.871665,
        1.453111 1.588659 0.871665,
        1.502511 1.595556 0.861553,
        1.451089 1.595556 0.861553,
        1.504800 1.599893 0.850107,
        1.448800 1.599893 0.850107,
        1.436800 1.599893 0.790107,
        1.436800 1.462213 0.790107,
        1.516800 1.462213 0.790107,
        1.516800 1.444893 0.760107,
        1.436800 1.444893 0.760107,
        1.516800 1.599893 0.790107,
        1.254670 1.504852 0.863958,
        1.305130 1.504852 0.863958,
        1.303183 1.512275 0.873691,
        1.256617 1.512275 0.873691,
        1.301639 1.521772 0.881413,
        1.258161 1.521772 0.881413,
        1.300582 1.532813 0.886696,
        1.259218 1.532813 0.886696,
        1.300072 1.544784 0.889247,
        1.259728 1.544784 0.889247,
        1.300137 1.557020 0.888922,
        1.259663 1.557020 0.888922,
        1.300773 1.568839 0.885741,
        1.259027 1.568839 0.885741,
        1.301945 1.579585 0.879880,
        1.257855 1.579585 0.879880,
        1.303589 1.588659 0.871665,
        1.256212 1.588659 0.871665,
        1.305611 1.595556 0.861553,
        1.254189 1.595556 0.861553,
        1.307900 1.599893 0.850107,
        1.251900 1.599893 0.850107,
        1.239900 1.599893 0.790107,
        1.239900 1.462213 0.790107,
        1.319900 1.462213 0.790107,
        1.319900 1.444893 0.760107,
        1.239900 1.444893 0.760107,
        1.319900 1.599893 0.790107,
        0.860870 1.504852 0.863958,
        0.911330 1.504852 0.863958,
        0.909383 1.512275 0.873691,
        0.862817 1.512275 0.873691,
        0.907839 1.521772 0.881413,
        0.864361 1.521772 0.881413,
        0.906782 1.532813 0.886696,
        0.865418 1.532813 0.886696,
        0.906272 1.544784 0.889247,
        0.865928 1.544784 0.889247,
        0.906337 1.557020 0.888922,
        0.865863 1.557020 0.888922,
        0.906973 1.568839 0.885741,
        0.865227 1.568839 0.885741,
        0.908145 1.579585 0.879880,
        0.864055 1.579585 0.879880,
        0.909789 1.588659 0.871665,
        0.862411 1.588659 0.871665,
        0.911811 1.595556 0.861553,
        0.860389 1.595556 0.861553,
        0.914100 1.599893 0.850107,
        0.858100 1.599893 0.850107,
        0.846100 1.599893 0.790107,
        0.846100 1.462213 0.790107,
        0.926100 1.462213 0.790107,
        0.926100 1.444893 0.760107,
        0.846100 1.444893 0.760107,
        0.926100 1.599893 0.790107,
        0.663970 1.504852 0.863958,
        0.714430 1.504852 0.863958,
        0.712483 1.512275 0.873691,
        0.665917 1.512275 0.873691,
        0.710939 1.521772 0.881413,
        0.667461 1.521772 0.881413,
        0.709882 1.532813 0.886696,
        0.668518 1.532813 0.886696,
        0.709372 1.544784 0.889247,
        0.669028 1.544784 0.889247,
        0.709437 1.557020 0.888922,
        0.668963 1.557020 0.888922,
        0.710073 1.568839 0.885741,
        0.668327 1.568839 0.885741,
        0.711245 1.579585 0.879880,
        0.667155 1.579585 0.879880,
        0.712889 1.588659 0.871665,
        0.665511 1.588659 0.871665,
        0.714911 1.595556 0.861553,
        0.663489 1.595556 0.861553,
        0.717200 1.599893 0.850107,
        0.661200 1.599893 0.850107,
        0.649200 1.599893 0.790107,
        0.649200 1.462213 0.790107,
        0.729200 1.462213 0.790107,
        0.729200 1.444893 0.760107,
        0.649200 1.444893 0.760107,
        0.729200 1.599893 0.790107,
        0.270170 1.504852 0.863958,
        0.320630 1.504852 0.863958,
        0.318683 1.512275 0.873691,
        0.272117 1.512275 0.873691,
        0.317139 1.521772 0.881413,
        0.273661 1.521772 0.881413,
        0.316082 1.532813 0.886696,
        0.274718 1.532813 0.886696,
        0.315572 1.544784 0.889247,
        0.275228 1.544784 0.889247,
        0.315637 1.557020 0.888922,
        0.275163 1.557020 0.888922,
        0.316273 1.568839 0.885741,
        0.274527 1.568839 0.885741,
        0.317445 1.579585 0.879880,
        0.273355 1.579585 0.879880,
        0.319089 1.588659 0.871665,
        0.271711 1.588659 0.871665,
        0.321111 1.595556 0.861553,
        0.269689 1.595556 0.861553,
        0.323400 1.599893 0.850107,
        0.267400 1.599893 0.850107,
        0.255400 1.599893 0.790107,
        0.255400 1.462213 0.790107,
        0.335400 1.462213 0.790107,
        0.335400 1.444893 0.760107,
        0.255400 1.444893 0.760107,
        0.335400 1.599893 0.790107,
        0.073270 1.504852 0.863958,
        0.123730 1.504852 0.863958,
        0.121783 1.512275 0.873691,
        0.075217 1.512275 0.873691,
        0.120239 1.521772 0.881413,
        0.076761 1.521772 0.881413,
        0.119182 1.532813 0.886696,
        0.077818 1.532813 0.886696,
        0.118672 1.544784 0.889247,
        0.078328 1.544784 0.889247,
        0.118737 1.557020 0.888922,
        0.078263 1.557020 0.888922,
        0.119373 1.568839 0.885741,
        0.077627 1.568839 0.885741,
        0.120545 1.579585 0.879880,
        0.076455 1.579585 0.879880,
        0.122189 1.588659 0.871665,
        0.074811 1.588659 0.871665,
        0.124211 1.595556 0.861553,
        0.072789 1.595556 0.861553,
        0.126500 1.599893 0.850107,
        0.070500 1.599893 0.850107,
        0.058500 1.599893 0.790107,
        0.058500 1.462213 0.790107,
        0.138500 1.462213 0.790107,
        0.138500 1.444893 0.760107,
        0.058500 1.444893 0.760107,
        0.138500 1.599893 0.790107,
        -0.320530 1.504852 0.863958,
        -0.270070 1.504852 0.863958,
        -0.272017 1.512275 0.873691,
        -0.318583 1.512275 0.873691,
        -0.273561 1.521772 0.881413,
        -0.317039 1.521772 0.881413,
        -0.274618 1.532813 0.886696,
        -0.315982 1.532813 0.886696,
        -0.275128 1.544784 0.889247,
        -0.315472 1.544784 0.889247,
        -0.275063 1.557020 0.888922,
        -0.315537 1.557020 0.888922,
        -0.274427 1.568839 0.885741,
        -0.316173 1.568839 0.885741,
        -0.273255 1.579585 0.879880,
        -0.317345 1.579585 0.879880,
        -0.271611 1.588659 0.871665,
        -0.318989 1.588659 0.871665,
        -0.269589 1.595556 0.861553,
        -0.321011 1.595556 0.861553,
        -0.267300 1.599893 0.850107,
        -0.323300 1.599893 0.850107,
        -0.335300 1.599893 0.790107,
        -0.335300 1.462213 0.790107,
        -0.255300 1.462213 0.790107,
        -0.255300 1.444893 0.760107,
        -0.335300 1.444893 0.760107,
        -0.255300 1.599893 0.790107,
        -0.517430 1.504852 0.863958,
        -0.466970 1.504852 0.863958,
        -0.468917 1.512275 0.873691,
        -0.515483 1.512275 0.873691,
        -0.470461 1.521772 0.881413,
        -0.513939 1.521772 0.881413,
        -0.471518 1.532813 0.886696,
        -0.512882 1.532813 0.886696,
        -0.472028 1.544784 0.889247,
        -0.512372 1.544784 0.889247,
        -0.471963 1.557020 0.888922,
        -0.512437 1.557020 0.888922,
        -0.471327 1.568839 0.885741,
        -0.513073 1.568839 0.885741,
        -0.470155 1.579585 0.879880,
        -0.514245 1.579585 0.879880,
        -0.468511 1.588659 0.871665,
        -0.515889 1.588659 0.871665,
        -0.466489 1.595556 0.861553,
        -0.517911 1.595556 0.861553,
        -0.464200 1.599893 0.850107,
        -0.520200 1.599893 0.850107,
        -0.532200 1.599893 0.790107,
        -0.532200 1.462213 0.790107,
        -0.452200 1.462213 0.790107,
        -0.452200 1.444893 0.760107,
        -0.532200 1.444893 0.760107,
        -0.452200 1.599893 0.790107,
        -0.911230 1.504852 0.863958,
        -0.860770 1.504852 0.863958,
        -0.862717 1.512275 0.873691,
        -0.909283 1.512275 0.873691,
        -0.864261 1.521772 0.881413,
        -0.907739 1.521772 0.881413,
        -0.865318 1.532813 0.886696,
        -0.906682 1.532813 0.886696,
        -0.865828 1.544784 0.889247,
        -0.906172 1.544784 0.889247,
        -0.865763 1.557020 0.888922,
        -0.906237 1.557020 0.888922,
        -0.865127 1.568839 0.885741,
        -0.906873 1.568839 0.885741,
        -0.863955 1.579585 0.879880,
        -0.908045 1.579585 0.879880,
        -0.862311 1.588659 0.871665,
        -0.909689 1.588659 0.871665,
        -0.860289 1.595556 0.861553,
        -0.911711 1.595556 0.861553,
        -0.858000 1.599893 0.850107,
        -0.914000 1.599893 0.850107,
        -0.926000 1.599893 0.790107,
        -0.926000 1.462213 0.790107,
        -0.846000 1.462213 0.790107,
        -0.846000 1.444893 0.760107,
        -0.926000 1.444893 0.760107,
        -0.846000 1.599893 0.790107,
        -1.108130 1.504852 0.863958,
        -1.057670 1.504852 0.863958,
        -1.059617 1.512275 0.873691,
        -1.106183 1.512275 0.873691,
        -1.061161 1.521772 0.881413,
        -1.104639 1.521772 0.881413,
        -1.062218 1.532813 0.886696,
        -1.103582 1.532813 0.886696,
        -1.062728 1.544784 0.889247,
        -1.103072 1.544784 0.889247,
        -1.062663 1.557020 0.888922,
        -1.103137 1.557020 0.888922,
        -1.062027 1.568839 0.885741,
        -1.103773 1.568839 0.885741,
        -1.060855 1.579585 0.879880,
        -1.104945 1.579585 0.879880,
        -1.059212 1.588659 0.871665,
        -1.106589 1.588659 0.871665,
        -1.057189 1.595556 0.861553,
        -1.108611 1.595556 0.861553,
        -1.054900 1.599893 0.850107,
        -1.110900 1.599893 0.850107,
        -1.122900 1.599893 0.790107,
        -1.122900 1.462213 0.790107,
        -1.042900 1.462213 0.790107,
        -1.042900 1.444893 0.760107,
        -1.122900 1.444893 0.760107,
        -1.042900 1.599893 0.790107,
        -1.501930 1.504852 0.863958,
        -1.451470 1.504852 0.863958,
        -1.453417 1.512275 0.873691,
        -1.499983 1.512275 0.873691,
        -1.454961 1.521772 0.881413,
        -1.498439 1.521772 0.881413,
        -1.456018 1.532813 0.886696,
        -1.497382 1.532813 0.886696,
        -1.456528 1.544784 0.889247,
        -1.496872 1.544784 0.889247,
        -1.456463 1.557020 0.888922,
        -1.496937 1.557020 0.888922,
        -1.455827 1.568839 0.885741,
        -1.497573 1.568839 0.885741,
        -1.454655 1.579585 0.879880,
        -1.498745 1.579585 0.879880,
        -1.453011 1.588659 0.871665,
        -1.500389 1.588659 0.871665,
        -1.450989 1.595556 0.861553,
        -1.502411 1.595556 0.861553,
        -1.448700 1.599893 0.850107,
        -1.504700 1.599893 0.850107,
        -1.516700 1.599893 0.790107,
        -1.516700 1.462213 0.790107,
        -1.516700 1.444893 0.760107,
        -1.436700 1.444893 0.760107,
        -1.436700 1.462213 0.790107,
        -1.436700 1.599893 0.790107,
        -1.698830 1.504852 0.863958,
        -1.648370 1.504852 0.863958,
        -1.650317 1.512275 0.873691,
        -1.696883 1.512275 0.873691,
        -1.651861 1.521772 0.881413,
        -1.695339 1.521772 0.881413,
        -1.652918 1.532813 0.886696,
        -1.694282 1.532813 0.886696,
        -1.653428 1.544784 0.889247,
        -1.693772 1.544784 0.889247,
        -1.653363 1.557020 0.888922,
        -1.693837 1.557020 0.888922,
        -1.652727 1.568839 0.885741,
        -1.694473 1.568839 0.885741,
        -1.651555 1.579585 0.879880,
        -1.695646 1.579585 0.879880,
        -1.649911 1.588659 0.871665,
        -1.697289 1.588659 0.871665,
        -1.647889 1.595556 0.861553,
        -1.699311 1.595556 0.861553,
        -1.645600 1.599893 0.850107,
        -1.701600 1.599893 0.850107,
        -1.713600 1.599893 0.790107,
        -1.713600 1.462213 0.790107,
        -1.713600 1.444893 0.760107,
        -1.633600 1.444893 0.760107,
        -1.633600 1.462213 0.790107,
        -1.633600 1.599893 0.790107,
        -2.092630 1.504852 0.863958,
        -2.042170 1.504852 0.863958,
        -2.044117 1.512275 0.873691,
        -2.090683 1.512275 0.873691,
        -2.045661 1.521772 0.881413,
        -2.089139 1.521772 0.881413,
        -2.046718 1.532813 0.886696,
        -2.088082 1.532813 0.886696,
        -2.047228 1.544784 0.889247,
        -2.087572 1.544784 0.889247,
        -2.047163 1.557020 0.888922,
        -2.087637 1.557020 0.888922,
        -2.046527 1.568839 0.885741,
        -2.088273 1.568839 0.885741,
        -2.045354 1.579585 0.879880,
        -2.089445 1.579585 0.879880,
        -2.043711 1.588659 0.871665,
        -2.091089 1.588659 0.871665,
        -2.041689 1.595556 0.861553,
        -2.093111 1.595556 0.861553,
        -2.039400 1.599893 0.850107,
        -2.095400 1.599893 0.850107,
        -2.107400 1.599893 0.790107,
        -2.107400 1.462213 0.790107,
        -2.107400 1.444893 0.760107,
        -2.027400 1.444893 0.760107,
        -2.027400 1.462213 0.790107,
        -2.027400 1.599893 0.790107,
        -2.289530 1.504852 0.863958,
        -2.239070 1.504852 0.863958,
        -2.241017 1.512275 0.873691,
        -2.287583 1.512275 0.873691,
        -2.242561 1.521772 0.881413,
        -2.286039 1.521772 0.881413,
        -2.243618 1.532813 0.886696,
        -2.284982 1.532813 0.886696,
        -2.244128 1.544784 0.889247,
        -2.284472 1.544784 0.889247,
        -2.244063 1.557020 0.888922,
        -2.284537 1.557020 0.888922,
        -2.243427 1.568839 0.885741,
        -2.285173 1.568839 0.885741,
        -2.242255 1.579585 0.879880,
        -2.286345 1.579585 0.879880,
        -2.240612 1.588659 0.871665,
        -2.287989 1.588659 0.871665,
        -2.238589 1.595556 0.861553,
        -2.290011 1.595556 0.861553,
        -2.236300 1.599893 0.850107,
        -2.292300 1.599893 0.850107,
        -2.304300 1.599893 0.790107,
        -2.304300 1.462213 0.790107,
        -2.304300 1.444893 0.760107,
        -2.224300 1.444893 0.760107,
        -2.224300 1.462213 0.790107,
        -2.224300 1.599893 0.790107,
        -2.683330 1.504852 0.863958,
        -2.632870 1.504852 0.863958,
        -2.634817 1.512275 0.873691,
        -2.681383 1.512275 0.873691,
        -2.636361 1.521772 0.881413,
        -2.679839 1.521772 0.881413,
        -2.637418 1.532813 0.886696,
        -2.678782 1.532813 0.886696,
        -2.637928 1.544784 0.889247,
        -2.678272 1.544784 0.889247,
        -2.637863 1.557020 0.888922,
        -2.678337 1.557020 0.888922,
        -2.637227 1.568839 0.885741,
        -2.678973 1.568839 0.885741,
        -2.636055 1.579585 0.879880,
        -2.680146 1.579585 0.879880,
        -2.634412 1.588659 0.871665,
        -2.681789 1.588659 0.871665,
        -2.632389 1.595556 0.861553,
        -2.683811 1.595556 0.861553,
        -2.630100 1.599893 0.850107,
        -2.686100 1.599893 0.850107,
        -2.698100 1.599893 0.790107,
        -2.698100 1.462213 0.790107,
        -2.698100 1.444893 0.760107,
        -2.618100 1.444893 0.760107,
        -2.618100 1.462213 0.790107,
        -2.618100 1.599893 0.790107,
        -2.880230 1.504852 0.863958,
        -2.829770 1.504852 0.863958,
        -2.831717 1.512275 0.873691,
        -2.878283 1.512275 0.873691,
        -2.833261 1.521772 0.881413,
        -2.876739 1.521772 0.881413,
        -2.834318 1.532813 0.886696,
        -2.875682 1.532813 0.886696,
        -2.834828 1.544784 0.889247,
        -2.875172 1.544784 0.889247,
        -2.834763 1.557020 0.888922,
        -2.875237 1.557020 0.888922,
        -2.834127 1.568839 0.885741,
        -2.875873 1.568839 0.885741,
        -2.832954 1.579585 0.879880,
        -2.877045 1.579585 0.879880,
        -2.831311 1.588659 0.871665,
        -2.878689 1.588659 0.871665,
        -2.829289 1.595556 0.861553,
        -2.880711 1.595556 0.861553,
        -2.827000 1.599893 0.850107,
        -2.883000 1.599893 0.850107,
        -2.895000 1.599893 0.790107,
        -2.895000 1.462213 0.790107,
        -2.895000 1.444893 0.760107,
        -2.815000 1.444893 0.760107,
        -2.815000 1.462213 0.790107,
        -2.815000 1.599893 0.790107,
        2.630200 -0.260107 0.850107,
        2.686200 -0.260107 0.850107,
        2.683911 -0.255770 0.861553,
        2.632489 -0.255770 0.861553,
        2.681888 -0.248873 0.871665,
        2.634511 -0.248873 0.871665,
        2.680245 -0.239799 0.879880,
        2.636155 -0.239799 0.879880,
        2.679073 -0.229054 0.885741,
        2.637327 -0.229054 0.885741,
        2.678437 -0.217234 0.888922,
        2.637963 -0.217234 0.888922,
        2.678372 -0.204998 0.889247,
        2.638028 -0.204998 0.889247,
        2.678882 -0.193027 0.886696,
        2.637518 -0.193027 0.886696,
        2.679939 -0.181985 0.881413,
        2.636461 -0.181985 0.881413,
        2.681483 -0.172489 0.873691,
        2.634917 -0.172489 0.873691,
        2.683430 -0.165066 0.863958,
        2.632970 -0.165066 0.863958,
        2.698200 -0.260107 0.790107,
        2.698200 -0.122428 0.790107,
        2.698200 -0.105107 0.760107,
        2.618200 -0.105107 0.760107,
        2.618200 -0.122428 0.790107,
        2.618200 -0.260107 0.790107,
        2.433300 -0.260107 0.850107,
        2.489300 -0.260107 0.850107,
        2.487011 -0.255770 0.861553,
        2.435589 -0.255770 0.861553,
        2.484989 -0.248873 0.871665,
        2.437612 -0.248873 0.871665,
        2.483345 -0.239799 0.879880,
        2.439255 -0.239799 0.879880,
        2.482173 -0.229054 0.885741,
        2.440427 -0.229054 0.885741,
        2.481537 -0.217234 0.888922,
        2.441063 -0.217234 0.888922,
        2.481472 -0.204998 0.889247,
        2.441128 -0.204998 0.889247,
        2.481982 -0.193027 0.886696,
        2.440618 -0.193027 0.886696,
        2.483039 -0.181985 0.881413,
        2.439561 -0.181985 0.881413,
        2.484583 -0.172489 0.873691,
        2.438017 -0.172489 0.873691,
        2.486530 -0.165066 0.863958,
        2.436070 -0.165066 0.863958,
        2.421300 -0.122428 0.790107,
        2.421300 -0.260107 0.790107,
        2.501300 -0.260107 0.790107,
        2.501300 -0.122428 0.790107,
        2.421300 -0.105107 0.760107,
        2.501300 -0.105107 0.760107,
        2.039500 -0.260107 0.850107,
        2.095500 -0.260107 0.850107,
        2.093211 -0.255770 0.861553,
        2.041789 -0.255770 0.861553,
        2.091188 -0.248873 0.871665,
        2.043811 -0.248873 0.871665,
        2.089546 -0.239799 0.879880,
        2.045455 -0.239799 0.879880,
        2.088373 -0.229054 0.885741,
        2.046627 -0.229054 0.885741,
        2.087737 -0.217234 0.888922,
        2.047263 -0.217234 0.888922,
        2.087672 -0.204998 0.889247,
        2.047328 -0.204998 0.889247,
        2.088182 -0.193027 0.886696,
        2.046818 -0.193027 0.886696,
        2.089239 -0.181985 0.881413,
        2.045761 -0.181985 0.881413,
        2.090783 -0.172489 0.873691,
        2.044217 -0.172489 0.873691,
        2.092730 -0.165066 0.863958,
        2.042270 -0.165066 0.863958,
        2.027500 -0.122428 0.790107,
        2.027500 -0.260107 0.790107,
        2.107500 -0.260107 0.790107,
        2.107500 -0.122428 0.790107,
        2.027500 -0.105107 0.760107,
        2.107500 -0.105107 0.760107,
        1.842600 -0.260107 0.850107,
        1.898600 -0.260107 0.850107,
        1.896311 -0.255770 0.861553,
        1.844889 -0.255770 0.861553,
        1.894289 -0.248873 0.871665,
        1.846911 -0.248873 0.871665,
        1.892646 -0.239799 0.879880,
        1.848554 -0.239799 0.879880,
        1.891473 -0.229054 0.885741,
        1.849727 -0.229054 0.885741,
        1.890837 -0.217234 0.888922,
        1.850363 -0.217234 0.888922,
        1.890772 -0.204998 0.889247,
        1.850428 -0.204998 0.889247,
        1.891282 -0.193027 0.886696,
        1.849918 -0.193027 0.886696,
        1.892339 -0.181985 0.881413,
        1.848861 -0.181985 0.881413,
        1.893883 -0.172489 0.873691,
        1.847317 -0.172489 0.873691,
        1.895830 -0.165066 0.863958,
        1.845370 -0.165066 0.863958,
        1.830600 -0.122428 0.790107,
        1.830600 -0.260107 0.790107,
        1.910600 -0.260107 0.790107,
        1.910600 -0.122428 0.790107,
        1.830600 -0.105107 0.760107,
        1.910600 -0.105107 0.760107,
        1.448800 -0.260107 0.850107,
        1.504800 -0.260107 0.850107,
        1.502511 -0.255770 0.861553,
        1.451089 -0.255770 0.861553,
        1.500489 -0.248873 0.871665,
        1.453111 -0.248873 0.871665,
        1.498845 -0.239799 0.879880,
        1.454754 -0.239799 0.879880,
        1.497673 -0.229054 0.885741,
        1.455927 -0.229054 0.885741,
        1.497037 -0.217234 0.888922,
        1.456563 -0.217234 0.888922,
        1.496972 -0.204998 0.889247,
        1.456628 -0.204998 0.889247,
        1.497482 -0.193027 0.886696,
        1.456118 -0.193027 0.886696,
        1.498539 -0.181985 0.881413,
        1.455061 -0.181985 0.881413,
        1.500083 -0.172489 0.873691,
        1.453517 -0.172489 0.873691,
        1.502030 -0.165066 0.863958,
        1.451570 -0.165066 0.863958,
        1.436800 -0.122428 0.790107,
        1.436800 -0.260107 0.790107,
        1.516800 -0.260107 0.790107,
        1.516800 -0.122428 0.790107,
        1.436800 -0.105107 0.760107,
        1.516800 -0.105107 0.760107,
        1.251900 -0.260107 0.850107,
        1.307900 -0.260107 0.850107,
        1.305611 -0.255770 0.861553,
        1.254189 -0.255770 0.861553,
        1.303589 -0.248873 0.871665,
        1.256212 -0.248873 0.871665,
        1.301945 -0.239799 0.879880,
        1.257855 -0.239799 0.879880,
        1.300773 -0.229054 0.885741,
        1.259027 -0.229054 0.885741,
        1.300137 -0.217234 0.888922,
        1.259663 -0.217234 0.888922,
        1.300072 -0.204998 0.889247,
        1.259728 -0.204998 0.889247,
        1.300582 -0.193027 0.886696,
        1.259218 -0.193027 0.886696,
        1.301639 -0.181985 0.881413,
        1.258161 -0.181985 0.881413,
        1.303183 -0.172489 0.873691,
        1.256617 -0.172489 0.873691,
        1.305130 -0.165066 0.863958,
        1.254670 -0.165066 0.863958,
        1.239900 -0.122428 0.790107,
        1.239900 -0.260107 0.790107,
        1.319900 -0.260107 0.790107,
        1.319900 -0.122428 0.790107,
        1.239900 -0.105107 0.760107,
        1.319900 -0.105107 0.760107,
        0.858100 -0.260107 0.850107,
        0.914100 -0.260107 0.850107,
        0.911811 -0.255770 0.861553,
        0.860389 -0.255770 0.861553,
        0.909789 -0.248873 0.871665,
        0.862411 -0.248873 0.871665,
        0.908145 -0.239799 0.879880,
        0.864055 -0.239799 0.879880,
        0.906973 -0.229054 0.885741,
        0.865227 -0.229054 0.885741,
        0.906337 -0.217234 0.888922,
        0.865863 -0.217234 0.888922,
        0.906272 -0.204998 0.889247,
        0.865928 -0.204998 0.889247,
        0.906782 -0.193027 0.886696,
        0.865418 -0.193027 0.886696,
        0.907839 -0.181985 0.881413,
        0.864361 -0.181985 0.881413,
        0.909383 -0.172489 0.873691,
        0.862817 -0.172489 0.873691,
        0.911330 -0.165066 0.863958,
        0.860870 -0.165066 0.863958,
        0.846100 -0.122428 0.790107,
        0.846100 -0.260107 0.790107,
        0.926100 -0.260107 0.790107,
        0.926100 -0.122428 0.790107,
        0.846100 -0.105107 0.760107,
        0.926100 -0.105107 0.760107,
        0.661200 -0.260107 0.850107,
        0.717200 -0.260107 0.850107,
        0.714911 -0.255770 0.861553,
        0.663489 -0.255770 0.861553,
        0.712889 -0.248873 0.871665,
        0.665511 -0.248873 0.871665,
        0.711245 -0.239799 0.879880,
        0.667155 -0.239799 0.879880,
        0.710073 -0.229054 0.885741,
        0.668327 -0.229054 0.885741,
        0.709437 -0.217234 0.888922,
        0.668963 -0.217234 0.888922,
        0.709372 -0.204998 0.889247,
        0.669028 -0.204998 0.889247,
        0.709882 -0.193027 0.886696,
        0.668518 -0.193027 0.886696,
        0.710939 -0.181985 0.881413,
        0.667461 -0.181985 0.881413,
        0.712483 -0.172489 0.873691,
        0.665917 -0.172489 0.873691,
        0.714430 -0.165066 0.863958,
        0.663970 -0.165066 0.863958,
        0.649200 -0.122428 0.790107,
        0.649200 -0.260107 0.790107,
        0.729200 -0.260107 0.790107,
        0.729200 -0.122428 0.790107,
        0.649200 -0.105107 0.760107,
        0.729200 -0.105107 0.760107,
        0.267400 -0.260107 0.850107,
        0.323400 -0.260107 0.850107,
        0.321111 -0.255770 0.861553,
        0.269689 -0.255770 0.861553,
        0.319089 -0.248873 0.871665,
        0.271711 -0.248873 0.871665,
        0.317445 -0.239799 0.879880,
        0.273355 -0.239799 0.879880,
        0.316273 -0.229054 0.885741,
        0.274527 -0.229054 0.885741,
        0.315637 -0.217234 0.888922,
        0.275163 -0.217234 0.888922,
        0.315572 -0.204998 0.889247,
        0.275228 -0.204998 0.889247,
        0.316082 -0.193027 0.886696,
        0.274718 -0.193027 0.886696,
        0.317139 -0.181985 0.881413,
        0.273661 -0.181985 0.881413,
        0.318683 -0.172489 0.873691,
        0.272117 -0.172489 0.873691,
        0.320630 -0.165066 0.863958,
        0.270170 -0.165066 0.863958,
        0.255400 -0.122428 0.790107,
        0.255400 -0.260107 0.790107,
        0.335400 -0.260107 0.790107,
        0.335400 -0.122428 0.790107,
        0.255400 -0.105107 0.760107,
        0.335400 -0.105107 0.760107,
        0.070500 -0.260107 0.850107,
        0.126500 -0.260107 0.850107,
        0.124211 -0.255770 0.861553,
        0.072789 -0.255770 0.861553,
        0.122189 -0.248873 0.871665,
        0.074811 -0.248873 0.871665,
        0.120545 -0.239799 0.879880,
        0.076455 -0.239799 0.879880,
        0.119373 -0.229054 0.885741,
        0.077627 -0.229054 0.885741,
        0.118737 -0.217234 0.888922,
        0.078263 -0.217234 0.888922,
        0.118672 -0.204998 0.889247,
        0.078328 -0.204998 0.889247,
        0.119182 -0.193027 0.886696,
        0.077818 -0.193027 0.886696,
        0.120239 -0.181985 0.881413,
        0.076761 -0.181985 0.881413,
        0.121783 -0.172489 0.873691,
        0.075217 -0.172489 0.873691,
        0.123730 -0.165066 0.863958,
        0.073270 -0.165066 0.863958,
        0.058500 -0.122428 0.790107,
        0.058500 -0.260107 0.790107,
        0.138500 -0.260107 0.790107,
        0.138500 -0.122428 0.790107,
        0.138500 -0.105107 0.760107,
        0.058500 -0.105107 0.760107,
        -0.323300 -0.260107 0.850107,
        -0.267300 -0.260107 0.850107,
        -0.269589 -0.255770 0.861553,
        -0.321011 -0.255770 0.861553,
        -0.271611 -0.248873 0.871665,
        -0.318989 -0.248873 0.871665,
        -0.273255 -0.239799 0.879880,
        -0.317345 -0.239799 0.879880,
        -0.274427 -0.229054 0.885741,
        -0.316173 -0.229054 0.885741,
        -0.275063 -0.217234 0.888922,
        -0.315537 -0.217234 0.888922,
        -0.275128 -0.204998 0.889247,
        -0.315472 -0.204998 0.889247,
        -0.274618 -0.193027 0.886696,
        -0.315982 -0.193027 0.886696,
        -0.273561 -0.181985 0.881413,
        -0.317039 -0.181985 0.881413,
        -0.272017 -0.172489 0.873691,
        -0.318583 -0.172489 0.873691,
        -0.270070 -0.165066 0.863958,
        -0.320530 -0.165066 0.863958,
        -0.335300 -0.122428 0.790107,
        -0.335300 -0.260107 0.790107,
        -0.255300 -0.260107 0.790107,
        -0.255300 -0.122428 0.790107,
        -0.335300 -0.105107 0.760107,
        -0.255300 -0.105107 0.760107,
        -0.520200 -0.260107 0.850107,
        -0.464200 -0.260107 0.850107,
        -0.466489 -0.255770 0.861553,
        -0.517911 -0.255770 0.861553,
        -0.468511 -0.248873 0.871665,
        -0.515889 -0.248873 0.871665,
        -0.470155 -0.239799 0.879880,
        -0.514245 -0.239799 0.879880,
        -0.471327 -0.229054 0.885741,
        -0.513073 -0.229054 0.885741,
        -0.471963 -0.217234 0.888922,
        -0.512437 -0.217234 0.888922,
        -0.472028 -0.204998 0.889247,
        -0.512372 -0.204998 0.889247,
        -0.471518 -0.193027 0.886696,
        -0.512882 -0.193027 0.886696,
        -0.470461 -0.181985 0.881413,
        -0.513939 -0.181985 0.881413,
        -0.468917 -0.172489 0.873691,
        -0.515483 -0.172489 0.873691,
        -0.466970 -0.165066 0.863958,
        -0.517430 -0.165066 0.863958,
        -0.532200 -0.122428 0.790107,
        -0.532200 -0.260107 0.790107,
        -0.452200 -0.260107 0.790107,
        -0.452200 -0.122428 0.790107,
        -0.532200 -0.105107 0.760107,
        -0.452200 -0.105107 0.760107,
        -0.914000 -0.260107 0.850107,
        -0.858000 -0.260107 0.850107,
        -0.860289 -0.255770 0.861553,
        -0.911711 -0.255770 0.861553,
        -0.862311 -0.248873 0.871665,
        -0.909689 -0.248873 0.871665,
        -0.863955 -0.239799 0.879880,
        -0.908045 -0.239799 0.879880,
        -0.865127 -0.229054 0.885741,
        -0.906873 -0.229054 0.885741,
        -0.865763 -0.217234 0.888922,
        -0.906237 -0.217234 0.888922,
        -0.865828 -0.204998 0.889247,
        -0.906172 -0.204998 0.889247,
        -0.865318 -0.193027 0.886696,
        -0.906682 -0.193027 0.886696,
        -0.864261 -0.181985 0.881413,
        -0.907739 -0.181985 0.881413,
        -0.862717 -0.172489 0.873691,
        -0.909283 -0.172489 0.873691,
        -0.860770 -0.165066 0.863958,
        -0.911230 -0.165066 0.863958,
        -0.926000 -0.122428 0.790107,
        -0.926000 -0.260107 0.790107,
        -0.846000 -0.260107 0.790107,
        -0.846000 -0.122428 0.790107,
        -0.926000 -0.105107 0.760107,
        -0.846000 -0.105107 0.760107,
        -1.110900 -0.260107 0.850107,
        -1.054900 -0.260107 0.850107,
        -1.057189 -0.255770 0.861553,
        -1.108611 -0.255770 0.861553,
        -1.059212 -0.248873 0.871665,
        -1.106589 -0.248873 0.871665,
        -1.060855 -0.239799 0.879880,
        -1.104945 -0.239799 0.879880,
        -1.062027 -0.229054 0.885741,
        -1.103773 -0.229054 0.885741,
        -1.062663 -0.217234 0.888922,
        -1.103137 -0.217234 0.888922,
        -1.062728 -0.204998 0.889247,
        -1.103072 -0.204998 0.889247,
        -1.062218 -0.193027 0.886696,
        -1.103582 -0.193027 0.886696,
        -1.061161 -0.181985 0.881413,
        -1.104639 -0.181985 0.881413,
        -1.059617 -0.172489 0.873691,
        -1.106183 -0.172489 0.873691,
        -1.057670 -0.165066 0.863958,
        -1.108130 -0.165066 0.863958,
        -1.122900 -0.122428 0.790107,
        -1.122900 -0.260107 0.790107,
        -1.042900 -0.260107 0.790107,
        -1.042900 -0.122428 0.790107,
        -1.122900 -0.105107 0.760107,
        -1.042900 -0.105107 0.760107,
        -1.504700 -0.260107 0.850107,
        -1.448700 -0.260107 0.850107,
        -1.450989 -0.255770 0.861553,
        -1.502411 -0.255770 0.861553,
        -1.453011 -0.248873 0.871665,
        -1.500389 -0.248873 0.871665,
        -1.454655 -0.239799 0.879880,
        -1.498745 -0.239799 0.879880,
        -1.455827 -0.229054 0.885741,
        -1.497573 -0.229054 0.885741,
        -1.456463 -0.217234 0.888922,
        -1.496937 -0.217234 0.888922,
        -1.456528 -0.204998 0.889247,
        -1.496872 -0.204998 0.889247,
        -1.456018 -0.193027 0.886696,
        -1.497382 -0.193027 0.886696,
        -1.454961 -0.181985 0.881413,
        -1.498439 -0.181985 0.881413,
        -1.453417 -0.172489 0.873691,
        -1.499983 -0.172489 0.873691,
        -1.451470 -0.165066 0.863958,
        -1.501930 -0.165066 0.863958,
        -1.516700 -0.122428 0.790107,
        -1.516700 -0.260107 0.790107,
        -1.436700 -0.260107 0.790107,
        -1.436700 -0.122428 0.790107,
        -1.516700 -0.105107 0.760107,
        -1.436700 -0.105107 0.760107,
        -1.701600 -0.260107 0.850107,
        -1.645600 -0.260107 0.850107,
        -1.647889 -0.255770 0.861553,
        -1.699311 -0.255770 0.861553,
        -1.649911 -0.248873 0.871665,
        -1.697289 -0.248873 0.871665,
        -1.651555 -0.239799 0.879880,
        -1.695646 -0.239799 0.879880,
        -1.652727 -0.229054 0.885741,
        -1.694473 -0.229054 0.885741,
        -1.653363 -0.217234 0.888922,
        -1.693837 -0.217234 0.888922,
        -1.653428 -0.204998 0.889247,
        -1.693772 -0.204998 0.889247,
        -1.652918 -0.193027 0.886696,
        -1.694282 -0.193027 0.886696,
        -1.651861 -0.181985 0.881413,
        -1.695339 -0.181985 0.881413,
        -1.650317 -0.172489 0.873691,
        -1.696883 -0.172489 0.873691,
        -1.648370 -0.165066 0.863958,
        -1.698830 -0.165066 0.863958,
        -1.713600 -0.122428 0.790107,
        -1.713600 -0.260107 0.790107,
        -1.633600 -0.260107 0.790107,
        -1.633600 -0.122428 0.790107,
        -1.713600 -0.105107 0.760107,
        -1.633600 -0.105107 0.760107,
        -2.095400 -0.260107 0.850107,
        -2.039400 -0.260107 0.850107,
        -2.041689 -0.255770 0.861553,
        -2.093111 -0.255770 0.861553,
        -2.043711 -0.248873 0.871665,
        -2.091089 -0.248873 0.871665,
        -2.045354 -0.239799 0.879880,
        -2.089445 -0.239799 0.879880,
        -2.046527 -0.229054 0.885741,
        -2.088273 -0.229054 0.885741,
        -2.047163 -0.217234 0.888922,
        -2.087637 -0.217234 0.888922,
        -2.047228 -0.204998 0.889247,
        -2.087572 -0.204998 0.889247,
        -2.046718 -0.193027 0.886696,
        -2.088082 -0.193027 0.886696,
        -2.045661 -0.181985 0.881413,
        -2.089139 -0.181985 0.881413,
        -2.044117 -0.172489 0.873691,
        -2.090683 -0.172489 0.873691,
        -2.042170 -0.165066 0.863958,
        -2.092630 -0.165066 0.863958,
        -2.107400 -0.122428 0.790107,
        -2.107400 -0.260107 0.790107,
        -2.027400 -0.260107 0.790107,
        -2.027400 -0.122428 0.790107,
        -2.107400 -0.105107 0.760107,
        -2.027400 -0.105107 0.760107,
        -2.292300 -0.260107 0.850107,
        -2.236300 -0.260107 0.850107,
        -2.238589 -0.255770 0.861553,
        -2.290011 -0.255770 0.861553,
        -2.240612 -0.248873 0.871665,
        -2.287989 -0.248873 0.871665,
        -2.242255 -0.239799 0.879880,
        -2.286345 -0.239799 0.879880,
        -2.243427 -0.229054 0.885741,
        -2.285173 -0.229054 0.885741,
        -2.244063 -0.217234 0.888922,
        -2.284537 -0.217234 0.888922,
        -2.244128 -0.204998 0.889247,
        -2.284472 -0.204998 0.889247,
        -2.243618 -0.193027 0.886696,
        -2.284982 -0.193027 0.886696,
        -2.242561 -0.181985 0.881413,
        -2.286039 -0.181985 0.881413,
        -2.241017 -0.172489 0.873691,
        -2.287583 -0.172489 0.873691,
        -2.239070 -0.165066 0.863958,
        -2.289530 -0.165066 0.863958,
        -2.304300 -0.122428 0.790107,
        -2.304300 -0.260107 0.790107,
        -2.224300 -0.260107 0.790107,
        -2.224300 -0.122428 0.790107,
        -2.304300 -0.105107 0.760107,
        -2.224300 -0.105107 0.760107,
        -2.686100 -0.260107 0.850107,
        -2.630100 -0.260107 0.850107,
        -2.632389 -0.255770 0.861553,
        -2.683811 -0.255770 0.861553,
        -2.634412 -0.248873 0.871665,
        -2.681789 -0.248873 0.871665,
        -2.636055 -0.239799 0.879880,
        -2.680146 -0.239799 0.879880,
        -2.637227 -0.229054 0.885741,
        -2.678973 -0.229054 0.885741,
        -2.637863 -0.217234 0.888922,
        -2.678337 -0.217234 0.888922,
        -2.637928 -0.204998 0.889247,
        -2.678272 -0.204998 0.889247,
        -2.637418 -0.193027 0.886696,
        -2.678782 -0.193027 0.886696,
        -2.636361 -0.181985 0.881413,
        -2.679839 -0.181985 0.881413,
        -2.634817 -0.172489 0.873691,
        -2.681383 -0.172489 0.873691,
        -2.632870 -0.165066 0.863958,
        -2.683330 -0.165066 0.863958,
        -2.698100 -0.122428 0.790107,
        -2.698100 -0.260107 0.790107,
        -2.618100 -0.260107 0.790107,
        -2.618100 -0.122428 0.790107,
        -2.698100 -0.105107 0.760107,
        -2.618100 -0.105107 0.760107,
        -2.895000 -0.105107 0.760107,
        -2.895000 -0.260107 0.790107,
        -2.895000 -0.122428 0.790107,
        -2.815000 -0.105107 0.760107,
        -2.880230 -0.165066 0.863958,
        -2.829770 -0.165066 0.863958,
        -2.815000 -0.122428 0.790107,
        -2.883000 -0.260107 0.850107,
        -2.827000 -0.260107 0.850107,
        -2.829289 -0.255770 0.861553,
        -2.880711 -0.255770 0.861553,
        -2.831311 -0.248873 0.871665,
        -2.878689 -0.248873 0.871665,
        -2.832954 -0.239799 0.879880,
        -2.877045 -0.239799 0.879880,
        -2.834127 -0.229054 0.885741,
        -2.875873 -0.229054 0.885741,
        -2.834763 -0.217234 0.888922,
        -2.875237 -0.217234 0.888922,
        -2.834828 -0.204998 0.889247,
        -2.875172 -0.204998 0.889247,
        -2.834318 -0.193027 0.886696,
        -2.875682 -0.193027 0.886696,
        -2.833261 -0.181985 0.881413,
        -2.876739 -0.181985 0.881413,
        -2.831717 -0.172489 0.873691,
        -2.878283 -0.172489 0.873691,
        -2.815000 -0.260107 0.790107,
      ]
    }
    coordIndex [
      485, 486, 487, -1,
      487, 486, 488, -1,
      489, 485, 490, -1,
      490, 485, 487, -1,
      491, 489, 492, -1,
      492, 489, 490, -1,
      493, 491, 494, -1,
      494, 491, 492, -1,
      480, 486, 485, -1,
      493, 188, 491, -1,
      491, 188, 183, -1,
      491, 183, 489, -1,
      489, 183, 485, -1,
      485, 183, 482, -1,
      485, 482, 480, -1,
      492, 490, 487, -1,
      483, 484, 197, -1,
      488, 483, 487, -1,
      487, 483, 197, -1,
      487, 197, 492, -1,
      492, 197, 189, -1,
      492, 189, 494, -1,
      488, 486, 483, -1,
      483, 486, 480, -1,
      188, 493, 189, -1,
      189, 493, 494, -1,
      495, 496, 497, -1,
      497, 496, 498, -1,
      499, 495, 500, -1,
      500, 495, 497, -1,
      501, 499, 502, -1,
      502, 499, 500, -1,
      503, 501, 504, -1,
      504, 501, 502, -1,
      476, 496, 495, -1,
      503, 190, 501, -1,
      501, 190, 191, -1,
      501, 191, 499, -1,
      499, 191, 495, -1,
      495, 191, 478, -1,
      495, 478, 476, -1,
      502, 500, 497, -1,
      479, 481, 182, -1,
      498, 479, 497, -1,
      497, 479, 182, -1,
      497, 182, 502, -1,
      502, 182, 181, -1,
      502, 181, 504, -1,
      498, 496, 479, -1,
      479, 496, 476, -1,
      190, 503, 181, -1,
      181, 503, 504, -1,
      505, 506, 507, -1,
      507, 506, 508, -1,
      509, 505, 510, -1,
      510, 505, 507, -1,
      511, 509, 512, -1,
      512, 509, 510, -1,
      513, 511, 514, -1,
      514, 511, 512, -1,
      472, 506, 505, -1,
      513, 169, 511, -1,
      511, 169, 160, -1,
      511, 160, 509, -1,
      509, 160, 505, -1,
      505, 160, 474, -1,
      505, 474, 472, -1,
      512, 510, 507, -1,
      475, 477, 192, -1,
      508, 475, 507, -1,
      507, 475, 192, -1,
      507, 192, 512, -1,
      512, 192, 170, -1,
      512, 170, 514, -1,
      508, 506, 475, -1,
      475, 506, 472, -1,
      169, 513, 170, -1,
      170, 513, 514, -1,
      515, 516, 517, -1,
      517, 516, 518, -1,
      519, 515, 520, -1,
      520, 515, 517, -1,
      521, 519, 522, -1,
      522, 519, 520, -1,
      523, 521, 524, -1,
      524, 521, 522, -1,
      468, 516, 515, -1,
      523, 174, 521, -1,
      521, 174, 175, -1,
      521, 175, 519, -1,
      519, 175, 515, -1,
      515, 175, 470, -1,
      515, 470, 468, -1,
      522, 520, 517, -1,
      471, 473, 159, -1,
      518, 471, 517, -1,
      517, 471, 159, -1,
      517, 159, 522, -1,
      522, 159, 158, -1,
      522, 158, 524, -1,
      518, 516, 471, -1,
      471, 516, 468, -1,
      174, 523, 158, -1,
      158, 523, 524, -1,
      525, 526, 527, -1,
      527, 526, 528, -1,
      529, 525, 530, -1,
      530, 525, 527, -1,
      531, 529, 532, -1,
      532, 529, 530, -1,
      533, 531, 534, -1,
      534, 531, 532, -1,
      464, 526, 525, -1,
      533, 132, 531, -1,
      531, 132, 119, -1,
      531, 119, 529, -1,
      529, 119, 525, -1,
      525, 119, 466, -1,
      525, 466, 464, -1,
      532, 530, 527, -1,
      467, 469, 176, -1,
      528, 467, 527, -1,
      527, 467, 176, -1,
      527, 176, 532, -1,
      532, 176, 133, -1,
      532, 133, 534, -1,
      528, 526, 467, -1,
      467, 526, 464, -1,
      132, 533, 133, -1,
      133, 533, 534, -1,
      535, 536, 537, -1,
      537, 536, 538, -1,
      539, 535, 540, -1,
      540, 535, 537, -1,
      541, 539, 542, -1,
      542, 539, 540, -1,
      543, 541, 544, -1,
      544, 541, 542, -1,
      460, 536, 535, -1,
      543, 143, 541, -1,
      541, 143, 144, -1,
      541, 144, 539, -1,
      539, 144, 535, -1,
      535, 144, 462, -1,
      535, 462, 460, -1,
      542, 540, 537, -1,
      463, 465, 118, -1,
      538, 463, 537, -1,
      537, 463, 118, -1,
      537, 118, 542, -1,
      542, 118, 117, -1,
      542, 117, 544, -1,
      538, 536, 463, -1,
      463, 536, 460, -1,
      143, 543, 117, -1,
      117, 543, 544, -1,
      545, 546, 547, -1,
      547, 546, 548, -1,
      549, 545, 550, -1,
      550, 545, 547, -1,
      551, 549, 552, -1,
      552, 549, 550, -1,
      553, 551, 554, -1,
      554, 551, 552, -1,
      456, 546, 545, -1,
      553, 94, 551, -1,
      551, 94, 92, -1,
      551, 92, 549, -1,
      549, 92, 545, -1,
      545, 92, 458, -1,
      545, 458, 456, -1,
      552, 550, 547, -1,
      459, 461, 145, -1,
      548, 459, 547, -1,
      547, 459, 145, -1,
      547, 145, 552, -1,
      552, 145, 105, -1,
      552, 105, 554, -1,
      548, 546, 459, -1,
      459, 546, 456, -1,
      94, 553, 105, -1,
      105, 553, 554, -1,
      555, 556, 557, -1,
      557, 556, 558, -1,
      559, 555, 560, -1,
      560, 555, 557, -1,
      561, 559, 562, -1,
      562, 559, 560, -1,
      563, 561, 564, -1,
      564, 561, 562, -1,
      452, 556, 555, -1,
      563, 104, 561, -1,
      561, 104, 97, -1,
      561, 97, 559, -1,
      559, 97, 555, -1,
      555, 97, 454, -1,
      555, 454, 452, -1,
      562, 560, 557, -1,
      455, 457, 91, -1,
      558, 455, 557, -1,
      557, 455, 91, -1,
      557, 91, 562, -1,
      562, 91, 93, -1,
      562, 93, 564, -1,
      558, 556, 455, -1,
      455, 556, 452, -1,
      104, 563, 93, -1,
      93, 563, 564, -1,
      565, 566, 567, -1,
      567, 566, 568, -1,
      569, 565, 570, -1,
      570, 565, 567, -1,
      571, 569, 572, -1,
      572, 569, 570, -1,
      573, 571, 574, -1,
      574, 571, 572, -1,
      448, 566, 565, -1,
      573, 124, 571, -1,
      571, 124, 125, -1,
      571, 125, 569, -1,
      569, 125, 565, -1,
      565, 125, 450, -1,
      565, 450, 448, -1,
      572, 570, 567, -1,
      451, 453, 96, -1,
      568, 451, 567, -1,
      567, 451, 96, -1,
      567, 96, 572, -1,
      572, 96, 95, -1,
      572, 95, 574, -1,
      568, 566, 451, -1,
      451, 566, 448, -1,
      124, 573, 95, -1,
      95, 573, 574, -1,
      575, 576, 577, -1,
      577, 576, 578, -1,
      579, 575, 580, -1,
      580, 575, 577, -1,
      581, 579, 582, -1,
      582, 579, 580, -1,
      583, 581, 584, -1,
      584, 581, 582, -1,
      444, 576, 575, -1,
      583, 115, 581, -1,
      581, 115, 100, -1,
      581, 100, 579, -1,
      579, 100, 575, -1,
      575, 100, 446, -1,
      575, 446, 444, -1,
      582, 580, 577, -1,
      447, 449, 126, -1,
      578, 447, 577, -1,
      577, 447, 126, -1,
      577, 126, 582, -1,
      582, 126, 116, -1,
      582, 116, 584, -1,
      578, 576, 447, -1,
      447, 576, 444, -1,
      115, 583, 116, -1,
      116, 583, 584, -1,
      585, 586, 587, -1,
      587, 586, 588, -1,
      589, 585, 590, -1,
      590, 585, 587, -1,
      591, 589, 592, -1,
      592, 589, 590, -1,
      593, 591, 594, -1,
      594, 591, 592, -1,
      440, 586, 585, -1,
      593, 123, 591, -1,
      591, 123, 122, -1,
      591, 122, 589, -1,
      589, 122, 585, -1,
      585, 122, 442, -1,
      585, 442, 440, -1,
      592, 590, 587, -1,
      443, 445, 99, -1,
      588, 443, 587, -1,
      587, 443, 99, -1,
      587, 99, 592, -1,
      592, 99, 98, -1,
      592, 98, 594, -1,
      588, 586, 443, -1,
      443, 586, 440, -1,
      123, 593, 98, -1,
      98, 593, 594, -1,
      595, 596, 597, -1,
      597, 596, 598, -1,
      599, 595, 600, -1,
      600, 595, 597, -1,
      601, 599, 602, -1,
      602, 599, 600, -1,
      603, 601, 604, -1,
      604, 601, 602, -1,
      436, 596, 595, -1,
      603, 89, 601, -1,
      601, 89, 84, -1,
      601, 84, 599, -1,
      599, 84, 595, -1,
      595, 84, 438, -1,
      595, 438, 436, -1,
      602, 600, 597, -1,
      439, 441, 121, -1,
      598, 439, 597, -1,
      597, 439, 121, -1,
      597, 121, 602, -1,
      602, 121, 90, -1,
      602, 90, 604, -1,
      598, 596, 439, -1,
      439, 596, 436, -1,
      89, 603, 90, -1,
      90, 603, 604, -1,
      605, 606, 607, -1,
      607, 606, 608, -1,
      609, 605, 610, -1,
      610, 605, 607, -1,
      611, 609, 612, -1,
      612, 609, 610, -1,
      613, 611, 614, -1,
      614, 611, 612, -1,
      432, 606, 605, -1,
      613, 103, 611, -1,
      611, 103, 102, -1,
      611, 102, 609, -1,
      609, 102, 605, -1,
      605, 102, 434, -1,
      605, 434, 432, -1,
      612, 610, 607, -1,
      435, 437, 83, -1,
      608, 435, 607, -1,
      607, 435, 83, -1,
      607, 83, 612, -1,
      612, 83, 82, -1,
      612, 82, 614, -1,
      608, 606, 435, -1,
      435, 606, 432, -1,
      103, 613, 82, -1,
      82, 613, 614, -1,
      615, 616, 617, -1,
      617, 616, 618, -1,
      619, 615, 620, -1,
      620, 615, 617, -1,
      621, 619, 622, -1,
      622, 619, 620, -1,
      623, 621, 624, -1,
      624, 621, 622, -1,
      428, 616, 615, -1,
      623, 80, 621, -1,
      621, 80, 47, -1,
      621, 47, 619, -1,
      619, 47, 615, -1,
      615, 47, 430, -1,
      615, 430, 428, -1,
      622, 620, 617, -1,
      431, 433, 101, -1,
      618, 431, 617, -1,
      617, 431, 101, -1,
      617, 101, 622, -1,
      622, 101, 81, -1,
      622, 81, 624, -1,
      618, 616, 431, -1,
      431, 616, 428, -1,
      80, 623, 81, -1,
      81, 623, 624, -1,
      625, 626, 627, -1,
      627, 626, 628, -1,
      629, 625, 630, -1,
      630, 625, 627, -1,
      631, 629, 632, -1,
      632, 629, 630, -1,
      633, 631, 634, -1,
      634, 631, 632, -1,
      424, 626, 625, -1,
      633, 88, 631, -1,
      631, 88, 86, -1,
      631, 86, 629, -1,
      629, 86, 625, -1,
      625, 86, 426, -1,
      625, 426, 424, -1,
      632, 630, 627, -1,
      427, 429, 46, -1,
      628, 427, 627, -1,
      627, 427, 46, -1,
      627, 46, 632, -1,
      632, 46, 45, -1,
      632, 45, 634, -1,
      628, 626, 427, -1,
      427, 626, 424, -1,
      88, 633, 45, -1,
      45, 633, 634, -1,
      635, 636, 637, -1,
      637, 636, 638, -1,
      639, 635, 640, -1,
      640, 635, 637, -1,
      641, 639, 642, -1,
      642, 639, 640, -1,
      643, 641, 644, -1,
      644, 641, 642, -1,
      420, 636, 635, -1,
      643, 79, 641, -1,
      641, 79, 77, -1,
      641, 77, 639, -1,
      639, 77, 635, -1,
      635, 77, 422, -1,
      635, 422, 420, -1,
      642, 640, 637, -1,
      423, 425, 85, -1,
      638, 423, 637, -1,
      637, 423, 85, -1,
      637, 85, 642, -1,
      642, 85, 87, -1,
      642, 87, 644, -1,
      638, 636, 423, -1,
      423, 636, 420, -1,
      79, 643, 87, -1,
      87, 643, 644, -1,
      645, 646, 647, -1,
      647, 646, 648, -1,
      649, 645, 650, -1,
      650, 645, 647, -1,
      651, 649, 652, -1,
      652, 649, 650, -1,
      653, 651, 654, -1,
      654, 651, 652, -1,
      416, 646, 645, -1,
      653, 70, 651, -1,
      651, 70, 68, -1,
      651, 68, 649, -1,
      649, 68, 645, -1,
      645, 68, 418, -1,
      645, 418, 416, -1,
      652, 650, 647, -1,
      419, 421, 76, -1,
      648, 419, 647, -1,
      647, 419, 76, -1,
      647, 76, 652, -1,
      652, 76, 78, -1,
      652, 78, 654, -1,
      648, 646, 419, -1,
      419, 646, 416, -1,
      70, 653, 78, -1,
      78, 653, 654, -1,
      655, 656, 657, -1,
      657, 656, 658, -1,
      659, 655, 660, -1,
      660, 655, 657, -1,
      661, 659, 662, -1,
      662, 659, 660, -1,
      663, 661, 664, -1,
      664, 661, 662, -1,
      412, 656, 655, -1,
      663, 72, 661, -1,
      661, 72, 53, -1,
      661, 53, 659, -1,
      659, 53, 655, -1,
      655, 53, 414, -1,
      655, 414, 412, -1,
      662, 660, 657, -1,
      415, 417, 67, -1,
      658, 415, 657, -1,
      657, 415, 67, -1,
      657, 67, 662, -1,
      662, 67, 69, -1,
      662, 69, 664, -1,
      658, 656, 415, -1,
      415, 656, 412, -1,
      72, 663, 69, -1,
      69, 663, 664, -1,
      665, 666, 667, -1,
      667, 666, 668, -1,
      669, 665, 670, -1,
      670, 665, 667, -1,
      671, 669, 672, -1,
      672, 669, 670, -1,
      673, 671, 674, -1,
      674, 671, 672, -1,
      408, 666, 665, -1,
      673, 73, 671, -1,
      671, 73, 74, -1,
      671, 74, 669, -1,
      669, 74, 665, -1,
      665, 74, 410, -1,
      665, 410, 408, -1,
      672, 670, 667, -1,
      411, 413, 52, -1,
      668, 411, 667, -1,
      667, 411, 52, -1,
      667, 52, 672, -1,
      672, 52, 51, -1,
      672, 51, 674, -1,
      668, 666, 411, -1,
      411, 666, 408, -1,
      73, 673, 51, -1,
      51, 673, 674, -1,
      675, 676, 677, -1,
      677, 676, 678, -1,
      679, 675, 680, -1,
      680, 675, 677, -1,
      681, 679, 682, -1,
      682, 679, 680, -1,
      683, 681, 684, -1,
      684, 681, 682, -1,
      406, 676, 675, -1,
      683, 65, 681, -1,
      681, 65, 64, -1,
      681, 64, 679, -1,
      679, 64, 675, -1,
      675, 64, 405, -1,
      675, 405, 406, -1,
      682, 680, 677, -1,
      407, 409, 75, -1,
      678, 407, 677, -1,
      677, 407, 75, -1,
      677, 75, 682, -1,
      682, 75, 66, -1,
      682, 66, 684, -1,
      678, 676, 407, -1,
      407, 676, 406, -1,
      65, 683, 66, -1,
      66, 683, 684, -1,
      685, 686, 687, -1,
      687, 686, 688, -1,
      689, 685, 690, -1,
      690, 685, 687, -1,
      691, 689, 692, -1,
      692, 689, 690, -1,
      693, 691, 694, -1,
      694, 691, 692, -1,
      12, 694, 692, -1,
      688, 167, 687, -1,
      687, 167, 166, -1,
      687, 166, 690, -1,
      690, 166, 692, -1,
      692, 166, 404, -1,
      692, 404, 12, -1,
      685, 689, 691, -1,
      11, 402, 177, -1,
      693, 11, 691, -1,
      691, 11, 177, -1,
      691, 177, 685, -1,
      685, 177, 168, -1,
      685, 168, 686, -1,
      167, 688, 168, -1,
      168, 688, 686, -1,
      693, 694, 11, -1,
      11, 694, 12, -1,
      695, 696, 697, -1,
      697, 696, 698, -1,
      696, 699, 698, -1,
      698, 699, 700, -1,
      699, 701, 700, -1,
      700, 701, 702, -1,
      701, 703, 702, -1,
      702, 703, 704, -1,
      14, 697, 698, -1,
      704, 131, 702, -1,
      702, 131, 130, -1,
      702, 130, 700, -1,
      700, 130, 698, -1,
      698, 130, 366, -1,
      698, 366, 14, -1,
      701, 699, 696, -1,
      13, 403, 165, -1,
      695, 13, 696, -1,
      696, 13, 165, -1,
      696, 165, 701, -1,
      701, 165, 157, -1,
      701, 157, 703, -1,
      131, 704, 157, -1,
      157, 704, 703, -1,
      695, 697, 13, -1,
      13, 697, 14, -1,
      705, 706, 707, -1,
      707, 706, 708, -1,
      709, 705, 710, -1,
      710, 705, 707, -1,
      711, 709, 712, -1,
      712, 709, 710, -1,
      713, 711, 714, -1,
      714, 711, 712, -1,
      10, 714, 712, -1,
      708, 179, 707, -1,
      707, 179, 178, -1,
      707, 178, 710, -1,
      710, 178, 712, -1,
      712, 178, 401, -1,
      712, 401, 10, -1,
      705, 709, 711, -1,
      9, 400, 184, -1,
      713, 9, 711, -1,
      711, 9, 184, -1,
      711, 184, 705, -1,
      705, 184, 180, -1,
      705, 180, 706, -1,
      179, 708, 180, -1,
      180, 708, 706, -1,
      713, 714, 9, -1,
      9, 714, 10, -1,
      715, 716, 717, -1,
      717, 716, 718, -1,
      719, 715, 720, -1,
      720, 715, 717, -1,
      721, 719, 722, -1,
      722, 719, 720, -1,
      723, 721, 724, -1,
      724, 721, 722, -1,
      8, 724, 722, -1,
      718, 186, 717, -1,
      717, 186, 185, -1,
      717, 185, 720, -1,
      720, 185, 722, -1,
      722, 185, 399, -1,
      722, 399, 8, -1,
      715, 719, 721, -1,
      7, 398, 193, -1,
      723, 7, 721, -1,
      721, 7, 193, -1,
      721, 193, 715, -1,
      715, 193, 187, -1,
      715, 187, 716, -1,
      186, 718, 187, -1,
      187, 718, 716, -1,
      723, 724, 7, -1,
      7, 724, 8, -1,
      725, 726, 727, -1,
      727, 726, 728, -1,
      729, 725, 730, -1,
      730, 725, 727, -1,
      731, 729, 732, -1,
      732, 729, 730, -1,
      733, 731, 734, -1,
      734, 731, 732, -1,
      6, 734, 732, -1,
      728, 195, 727, -1,
      727, 195, 194, -1,
      727, 194, 730, -1,
      730, 194, 732, -1,
      732, 194, 397, -1,
      732, 397, 6, -1,
      725, 729, 731, -1,
      5, 396, 198, -1,
      733, 5, 731, -1,
      731, 5, 198, -1,
      731, 198, 725, -1,
      725, 198, 196, -1,
      725, 196, 726, -1,
      195, 728, 196, -1,
      196, 728, 726, -1,
      733, 734, 5, -1,
      5, 734, 6, -1,
      735, 736, 737, -1,
      737, 736, 738, -1,
      739, 735, 740, -1,
      740, 735, 737, -1,
      741, 739, 742, -1,
      742, 739, 740, -1,
      743, 741, 744, -1,
      744, 741, 742, -1,
      4, 744, 742, -1,
      738, 200, 737, -1,
      737, 200, 199, -1,
      737, 199, 740, -1,
      740, 199, 742, -1,
      742, 199, 395, -1,
      742, 395, 4, -1,
      735, 739, 741, -1,
      3, 394, 202, -1,
      743, 3, 741, -1,
      741, 3, 202, -1,
      741, 202, 735, -1,
      735, 202, 201, -1,
      735, 201, 736, -1,
      200, 738, 201, -1,
      201, 738, 736, -1,
      743, 744, 3, -1,
      3, 744, 4, -1,
      745, 746, 747, -1,
      747, 746, 748, -1,
      749, 745, 750, -1,
      750, 745, 747, -1,
      751, 749, 752, -1,
      752, 749, 750, -1,
      753, 751, 754, -1,
      754, 751, 752, -1,
      2, 754, 752, -1,
      748, 204, 747, -1,
      747, 204, 203, -1,
      747, 203, 750, -1,
      750, 203, 752, -1,
      752, 203, 393, -1,
      752, 393, 2, -1,
      745, 749, 751, -1,
      1, 392, 128, -1,
      753, 1, 751, -1,
      751, 1, 128, -1,
      751, 128, 745, -1,
      745, 128, 127, -1,
      745, 127, 746, -1,
      204, 748, 127, -1,
      127, 748, 746, -1,
      753, 754, 1, -1,
      1, 754, 2, -1,
      755, 756, 757, -1,
      757, 756, 758, -1,
      759, 755, 760, -1,
      760, 755, 757, -1,
      761, 759, 762, -1,
      762, 759, 760, -1,
      763, 761, 764, -1,
      764, 761, 762, -1,
      0, 764, 762, -1,
      758, 106, 757, -1,
      757, 106, 129, -1,
      757, 129, 760, -1,
      760, 129, 762, -1,
      762, 129, 391, -1,
      762, 391, 0, -1,
      755, 759, 761, -1,
      35, 390, 111, -1,
      763, 35, 761, -1,
      761, 35, 111, -1,
      761, 111, 755, -1,
      755, 111, 107, -1,
      755, 107, 756, -1,
      106, 758, 107, -1,
      107, 758, 756, -1,
      35, 763, 36, -1,
      36, 763, 764, -1,
      36, 764, 0, -1,
      765, 766, 767, -1,
      767, 766, 768, -1,
      769, 765, 770, -1,
      770, 765, 767, -1,
      771, 769, 772, -1,
      772, 769, 770, -1,
      773, 771, 774, -1,
      774, 771, 772, -1,
      34, 774, 772, -1,
      768, 113, 767, -1,
      767, 113, 112, -1,
      767, 112, 770, -1,
      770, 112, 772, -1,
      772, 112, 389, -1,
      772, 389, 34, -1,
      765, 769, 771, -1,
      33, 388, 134, -1,
      773, 33, 771, -1,
      771, 33, 134, -1,
      771, 134, 765, -1,
      765, 134, 114, -1,
      765, 114, 766, -1,
      113, 768, 114, -1,
      114, 768, 766, -1,
      773, 774, 33, -1,
      33, 774, 34, -1,
      775, 776, 777, -1,
      777, 776, 778, -1,
      779, 775, 780, -1,
      780, 775, 777, -1,
      781, 779, 782, -1,
      782, 779, 780, -1,
      783, 781, 784, -1,
      784, 781, 782, -1,
      32, 784, 782, -1,
      778, 136, 777, -1,
      777, 136, 135, -1,
      777, 135, 780, -1,
      780, 135, 782, -1,
      782, 135, 387, -1,
      782, 387, 32, -1,
      775, 779, 781, -1,
      31, 386, 146, -1,
      783, 31, 781, -1,
      781, 31, 146, -1,
      781, 146, 775, -1,
      775, 146, 137, -1,
      775, 137, 776, -1,
      136, 778, 137, -1,
      137, 778, 776, -1,
      783, 784, 31, -1,
      31, 784, 32, -1,
      785, 786, 787, -1,
      787, 786, 788, -1,
      789, 785, 790, -1,
      790, 785, 787, -1,
      791, 789, 792, -1,
      792, 789, 790, -1,
      793, 791, 794, -1,
      794, 791, 792, -1,
      30, 794, 792, -1,
      788, 148, 787, -1,
      787, 148, 147, -1,
      787, 147, 790, -1,
      790, 147, 792, -1,
      792, 147, 385, -1,
      792, 385, 30, -1,
      785, 789, 791, -1,
      29, 384, 150, -1,
      793, 29, 791, -1,
      791, 29, 150, -1,
      791, 150, 785, -1,
      785, 150, 149, -1,
      785, 149, 786, -1,
      148, 788, 149, -1,
      149, 788, 786, -1,
      793, 794, 29, -1,
      29, 794, 30, -1,
      795, 796, 797, -1,
      797, 796, 798, -1,
      799, 795, 800, -1,
      800, 795, 797, -1,
      801, 799, 802, -1,
      802, 799, 800, -1,
      803, 801, 804, -1,
      804, 801, 802, -1,
      28, 804, 802, -1,
      798, 152, 797, -1,
      797, 152, 151, -1,
      797, 151, 800, -1,
      800, 151, 802, -1,
      802, 151, 383, -1,
      802, 383, 28, -1,
      795, 799, 801, -1,
      27, 382, 154, -1,
      803, 27, 801, -1,
      801, 27, 154, -1,
      801, 154, 795, -1,
      795, 154, 153, -1,
      795, 153, 796, -1,
      152, 798, 153, -1,
      153, 798, 796, -1,
      803, 804, 27, -1,
      27, 804, 28, -1,
      805, 806, 807, -1,
      807, 806, 808, -1,
      809, 805, 810, -1,
      810, 805, 807, -1,
      811, 809, 812, -1,
      812, 809, 810, -1,
      813, 811, 814, -1,
      814, 811, 812, -1,
      26, 814, 812, -1,
      808, 156, 807, -1,
      807, 156, 155, -1,
      807, 155, 810, -1,
      810, 155, 812, -1,
      812, 155, 381, -1,
      812, 381, 26, -1,
      805, 809, 811, -1,
      25, 380, 109, -1,
      813, 25, 811, -1,
      811, 25, 109, -1,
      811, 109, 805, -1,
      805, 109, 108, -1,
      805, 108, 806, -1,
      156, 808, 108, -1,
      108, 808, 806, -1,
      813, 814, 25, -1,
      25, 814, 26, -1,
      815, 816, 817, -1,
      817, 816, 818, -1,
      819, 815, 820, -1,
      820, 815, 817, -1,
      821, 819, 822, -1,
      822, 819, 820, -1,
      823, 821, 824, -1,
      824, 821, 822, -1,
      24, 824, 822, -1,
      818, 138, 817, -1,
      817, 138, 110, -1,
      817, 110, 820, -1,
      820, 110, 822, -1,
      822, 110, 379, -1,
      822, 379, 24, -1,
      815, 819, 821, -1,
      23, 378, 161, -1,
      823, 23, 821, -1,
      821, 23, 161, -1,
      821, 161, 815, -1,
      815, 161, 139, -1,
      815, 139, 816, -1,
      138, 818, 139, -1,
      139, 818, 816, -1,
      823, 824, 23, -1,
      23, 824, 24, -1,
      825, 826, 827, -1,
      827, 826, 828, -1,
      829, 825, 830, -1,
      830, 825, 827, -1,
      831, 829, 832, -1,
      832, 829, 830, -1,
      833, 831, 834, -1,
      834, 831, 832, -1,
      22, 834, 832, -1,
      828, 163, 827, -1,
      827, 163, 162, -1,
      827, 162, 830, -1,
      830, 162, 832, -1,
      832, 162, 377, -1,
      832, 377, 22, -1,
      825, 829, 831, -1,
      21, 376, 173, -1,
      833, 21, 831, -1,
      831, 21, 173, -1,
      831, 173, 825, -1,
      825, 173, 164, -1,
      825, 164, 826, -1,
      163, 828, 164, -1,
      164, 828, 826, -1,
      833, 834, 21, -1,
      21, 834, 22, -1,
      835, 836, 837, -1,
      837, 836, 838, -1,
      839, 835, 840, -1,
      840, 835, 837, -1,
      841, 839, 842, -1,
      842, 839, 840, -1,
      843, 841, 844, -1,
      844, 841, 842, -1,
      20, 844, 842, -1,
      838, 171, 837, -1,
      837, 171, 172, -1,
      837, 172, 840, -1,
      840, 172, 842, -1,
      842, 172, 375, -1,
      842, 375, 20, -1,
      835, 839, 841, -1,
      19, 374, 141, -1,
      843, 19, 841, -1,
      841, 19, 141, -1,
      841, 141, 835, -1,
      835, 141, 140, -1,
      835, 140, 836, -1,
      171, 838, 140, -1,
      140, 838, 836, -1,
      843, 844, 19, -1,
      19, 844, 20, -1,
      845, 846, 847, -1,
      847, 846, 848, -1,
      849, 845, 850, -1,
      850, 845, 847, -1,
      851, 849, 852, -1,
      852, 849, 850, -1,
      853, 851, 854, -1,
      854, 851, 852, -1,
      18, 854, 852, -1,
      848, 120, 847, -1,
      847, 120, 142, -1,
      847, 142, 850, -1,
      850, 142, 852, -1,
      852, 142, 373, -1,
      852, 373, 18, -1,
      845, 849, 851, -1,
      17, 372, 49, -1,
      853, 17, 851, -1,
      851, 17, 49, -1,
      851, 49, 845, -1,
      845, 49, 48, -1,
      845, 48, 846, -1,
      120, 848, 48, -1,
      48, 848, 846, -1,
      853, 854, 17, -1,
      17, 854, 18, -1,
      855, 856, 857, -1,
      857, 856, 858, -1,
      859, 855, 860, -1,
      860, 855, 857, -1,
      861, 859, 862, -1,
      862, 859, 860, -1,
      863, 861, 864, -1,
      864, 861, 862, -1,
      16, 864, 862, -1,
      858, 71, 857, -1,
      857, 71, 50, -1,
      857, 50, 860, -1,
      860, 50, 862, -1,
      862, 50, 371, -1,
      862, 371, 16, -1,
      855, 859, 861, -1,
      15, 370, 57, -1,
      863, 15, 861, -1,
      861, 15, 57, -1,
      861, 57, 855, -1,
      855, 57, 59, -1,
      855, 59, 856, -1,
      71, 858, 59, -1,
      59, 858, 856, -1,
      863, 864, 15, -1,
      15, 864, 16, -1,
      865, 866, 867, -1,
      867, 866, 868, -1,
      869, 865, 870, -1,
      870, 865, 867, -1,
      871, 869, 872, -1,
      872, 869, 870, -1,
      873, 871, 874, -1,
      874, 871, 872, -1,
      37, 874, 872, -1,
      868, 60, 867, -1,
      867, 60, 58, -1,
      867, 58, 870, -1,
      870, 58, 872, -1,
      872, 58, 369, -1,
      872, 369, 37, -1,
      865, 869, 871, -1,
      40, 368, 55, -1,
      873, 40, 871, -1,
      871, 40, 55, -1,
      871, 55, 865, -1,
      865, 55, 54, -1,
      865, 54, 866, -1,
      60, 868, 54, -1,
      54, 868, 866, -1,
      40, 873, 39, -1,
      39, 873, 874, -1,
      39, 874, 38, -1,
      38, 874, 37, -1,
      875, 876, 877, -1,
      877, 876, 878, -1,
      879, 875, 880, -1,
      880, 875, 877, -1,
      881, 879, 882, -1,
      882, 879, 880, -1,
      883, 881, 884, -1,
      884, 881, 882, -1,
      44, 884, 882, -1,
      878, 63, 877, -1,
      877, 63, 56, -1,
      877, 56, 880, -1,
      880, 56, 882, -1,
      882, 56, 367, -1,
      882, 367, 44, -1,
      875, 879, 881, -1,
      41, 365, 61, -1,
      883, 41, 881, -1,
      881, 41, 61, -1,
      881, 61, 875, -1,
      875, 61, 62, -1,
      875, 62, 876, -1,
      63, 878, 62, -1,
      62, 878, 876, -1,
      41, 883, 42, -1,
      42, 883, 884, -1,
      42, 884, 43, -1,
      43, 884, 44, -1,
      885, 886, 887, -1,
      888, 885, 889, -1,
      889, 885, 887, -1,
      889, 887, 890, -1,
      890, 887, 891, -1,
      890, 891, 892, -1,
      892, 891, 893, -1,
      892, 893, 894, -1,
      894, 893, 895, -1,
      894, 895, 896, -1,
      896, 895, 897, -1,
      886, 885, 898, -1,
      898, 885, 282, -1,
      898, 282, 284, -1,
      899, 900, 901, -1,
      901, 900, 902, -1,
      902, 903, 901, -1,
      901, 903, 904, -1,
      901, 904, 905, -1,
      905, 904, 906, -1,
      905, 906, 907, -1,
      907, 906, 908, -1,
      907, 908, 909, -1,
      909, 908, 910, -1,
      909, 910, 911, -1,
      283, 912, 284, -1,
      284, 912, 898, -1,
      898, 912, 886, -1,
      886, 912, 899, -1,
      886, 899, 887, -1,
      887, 899, 901, -1,
      887, 901, 905, -1,
      887, 905, 891, -1,
      891, 905, 907, -1,
      891, 907, 893, -1,
      893, 907, 909, -1,
      893, 909, 895, -1,
      895, 909, 911, -1,
      895, 911, 897, -1,
      897, 911, 910, -1,
      897, 910, 896, -1,
      896, 910, 908, -1,
      896, 908, 894, -1,
      894, 908, 906, -1,
      894, 906, 892, -1,
      892, 906, 904, -1,
      892, 904, 890, -1,
      890, 904, 903, -1,
      890, 903, 889, -1,
      889, 903, 902, -1,
      889, 902, 888, -1,
      888, 902, 885, -1,
      885, 902, 900, -1,
      885, 900, 282, -1,
      282, 900, 205, -1,
      283, 205, 912, -1,
      912, 205, 900, -1,
      912, 900, 899, -1,
      913, 914, 915, -1,
      913, 915, 916, -1,
      916, 915, 917, -1,
      916, 917, 918, -1,
      918, 917, 919, -1,
      918, 919, 920, -1,
      920, 919, 921, -1,
      920, 921, 922, -1,
      922, 921, 923, -1,
      922, 923, 924, -1,
      924, 923, 925, -1,
      924, 925, 926, -1,
      926, 925, 927, -1,
      926, 927, 928, -1,
      928, 927, 929, -1,
      928, 929, 930, -1,
      930, 929, 931, -1,
      930, 931, 932, -1,
      932, 931, 933, -1,
      932, 933, 934, -1,
      935, 936, 913, -1,
      934, 935, 932, -1,
      932, 935, 913, -1,
      932, 913, 930, -1,
      930, 913, 916, -1,
      930, 916, 928, -1,
      928, 916, 918, -1,
      928, 918, 926, -1,
      926, 918, 920, -1,
      926, 920, 924, -1,
      924, 920, 922, -1,
      914, 913, 937, -1,
      937, 913, 936, -1,
      937, 936, 938, -1,
      938, 936, 939, -1,
      937, 940, 914, -1,
      914, 940, 933, -1,
      933, 931, 914, -1,
      914, 931, 929, -1,
      914, 929, 915, -1,
      915, 929, 927, -1,
      915, 927, 917, -1,
      917, 927, 925, -1,
      917, 925, 919, -1,
      919, 925, 923, -1,
      919, 923, 921, -1,
      280, 206, 938, -1,
      938, 206, 940, -1,
      938, 940, 937, -1,
      936, 935, 939, -1,
      939, 935, 279, -1,
      939, 279, 281, -1,
      280, 938, 281, -1,
      281, 938, 939, -1,
      934, 933, 935, -1,
      935, 933, 940, -1,
      935, 940, 279, -1,
      279, 940, 206, -1,
      941, 942, 943, -1,
      941, 943, 944, -1,
      944, 943, 945, -1,
      944, 945, 946, -1,
      946, 945, 947, -1,
      946, 947, 948, -1,
      948, 947, 949, -1,
      948, 949, 950, -1,
      950, 949, 951, -1,
      950, 951, 952, -1,
      952, 951, 953, -1,
      952, 953, 954, -1,
      954, 953, 955, -1,
      954, 955, 956, -1,
      956, 955, 957, -1,
      956, 957, 958, -1,
      958, 957, 959, -1,
      958, 959, 960, -1,
      960, 959, 961, -1,
      960, 961, 962, -1,
      963, 964, 941, -1,
      962, 963, 960, -1,
      960, 963, 941, -1,
      960, 941, 958, -1,
      958, 941, 944, -1,
      958, 944, 956, -1,
      956, 944, 946, -1,
      956, 946, 954, -1,
      954, 946, 948, -1,
      954, 948, 952, -1,
      952, 948, 950, -1,
      942, 941, 965, -1,
      965, 941, 964, -1,
      965, 964, 966, -1,
      966, 964, 967, -1,
      965, 968, 942, -1,
      942, 968, 961, -1,
      961, 959, 942, -1,
      942, 959, 957, -1,
      942, 957, 943, -1,
      943, 957, 955, -1,
      943, 955, 945, -1,
      945, 955, 953, -1,
      945, 953, 947, -1,
      947, 953, 951, -1,
      947, 951, 949, -1,
      277, 207, 966, -1,
      966, 207, 968, -1,
      966, 968, 965, -1,
      964, 963, 967, -1,
      967, 963, 276, -1,
      967, 276, 278, -1,
      277, 966, 278, -1,
      278, 966, 967, -1,
      962, 961, 963, -1,
      963, 961, 968, -1,
      963, 968, 276, -1,
      276, 968, 207, -1,
      969, 970, 971, -1,
      969, 971, 972, -1,
      972, 971, 973, -1,
      972, 973, 974, -1,
      974, 973, 975, -1,
      974, 975, 976, -1,
      976, 975, 977, -1,
      976, 977, 978, -1,
      978, 977, 979, -1,
      978, 979, 980, -1,
      980, 979, 981, -1,
      980, 981, 982, -1,
      982, 981, 983, -1,
      982, 983, 984, -1,
      984, 983, 985, -1,
      984, 985, 986, -1,
      986, 985, 987, -1,
      986, 987, 988, -1,
      988, 987, 989, -1,
      988, 989, 990, -1,
      991, 992, 969, -1,
      990, 991, 988, -1,
      988, 991, 969, -1,
      988, 969, 986, -1,
      986, 969, 972, -1,
      986, 972, 984, -1,
      984, 972, 974, -1,
      984, 974, 982, -1,
      982, 974, 976, -1,
      982, 976, 980, -1,
      980, 976, 978, -1,
      993, 994, 992, -1,
      992, 994, 995, -1,
      992, 995, 969, -1,
      969, 995, 970, -1,
      995, 996, 970, -1,
      970, 996, 989, -1,
      989, 987, 970, -1,
      970, 987, 985, -1,
      970, 985, 971, -1,
      971, 985, 983, -1,
      971, 983, 973, -1,
      973, 983, 981, -1,
      973, 981, 975, -1,
      975, 981, 979, -1,
      975, 979, 977, -1,
      270, 208, 994, -1,
      994, 208, 996, -1,
      994, 996, 995, -1,
      992, 991, 993, -1,
      993, 991, 269, -1,
      993, 269, 271, -1,
      270, 994, 271, -1,
      271, 994, 993, -1,
      990, 989, 991, -1,
      991, 989, 996, -1,
      991, 996, 269, -1,
      269, 996, 208, -1,
      997, 998, 999, -1,
      997, 999, 1000, -1,
      1000, 999, 1001, -1,
      1000, 1001, 1002, -1,
      1002, 1001, 1003, -1,
      1002, 1003, 1004, -1,
      1004, 1003, 1005, -1,
      1004, 1005, 1006, -1,
      1006, 1005, 1007, -1,
      1006, 1007, 1008, -1,
      1008, 1007, 1009, -1,
      1008, 1009, 1010, -1,
      1010, 1009, 1011, -1,
      1010, 1011, 1012, -1,
      1012, 1011, 1013, -1,
      1012, 1013, 1014, -1,
      1014, 1013, 1015, -1,
      1014, 1015, 1016, -1,
      1016, 1015, 1017, -1,
      1016, 1017, 1018, -1,
      1019, 1020, 997, -1,
      1018, 1019, 1016, -1,
      1016, 1019, 997, -1,
      1016, 997, 1014, -1,
      1014, 997, 1000, -1,
      1014, 1000, 1012, -1,
      1012, 1000, 1002, -1,
      1012, 1002, 1010, -1,
      1010, 1002, 1004, -1,
      1010, 1004, 1008, -1,
      1008, 1004, 1006, -1,
      998, 997, 1021, -1,
      1021, 997, 1020, -1,
      1021, 1020, 1022, -1,
      1022, 1020, 1023, -1,
      1021, 1024, 998, -1,
      998, 1024, 1017, -1,
      1017, 1015, 998, -1,
      998, 1015, 1013, -1,
      998, 1013, 999, -1,
      999, 1013, 1011, -1,
      999, 1011, 1001, -1,
      1001, 1011, 1009, -1,
      1001, 1009, 1003, -1,
      1003, 1009, 1007, -1,
      1003, 1007, 1005, -1,
      273, 274, 1022, -1,
      1022, 274, 1024, -1,
      1022, 1024, 1021, -1,
      1020, 1019, 1023, -1,
      1023, 1019, 275, -1,
      1023, 275, 272, -1,
      273, 1022, 272, -1,
      272, 1022, 1023, -1,
      1018, 1017, 1019, -1,
      1019, 1017, 1024, -1,
      1019, 1024, 275, -1,
      275, 1024, 274, -1,
      1025, 1026, 1027, -1,
      1025, 1027, 1028, -1,
      1028, 1027, 1029, -1,
      1028, 1029, 1030, -1,
      1030, 1029, 1031, -1,
      1030, 1031, 1032, -1,
      1032, 1031, 1033, -1,
      1032, 1033, 1034, -1,
      1034, 1033, 1035, -1,
      1034, 1035, 1036, -1,
      1036, 1035, 1037, -1,
      1036, 1037, 1038, -1,
      1038, 1037, 1039, -1,
      1038, 1039, 1040, -1,
      1040, 1039, 1041, -1,
      1040, 1041, 1042, -1,
      1042, 1041, 1043, -1,
      1042, 1043, 1044, -1,
      1044, 1043, 1045, -1,
      1044, 1045, 1046, -1,
      1047, 1048, 1025, -1,
      1046, 1047, 1044, -1,
      1044, 1047, 1025, -1,
      1044, 1025, 1042, -1,
      1042, 1025, 1028, -1,
      1042, 1028, 1040, -1,
      1040, 1028, 1030, -1,
      1040, 1030, 1038, -1,
      1038, 1030, 1032, -1,
      1038, 1032, 1036, -1,
      1036, 1032, 1034, -1,
      1026, 1025, 1049, -1,
      1049, 1025, 1048, -1,
      1049, 1048, 1050, -1,
      1050, 1048, 1051, -1,
      1049, 1052, 1026, -1,
      1026, 1052, 1045, -1,
      1045, 1043, 1026, -1,
      1026, 1043, 1041, -1,
      1026, 1041, 1027, -1,
      1027, 1041, 1039, -1,
      1027, 1039, 1029, -1,
      1029, 1039, 1037, -1,
      1029, 1037, 1031, -1,
      1031, 1037, 1035, -1,
      1031, 1035, 1033, -1,
      266, 267, 1050, -1,
      1050, 267, 1052, -1,
      1050, 1052, 1049, -1,
      1048, 1047, 1051, -1,
      1051, 1047, 268, -1,
      1051, 268, 265, -1,
      266, 1050, 265, -1,
      265, 1050, 1051, -1,
      1046, 1045, 1047, -1,
      1047, 1045, 1052, -1,
      1047, 1052, 268, -1,
      268, 1052, 267, -1,
      1053, 1054, 1055, -1,
      1053, 1055, 1056, -1,
      1056, 1055, 1057, -1,
      1056, 1057, 1058, -1,
      1058, 1057, 1059, -1,
      1058, 1059, 1060, -1,
      1060, 1059, 1061, -1,
      1060, 1061, 1062, -1,
      1062, 1061, 1063, -1,
      1062, 1063, 1064, -1,
      1064, 1063, 1065, -1,
      1064, 1065, 1066, -1,
      1066, 1065, 1067, -1,
      1066, 1067, 1068, -1,
      1068, 1067, 1069, -1,
      1068, 1069, 1070, -1,
      1070, 1069, 1071, -1,
      1070, 1071, 1072, -1,
      1072, 1071, 1073, -1,
      1072, 1073, 1074, -1,
      1075, 1076, 1053, -1,
      1074, 1075, 1072, -1,
      1072, 1075, 1053, -1,
      1072, 1053, 1070, -1,
      1070, 1053, 1056, -1,
      1070, 1056, 1068, -1,
      1068, 1056, 1058, -1,
      1068, 1058, 1066, -1,
      1066, 1058, 1060, -1,
      1066, 1060, 1064, -1,
      1064, 1060, 1062, -1,
      1054, 1053, 1077, -1,
      1077, 1053, 1076, -1,
      1077, 1076, 1078, -1,
      1078, 1076, 1079, -1,
      1077, 1080, 1054, -1,
      1054, 1080, 1073, -1,
      1073, 1071, 1054, -1,
      1054, 1071, 1069, -1,
      1054, 1069, 1055, -1,
      1055, 1069, 1067, -1,
      1055, 1067, 1057, -1,
      1057, 1067, 1065, -1,
      1057, 1065, 1059, -1,
      1059, 1065, 1063, -1,
      1059, 1063, 1061, -1,
      262, 263, 1078, -1,
      1078, 263, 1080, -1,
      1078, 1080, 1077, -1,
      1076, 1075, 1079, -1,
      1079, 1075, 264, -1,
      1079, 264, 261, -1,
      262, 1078, 261, -1,
      261, 1078, 1079, -1,
      1074, 1073, 1075, -1,
      1075, 1073, 1080, -1,
      1075, 1080, 264, -1,
      264, 1080, 263, -1,
      1081, 1082, 1083, -1,
      1081, 1083, 1084, -1,
      1084, 1083, 1085, -1,
      1084, 1085, 1086, -1,
      1086, 1085, 1087, -1,
      1086, 1087, 1088, -1,
      1088, 1087, 1089, -1,
      1088, 1089, 1090, -1,
      1090, 1089, 1091, -1,
      1090, 1091, 1092, -1,
      1092, 1091, 1093, -1,
      1092, 1093, 1094, -1,
      1094, 1093, 1095, -1,
      1094, 1095, 1096, -1,
      1096, 1095, 1097, -1,
      1096, 1097, 1098, -1,
      1098, 1097, 1099, -1,
      1098, 1099, 1100, -1,
      1100, 1099, 1101, -1,
      1100, 1101, 1102, -1,
      1103, 1104, 1081, -1,
      1102, 1103, 1100, -1,
      1100, 1103, 1081, -1,
      1100, 1081, 1098, -1,
      1098, 1081, 1084, -1,
      1098, 1084, 1096, -1,
      1096, 1084, 1086, -1,
      1096, 1086, 1094, -1,
      1094, 1086, 1088, -1,
      1094, 1088, 1092, -1,
      1092, 1088, 1090, -1,
      1082, 1081, 1105, -1,
      1105, 1081, 1104, -1,
      1105, 1104, 1106, -1,
      1106, 1104, 1107, -1,
      1105, 1108, 1082, -1,
      1082, 1108, 1101, -1,
      1101, 1099, 1082, -1,
      1082, 1099, 1097, -1,
      1082, 1097, 1083, -1,
      1083, 1097, 1095, -1,
      1083, 1095, 1085, -1,
      1085, 1095, 1093, -1,
      1085, 1093, 1087, -1,
      1087, 1093, 1091, -1,
      1087, 1091, 1089, -1,
      258, 259, 1106, -1,
      1106, 259, 1108, -1,
      1106, 1108, 1105, -1,
      1104, 1103, 1107, -1,
      1107, 1103, 260, -1,
      1107, 260, 257, -1,
      258, 1106, 257, -1,
      257, 1106, 1107, -1,
      1102, 1101, 1103, -1,
      1103, 1101, 1108, -1,
      1103, 1108, 260, -1,
      260, 1108, 259, -1,
      1109, 1110, 1111, -1,
      1109, 1111, 1112, -1,
      1112, 1111, 1113, -1,
      1112, 1113, 1114, -1,
      1114, 1113, 1115, -1,
      1114, 1115, 1116, -1,
      1116, 1115, 1117, -1,
      1116, 1117, 1118, -1,
      1118, 1117, 1119, -1,
      1118, 1119, 1120, -1,
      1120, 1119, 1121, -1,
      1120, 1121, 1122, -1,
      1122, 1121, 1123, -1,
      1122, 1123, 1124, -1,
      1124, 1123, 1125, -1,
      1124, 1125, 1126, -1,
      1126, 1125, 1127, -1,
      1126, 1127, 1128, -1,
      1128, 1127, 1129, -1,
      1128, 1129, 1130, -1,
      1131, 1132, 1109, -1,
      1130, 1131, 1128, -1,
      1128, 1131, 1109, -1,
      1128, 1109, 1126, -1,
      1126, 1109, 1112, -1,
      1126, 1112, 1124, -1,
      1124, 1112, 1114, -1,
      1124, 1114, 1122, -1,
      1122, 1114, 1116, -1,
      1122, 1116, 1120, -1,
      1120, 1116, 1118, -1,
      1110, 1109, 1133, -1,
      1133, 1109, 1132, -1,
      1133, 1132, 1134, -1,
      1134, 1132, 1135, -1,
      1133, 1136, 1110, -1,
      1110, 1136, 1129, -1,
      1129, 1127, 1110, -1,
      1110, 1127, 1125, -1,
      1110, 1125, 1111, -1,
      1111, 1125, 1123, -1,
      1111, 1123, 1113, -1,
      1113, 1123, 1121, -1,
      1113, 1121, 1115, -1,
      1115, 1121, 1119, -1,
      1115, 1119, 1117, -1,
      254, 255, 1134, -1,
      1134, 255, 1136, -1,
      1134, 1136, 1133, -1,
      1132, 1131, 1135, -1,
      1135, 1131, 256, -1,
      1135, 256, 253, -1,
      254, 1134, 253, -1,
      253, 1134, 1135, -1,
      1130, 1129, 1131, -1,
      1131, 1129, 1136, -1,
      1131, 1136, 256, -1,
      256, 1136, 255, -1,
      1137, 1138, 1139, -1,
      1137, 1139, 1140, -1,
      1140, 1139, 1141, -1,
      1140, 1141, 1142, -1,
      1142, 1141, 1143, -1,
      1142, 1143, 1144, -1,
      1144, 1143, 1145, -1,
      1144, 1145, 1146, -1,
      1146, 1145, 1147, -1,
      1146, 1147, 1148, -1,
      1148, 1147, 1149, -1,
      1148, 1149, 1150, -1,
      1150, 1149, 1151, -1,
      1150, 1151, 1152, -1,
      1152, 1151, 1153, -1,
      1152, 1153, 1154, -1,
      1154, 1153, 1155, -1,
      1154, 1155, 1156, -1,
      1156, 1155, 1157, -1,
      1156, 1157, 1158, -1,
      1159, 1160, 1137, -1,
      1158, 1159, 1156, -1,
      1156, 1159, 1137, -1,
      1156, 1137, 1154, -1,
      1154, 1137, 1140, -1,
      1154, 1140, 1152, -1,
      1152, 1140, 1142, -1,
      1152, 1142, 1150, -1,
      1150, 1142, 1144, -1,
      1150, 1144, 1148, -1,
      1148, 1144, 1146, -1,
      1138, 1137, 1161, -1,
      1161, 1137, 1160, -1,
      1161, 1160, 1162, -1,
      1162, 1160, 1163, -1,
      1161, 1164, 1138, -1,
      1138, 1164, 1157, -1,
      1157, 1155, 1138, -1,
      1138, 1155, 1153, -1,
      1138, 1153, 1139, -1,
      1139, 1153, 1151, -1,
      1139, 1151, 1141, -1,
      1141, 1151, 1149, -1,
      1141, 1149, 1143, -1,
      1143, 1149, 1147, -1,
      1143, 1147, 1145, -1,
      250, 251, 1162, -1,
      1162, 251, 1164, -1,
      1162, 1164, 1161, -1,
      1160, 1159, 1163, -1,
      1163, 1159, 252, -1,
      1163, 252, 249, -1,
      250, 1162, 249, -1,
      249, 1162, 1163, -1,
      1158, 1157, 1159, -1,
      1159, 1157, 1164, -1,
      1159, 1164, 252, -1,
      252, 1164, 251, -1,
      1165, 1166, 1167, -1,
      1165, 1167, 1168, -1,
      1168, 1167, 1169, -1,
      1168, 1169, 1170, -1,
      1170, 1169, 1171, -1,
      1170, 1171, 1172, -1,
      1172, 1171, 1173, -1,
      1172, 1173, 1174, -1,
      1174, 1173, 1175, -1,
      1174, 1175, 1176, -1,
      1176, 1175, 1177, -1,
      1176, 1177, 1178, -1,
      1178, 1177, 1179, -1,
      1178, 1179, 1180, -1,
      1180, 1179, 1181, -1,
      1180, 1181, 1182, -1,
      1182, 1181, 1183, -1,
      1182, 1183, 1184, -1,
      1184, 1183, 1185, -1,
      1184, 1185, 1186, -1,
      1187, 1188, 1165, -1,
      1186, 1187, 1184, -1,
      1184, 1187, 1165, -1,
      1184, 1165, 1182, -1,
      1182, 1165, 1168, -1,
      1182, 1168, 1180, -1,
      1180, 1168, 1170, -1,
      1180, 1170, 1178, -1,
      1178, 1170, 1172, -1,
      1178, 1172, 1176, -1,
      1176, 1172, 1174, -1,
      1166, 1165, 1189, -1,
      1189, 1165, 1188, -1,
      1189, 1188, 1190, -1,
      1190, 1188, 1191, -1,
      1189, 1192, 1166, -1,
      1166, 1192, 1185, -1,
      1185, 1183, 1166, -1,
      1166, 1183, 1181, -1,
      1166, 1181, 1167, -1,
      1167, 1181, 1179, -1,
      1167, 1179, 1169, -1,
      1169, 1179, 1177, -1,
      1169, 1177, 1171, -1,
      1171, 1177, 1175, -1,
      1171, 1175, 1173, -1,
      246, 247, 1190, -1,
      1190, 247, 1192, -1,
      1190, 1192, 1189, -1,
      1188, 1187, 1191, -1,
      1191, 1187, 248, -1,
      1191, 248, 245, -1,
      246, 1190, 245, -1,
      245, 1190, 1191, -1,
      247, 248, 1192, -1,
      1192, 248, 1187, -1,
      1192, 1187, 1185, -1,
      1185, 1187, 1186, -1,
      1193, 1194, 1195, -1,
      1193, 1195, 1196, -1,
      1196, 1195, 1197, -1,
      1196, 1197, 1198, -1,
      1198, 1197, 1199, -1,
      1198, 1199, 1200, -1,
      1200, 1199, 1201, -1,
      1200, 1201, 1202, -1,
      1202, 1201, 1203, -1,
      1202, 1203, 1204, -1,
      1204, 1203, 1205, -1,
      1204, 1205, 1206, -1,
      1206, 1205, 1207, -1,
      1206, 1207, 1208, -1,
      1208, 1207, 1209, -1,
      1208, 1209, 1210, -1,
      1210, 1209, 1211, -1,
      1210, 1211, 1212, -1,
      1212, 1211, 1213, -1,
      1212, 1213, 1214, -1,
      1215, 1216, 1193, -1,
      1214, 1215, 1212, -1,
      1212, 1215, 1193, -1,
      1212, 1193, 1210, -1,
      1210, 1193, 1196, -1,
      1210, 1196, 1208, -1,
      1208, 1196, 1198, -1,
      1208, 1198, 1206, -1,
      1206, 1198, 1200, -1,
      1206, 1200, 1204, -1,
      1204, 1200, 1202, -1,
      1194, 1193, 1217, -1,
      1217, 1193, 1216, -1,
      1217, 1216, 1218, -1,
      1218, 1216, 1219, -1,
      1217, 1220, 1194, -1,
      1194, 1220, 1213, -1,
      1213, 1211, 1194, -1,
      1194, 1211, 1209, -1,
      1194, 1209, 1195, -1,
      1195, 1209, 1207, -1,
      1195, 1207, 1197, -1,
      1197, 1207, 1205, -1,
      1197, 1205, 1199, -1,
      1199, 1205, 1203, -1,
      1199, 1203, 1201, -1,
      242, 243, 1218, -1,
      1218, 243, 1220, -1,
      1218, 1220, 1217, -1,
      1216, 1215, 1219, -1,
      1219, 1215, 244, -1,
      1219, 244, 241, -1,
      242, 1218, 241, -1,
      241, 1218, 1219, -1,
      243, 244, 1220, -1,
      1220, 244, 1215, -1,
      1220, 1215, 1213, -1,
      1213, 1215, 1214, -1,
      1221, 1222, 1223, -1,
      1221, 1223, 1224, -1,
      1224, 1223, 1225, -1,
      1224, 1225, 1226, -1,
      1226, 1225, 1227, -1,
      1226, 1227, 1228, -1,
      1228, 1227, 1229, -1,
      1228, 1229, 1230, -1,
      1230, 1229, 1231, -1,
      1230, 1231, 1232, -1,
      1232, 1231, 1233, -1,
      1232, 1233, 1234, -1,
      1234, 1233, 1235, -1,
      1234, 1235, 1236, -1,
      1236, 1235, 1237, -1,
      1236, 1237, 1238, -1,
      1238, 1237, 1239, -1,
      1238, 1239, 1240, -1,
      1240, 1239, 1241, -1,
      1240, 1241, 1242, -1,
      1243, 1244, 1221, -1,
      1242, 1243, 1240, -1,
      1240, 1243, 1221, -1,
      1240, 1221, 1238, -1,
      1238, 1221, 1224, -1,
      1238, 1224, 1236, -1,
      1236, 1224, 1226, -1,
      1236, 1226, 1234, -1,
      1234, 1226, 1228, -1,
      1234, 1228, 1232, -1,
      1232, 1228, 1230, -1,
      1222, 1221, 1245, -1,
      1245, 1221, 1244, -1,
      1245, 1244, 1246, -1,
      1246, 1244, 1247, -1,
      1245, 1248, 1222, -1,
      1222, 1248, 1241, -1,
      1241, 1239, 1222, -1,
      1222, 1239, 1237, -1,
      1222, 1237, 1223, -1,
      1223, 1237, 1235, -1,
      1223, 1235, 1225, -1,
      1225, 1235, 1233, -1,
      1225, 1233, 1227, -1,
      1227, 1233, 1231, -1,
      1227, 1231, 1229, -1,
      238, 239, 1246, -1,
      1246, 239, 1248, -1,
      1246, 1248, 1245, -1,
      1244, 1243, 1247, -1,
      1247, 1243, 240, -1,
      1247, 240, 237, -1,
      238, 1246, 237, -1,
      237, 1246, 1247, -1,
      239, 240, 1248, -1,
      1248, 240, 1243, -1,
      1248, 1243, 1241, -1,
      1241, 1243, 1242, -1,
      1249, 1250, 1251, -1,
      1249, 1251, 1252, -1,
      1252, 1251, 1253, -1,
      1252, 1253, 1254, -1,
      1254, 1253, 1255, -1,
      1254, 1255, 1256, -1,
      1256, 1255, 1257, -1,
      1256, 1257, 1258, -1,
      1258, 1257, 1259, -1,
      1258, 1259, 1260, -1,
      1260, 1259, 1261, -1,
      1260, 1261, 1262, -1,
      1262, 1261, 1263, -1,
      1262, 1263, 1264, -1,
      1264, 1263, 1265, -1,
      1264, 1265, 1266, -1,
      1266, 1265, 1267, -1,
      1266, 1267, 1268, -1,
      1268, 1267, 1269, -1,
      1268, 1269, 1270, -1,
      1271, 1272, 1249, -1,
      1270, 1271, 1268, -1,
      1268, 1271, 1249, -1,
      1268, 1249, 1266, -1,
      1266, 1249, 1252, -1,
      1266, 1252, 1264, -1,
      1264, 1252, 1254, -1,
      1264, 1254, 1262, -1,
      1262, 1254, 1256, -1,
      1262, 1256, 1260, -1,
      1260, 1256, 1258, -1,
      1250, 1249, 1273, -1,
      1273, 1249, 1272, -1,
      1273, 1272, 1274, -1,
      1274, 1272, 1275, -1,
      1273, 1276, 1250, -1,
      1250, 1276, 1269, -1,
      1269, 1267, 1250, -1,
      1250, 1267, 1265, -1,
      1250, 1265, 1251, -1,
      1251, 1265, 1263, -1,
      1251, 1263, 1253, -1,
      1253, 1263, 1261, -1,
      1253, 1261, 1255, -1,
      1255, 1261, 1259, -1,
      1255, 1259, 1257, -1,
      234, 235, 1274, -1,
      1274, 235, 1276, -1,
      1274, 1276, 1273, -1,
      1272, 1271, 1275, -1,
      1275, 1271, 236, -1,
      1275, 236, 233, -1,
      234, 1274, 233, -1,
      233, 1274, 1275, -1,
      235, 236, 1276, -1,
      1276, 236, 1271, -1,
      1276, 1271, 1269, -1,
      1269, 1271, 1270, -1,
      1277, 1278, 1279, -1,
      1277, 1279, 1280, -1,
      1280, 1279, 1281, -1,
      1280, 1281, 1282, -1,
      1282, 1281, 1283, -1,
      1282, 1283, 1284, -1,
      1284, 1283, 1285, -1,
      1284, 1285, 1286, -1,
      1286, 1285, 1287, -1,
      1286, 1287, 1288, -1,
      1288, 1287, 1289, -1,
      1288, 1289, 1290, -1,
      1290, 1289, 1291, -1,
      1290, 1291, 1292, -1,
      1292, 1291, 1293, -1,
      1292, 1293, 1294, -1,
      1294, 1293, 1295, -1,
      1294, 1295, 1296, -1,
      1296, 1295, 1297, -1,
      1296, 1297, 1298, -1,
      1299, 1300, 1277, -1,
      1298, 1299, 1296, -1,
      1296, 1299, 1277, -1,
      1296, 1277, 1294, -1,
      1294, 1277, 1280, -1,
      1294, 1280, 1292, -1,
      1292, 1280, 1282, -1,
      1292, 1282, 1290, -1,
      1290, 1282, 1284, -1,
      1290, 1284, 1288, -1,
      1288, 1284, 1286, -1,
      1301, 1302, 1300, -1,
      1300, 1302, 1303, -1,
      1300, 1303, 1277, -1,
      1277, 1303, 1278, -1,
      1303, 1304, 1278, -1,
      1278, 1304, 1297, -1,
      1297, 1295, 1278, -1,
      1278, 1295, 1293, -1,
      1278, 1293, 1279, -1,
      1279, 1293, 1291, -1,
      1279, 1291, 1281, -1,
      1281, 1291, 1289, -1,
      1281, 1289, 1283, -1,
      1283, 1289, 1287, -1,
      1283, 1287, 1285, -1,
      230, 231, 1302, -1,
      1302, 231, 1304, -1,
      1302, 1304, 1303, -1,
      1300, 1299, 1301, -1,
      1301, 1299, 232, -1,
      1301, 232, 229, -1,
      230, 1302, 229, -1,
      229, 1302, 1301, -1,
      231, 232, 1304, -1,
      1304, 232, 1299, -1,
      1304, 1299, 1297, -1,
      1297, 1299, 1298, -1,
      1305, 1306, 1307, -1,
      1305, 1307, 1308, -1,
      1308, 1307, 1309, -1,
      1308, 1309, 1310, -1,
      1310, 1309, 1311, -1,
      1310, 1311, 1312, -1,
      1312, 1311, 1313, -1,
      1312, 1313, 1314, -1,
      1314, 1313, 1315, -1,
      1314, 1315, 1316, -1,
      1316, 1315, 1317, -1,
      1316, 1317, 1318, -1,
      1318, 1317, 1319, -1,
      1318, 1319, 1320, -1,
      1320, 1319, 1321, -1,
      1320, 1321, 1322, -1,
      1322, 1321, 1323, -1,
      1322, 1323, 1324, -1,
      1324, 1323, 1325, -1,
      1324, 1325, 1326, -1,
      1327, 1328, 1305, -1,
      1326, 1327, 1324, -1,
      1324, 1327, 1305, -1,
      1324, 1305, 1322, -1,
      1322, 1305, 1308, -1,
      1322, 1308, 1320, -1,
      1320, 1308, 1310, -1,
      1320, 1310, 1318, -1,
      1318, 1310, 1312, -1,
      1318, 1312, 1316, -1,
      1316, 1312, 1314, -1,
      1329, 1330, 1328, -1,
      1328, 1330, 1331, -1,
      1328, 1331, 1305, -1,
      1305, 1331, 1306, -1,
      1331, 1332, 1306, -1,
      1306, 1332, 1325, -1,
      1325, 1323, 1306, -1,
      1306, 1323, 1321, -1,
      1306, 1321, 1307, -1,
      1307, 1321, 1319, -1,
      1307, 1319, 1309, -1,
      1309, 1319, 1317, -1,
      1309, 1317, 1311, -1,
      1311, 1317, 1315, -1,
      1311, 1315, 1313, -1,
      226, 227, 1330, -1,
      1330, 227, 1332, -1,
      1330, 1332, 1331, -1,
      1328, 1327, 1329, -1,
      1329, 1327, 228, -1,
      1329, 228, 225, -1,
      226, 1330, 225, -1,
      225, 1330, 1329, -1,
      227, 228, 1332, -1,
      1332, 228, 1327, -1,
      1332, 1327, 1325, -1,
      1325, 1327, 1326, -1,
      1333, 1334, 1335, -1,
      1333, 1335, 1336, -1,
      1336, 1335, 1337, -1,
      1336, 1337, 1338, -1,
      1338, 1337, 1339, -1,
      1338, 1339, 1340, -1,
      1340, 1339, 1341, -1,
      1340, 1341, 1342, -1,
      1342, 1341, 1343, -1,
      1342, 1343, 1344, -1,
      1344, 1343, 1345, -1,
      1344, 1345, 1346, -1,
      1346, 1345, 1347, -1,
      1346, 1347, 1348, -1,
      1348, 1347, 1349, -1,
      1348, 1349, 1350, -1,
      1350, 1349, 1351, -1,
      1350, 1351, 1352, -1,
      1352, 1351, 1353, -1,
      1352, 1353, 1354, -1,
      1355, 1356, 1333, -1,
      1354, 1355, 1352, -1,
      1352, 1355, 1333, -1,
      1352, 1333, 1350, -1,
      1350, 1333, 1336, -1,
      1350, 1336, 1348, -1,
      1348, 1336, 1338, -1,
      1348, 1338, 1346, -1,
      1346, 1338, 1340, -1,
      1346, 1340, 1344, -1,
      1344, 1340, 1342, -1,
      1357, 1358, 1356, -1,
      1356, 1358, 1359, -1,
      1356, 1359, 1333, -1,
      1333, 1359, 1334, -1,
      1359, 1360, 1334, -1,
      1334, 1360, 1353, -1,
      1353, 1351, 1334, -1,
      1334, 1351, 1349, -1,
      1334, 1349, 1335, -1,
      1335, 1349, 1347, -1,
      1335, 1347, 1337, -1,
      1337, 1347, 1345, -1,
      1337, 1345, 1339, -1,
      1339, 1345, 1343, -1,
      1339, 1343, 1341, -1,
      222, 223, 1358, -1,
      1358, 223, 1360, -1,
      1358, 1360, 1359, -1,
      1356, 1355, 1357, -1,
      1357, 1355, 224, -1,
      1357, 224, 221, -1,
      222, 1358, 221, -1,
      221, 1358, 1357, -1,
      1354, 1353, 1355, -1,
      1355, 1353, 1360, -1,
      1355, 1360, 224, -1,
      224, 1360, 223, -1,
      1361, 1362, 1363, -1,
      1361, 1363, 1364, -1,
      1364, 1363, 1365, -1,
      1364, 1365, 1366, -1,
      1366, 1365, 1367, -1,
      1366, 1367, 1368, -1,
      1368, 1367, 1369, -1,
      1368, 1369, 1370, -1,
      1370, 1369, 1371, -1,
      1370, 1371, 1372, -1,
      1372, 1371, 1373, -1,
      1372, 1373, 1374, -1,
      1374, 1373, 1375, -1,
      1374, 1375, 1376, -1,
      1376, 1375, 1377, -1,
      1376, 1377, 1378, -1,
      1378, 1377, 1379, -1,
      1378, 1379, 1380, -1,
      1380, 1379, 1381, -1,
      1380, 1381, 1382, -1,
      1383, 1384, 1361, -1,
      1382, 1383, 1380, -1,
      1380, 1383, 1361, -1,
      1380, 1361, 1378, -1,
      1378, 1361, 1364, -1,
      1378, 1364, 1376, -1,
      1376, 1364, 1366, -1,
      1376, 1366, 1374, -1,
      1374, 1366, 1368, -1,
      1374, 1368, 1372, -1,
      1372, 1368, 1370, -1,
      1385, 1386, 1384, -1,
      1384, 1386, 1387, -1,
      1384, 1387, 1361, -1,
      1361, 1387, 1362, -1,
      1387, 1388, 1362, -1,
      1362, 1388, 1381, -1,
      1381, 1379, 1362, -1,
      1362, 1379, 1377, -1,
      1362, 1377, 1363, -1,
      1363, 1377, 1375, -1,
      1363, 1375, 1365, -1,
      1365, 1375, 1373, -1,
      1365, 1373, 1367, -1,
      1367, 1373, 1371, -1,
      1367, 1371, 1369, -1,
      218, 219, 1386, -1,
      1386, 219, 1388, -1,
      1386, 1388, 1387, -1,
      1384, 1383, 1385, -1,
      1385, 1383, 220, -1,
      1385, 220, 217, -1,
      218, 1386, 217, -1,
      217, 1386, 1385, -1,
      219, 220, 1388, -1,
      1388, 220, 1383, -1,
      1388, 1383, 1381, -1,
      1381, 1383, 1382, -1,
      1389, 1390, 1391, -1,
      1389, 1391, 1392, -1,
      1392, 1391, 1393, -1,
      1392, 1393, 1394, -1,
      1394, 1393, 1395, -1,
      1394, 1395, 1396, -1,
      1396, 1395, 1397, -1,
      1396, 1397, 1398, -1,
      1398, 1397, 1399, -1,
      1398, 1399, 1400, -1,
      1400, 1399, 1401, -1,
      1400, 1401, 1402, -1,
      1402, 1401, 1403, -1,
      1402, 1403, 1404, -1,
      1404, 1403, 1405, -1,
      1404, 1405, 1406, -1,
      1406, 1405, 1407, -1,
      1406, 1407, 1408, -1,
      1408, 1407, 1409, -1,
      1408, 1409, 1410, -1,
      1411, 1412, 1389, -1,
      1410, 1411, 1408, -1,
      1408, 1411, 1389, -1,
      1408, 1389, 1406, -1,
      1406, 1389, 1392, -1,
      1406, 1392, 1404, -1,
      1404, 1392, 1394, -1,
      1404, 1394, 1402, -1,
      1402, 1394, 1396, -1,
      1402, 1396, 1400, -1,
      1400, 1396, 1398, -1,
      1413, 1414, 1412, -1,
      1412, 1414, 1415, -1,
      1412, 1415, 1389, -1,
      1389, 1415, 1390, -1,
      1415, 1416, 1390, -1,
      1390, 1416, 1409, -1,
      1409, 1407, 1390, -1,
      1390, 1407, 1405, -1,
      1390, 1405, 1391, -1,
      1391, 1405, 1403, -1,
      1391, 1403, 1393, -1,
      1393, 1403, 1401, -1,
      1393, 1401, 1395, -1,
      1395, 1401, 1399, -1,
      1395, 1399, 1397, -1,
      214, 215, 1414, -1,
      1414, 215, 1416, -1,
      1414, 1416, 1415, -1,
      1412, 1411, 1413, -1,
      1413, 1411, 216, -1,
      1413, 216, 213, -1,
      214, 1414, 213, -1,
      213, 1414, 1413, -1,
      215, 216, 1416, -1,
      1416, 216, 1411, -1,
      1416, 1411, 1409, -1,
      1409, 1411, 1410, -1,
      1417, 1418, 1419, -1,
      1417, 1419, 1420, -1,
      1420, 1419, 1421, -1,
      1420, 1421, 1422, -1,
      1422, 1421, 1423, -1,
      1422, 1423, 1424, -1,
      1424, 1423, 1425, -1,
      1424, 1425, 1426, -1,
      1426, 1425, 1427, -1,
      1426, 1427, 1428, -1,
      1428, 1427, 1429, -1,
      1428, 1429, 1430, -1,
      1430, 1429, 1431, -1,
      1430, 1431, 1432, -1,
      1432, 1431, 1433, -1,
      1432, 1433, 1434, -1,
      1434, 1433, 1435, -1,
      1434, 1435, 1436, -1,
      1436, 1435, 1437, -1,
      1436, 1437, 1438, -1,
      1439, 1440, 1417, -1,
      1438, 1439, 1436, -1,
      1436, 1439, 1417, -1,
      1436, 1417, 1434, -1,
      1434, 1417, 1420, -1,
      1434, 1420, 1432, -1,
      1432, 1420, 1422, -1,
      1432, 1422, 1430, -1,
      1430, 1422, 1424, -1,
      1430, 1424, 1428, -1,
      1428, 1424, 1426, -1,
      1441, 1442, 1440, -1,
      1440, 1442, 1443, -1,
      1440, 1443, 1417, -1,
      1417, 1443, 1418, -1,
      1443, 1444, 1418, -1,
      1418, 1444, 1437, -1,
      1437, 1435, 1418, -1,
      1418, 1435, 1433, -1,
      1418, 1433, 1419, -1,
      1419, 1433, 1431, -1,
      1419, 1431, 1421, -1,
      1421, 1431, 1429, -1,
      1421, 1429, 1423, -1,
      1423, 1429, 1427, -1,
      1423, 1427, 1425, -1,
      212, 211, 1442, -1,
      1442, 211, 1444, -1,
      1442, 1444, 1443, -1,
      1440, 1439, 1441, -1,
      1441, 1439, 210, -1,
      1441, 210, 209, -1,
      212, 1442, 209, -1,
      209, 1442, 1441, -1,
      211, 210, 1444, -1,
      1444, 210, 1439, -1,
      1444, 1439, 1437, -1,
      1437, 1439, 1438, -1,
      1445, 1446, 1447, -1,
      1445, 1447, 1448, -1,
      1448, 1447, 1449, -1,
      1448, 1449, 1450, -1,
      1450, 1449, 1451, -1,
      1450, 1451, 1452, -1,
      1452, 1451, 1453, -1,
      1452, 1453, 1454, -1,
      1454, 1453, 1455, -1,
      1454, 1455, 1456, -1,
      1456, 1455, 1457, -1,
      1456, 1457, 1458, -1,
      1458, 1457, 1459, -1,
      1458, 1459, 1460, -1,
      1460, 1459, 1461, -1,
      1460, 1461, 1462, -1,
      1462, 1461, 1463, -1,
      1462, 1463, 1464, -1,
      1464, 1463, 1465, -1,
      1464, 1465, 1466, -1,
      1467, 1468, 1465, -1,
      1446, 1467, 1447, -1,
      1447, 1467, 1465, -1,
      1447, 1465, 1449, -1,
      1449, 1465, 1463, -1,
      1449, 1463, 1451, -1,
      1451, 1463, 1461, -1,
      1451, 1461, 1453, -1,
      1453, 1461, 1459, -1,
      1453, 1459, 1455, -1,
      1455, 1459, 1457, -1,
      1469, 1470, 1468, -1,
      1468, 1470, 1471, -1,
      1468, 1471, 1465, -1,
      1465, 1471, 1466, -1,
      1471, 1472, 1466, -1,
      1466, 1472, 1445, -1,
      1445, 1448, 1466, -1,
      1466, 1448, 1450, -1,
      1466, 1450, 1464, -1,
      1464, 1450, 1452, -1,
      1464, 1452, 1462, -1,
      1462, 1452, 1454, -1,
      1462, 1454, 1460, -1,
      1460, 1454, 1456, -1,
      1460, 1456, 1458, -1,
      1468, 1467, 1469, -1,
      1469, 1467, 287, -1,
      1469, 287, 286, -1,
      285, 288, 1470, -1,
      1470, 288, 1472, -1,
      1470, 1472, 1471, -1,
      288, 287, 1472, -1,
      1472, 287, 1467, -1,
      1472, 1467, 1445, -1,
      1445, 1467, 1446, -1,
      285, 1470, 286, -1,
      286, 1470, 1469, -1,
      1473, 1474, 1475, -1,
      1473, 1475, 1476, -1,
      1476, 1475, 1477, -1,
      1476, 1477, 1478, -1,
      1478, 1477, 1479, -1,
      1478, 1479, 1480, -1,
      1480, 1479, 1481, -1,
      1480, 1481, 1482, -1,
      1482, 1481, 1483, -1,
      1482, 1483, 1484, -1,
      1484, 1483, 1485, -1,
      1484, 1485, 1486, -1,
      1486, 1485, 1487, -1,
      1486, 1487, 1488, -1,
      1488, 1487, 1489, -1,
      1488, 1489, 1490, -1,
      1490, 1489, 1491, -1,
      1490, 1491, 1492, -1,
      1492, 1491, 1493, -1,
      1492, 1493, 1494, -1,
      1495, 1496, 1494, -1,
      1494, 1496, 1473, -1,
      1473, 1476, 1494, -1,
      1494, 1476, 1478, -1,
      1494, 1478, 1492, -1,
      1492, 1478, 1480, -1,
      1492, 1480, 1490, -1,
      1490, 1480, 1482, -1,
      1490, 1482, 1488, -1,
      1488, 1482, 1484, -1,
      1488, 1484, 1486, -1,
      1497, 1498, 1493, -1,
      1474, 1497, 1475, -1,
      1475, 1497, 1493, -1,
      1475, 1493, 1477, -1,
      1477, 1493, 1491, -1,
      1477, 1491, 1479, -1,
      1479, 1491, 1489, -1,
      1479, 1489, 1481, -1,
      1481, 1489, 1487, -1,
      1481, 1487, 1483, -1,
      1483, 1487, 1485, -1,
      1494, 1493, 1495, -1,
      1495, 1493, 1498, -1,
      1495, 1498, 1499, -1,
      1499, 1498, 1500, -1,
      1498, 1497, 1500, -1,
      1500, 1497, 291, -1,
      1500, 291, 290, -1,
      289, 292, 1499, -1,
      1499, 292, 1496, -1,
      1499, 1496, 1495, -1,
      1474, 1473, 1497, -1,
      1497, 1473, 1496, -1,
      1497, 1496, 291, -1,
      291, 1496, 292, -1,
      289, 1499, 290, -1,
      290, 1499, 1500, -1,
      1501, 1502, 1503, -1,
      1501, 1503, 1504, -1,
      1504, 1503, 1505, -1,
      1504, 1505, 1506, -1,
      1506, 1505, 1507, -1,
      1506, 1507, 1508, -1,
      1508, 1507, 1509, -1,
      1508, 1509, 1510, -1,
      1510, 1509, 1511, -1,
      1510, 1511, 1512, -1,
      1512, 1511, 1513, -1,
      1512, 1513, 1514, -1,
      1514, 1513, 1515, -1,
      1514, 1515, 1516, -1,
      1516, 1515, 1517, -1,
      1516, 1517, 1518, -1,
      1518, 1517, 1519, -1,
      1518, 1519, 1520, -1,
      1520, 1519, 1521, -1,
      1520, 1521, 1522, -1,
      1523, 1524, 1522, -1,
      1522, 1524, 1501, -1,
      1501, 1504, 1522, -1,
      1522, 1504, 1506, -1,
      1522, 1506, 1520, -1,
      1520, 1506, 1508, -1,
      1520, 1508, 1518, -1,
      1518, 1508, 1510, -1,
      1518, 1510, 1516, -1,
      1516, 1510, 1512, -1,
      1516, 1512, 1514, -1,
      1525, 1526, 1521, -1,
      1502, 1525, 1503, -1,
      1503, 1525, 1521, -1,
      1503, 1521, 1505, -1,
      1505, 1521, 1519, -1,
      1505, 1519, 1507, -1,
      1507, 1519, 1517, -1,
      1507, 1517, 1509, -1,
      1509, 1517, 1515, -1,
      1509, 1515, 1511, -1,
      1511, 1515, 1513, -1,
      1522, 1521, 1523, -1,
      1523, 1521, 1526, -1,
      1523, 1526, 1527, -1,
      1527, 1526, 1528, -1,
      1526, 1525, 1528, -1,
      1528, 1525, 295, -1,
      1528, 295, 294, -1,
      293, 296, 1527, -1,
      1527, 296, 1524, -1,
      1527, 1524, 1523, -1,
      1502, 1501, 1525, -1,
      1525, 1501, 1524, -1,
      1525, 1524, 295, -1,
      295, 1524, 296, -1,
      293, 1527, 294, -1,
      294, 1527, 1528, -1,
      1529, 1530, 1531, -1,
      1529, 1531, 1532, -1,
      1532, 1531, 1533, -1,
      1532, 1533, 1534, -1,
      1534, 1533, 1535, -1,
      1534, 1535, 1536, -1,
      1536, 1535, 1537, -1,
      1536, 1537, 1538, -1,
      1538, 1537, 1539, -1,
      1538, 1539, 1540, -1,
      1540, 1539, 1541, -1,
      1540, 1541, 1542, -1,
      1542, 1541, 1543, -1,
      1542, 1543, 1544, -1,
      1544, 1543, 1545, -1,
      1544, 1545, 1546, -1,
      1546, 1545, 1547, -1,
      1546, 1547, 1548, -1,
      1548, 1547, 1549, -1,
      1548, 1549, 1550, -1,
      1551, 1552, 1550, -1,
      1550, 1552, 1529, -1,
      1529, 1532, 1550, -1,
      1550, 1532, 1534, -1,
      1550, 1534, 1548, -1,
      1548, 1534, 1536, -1,
      1548, 1536, 1546, -1,
      1546, 1536, 1538, -1,
      1546, 1538, 1544, -1,
      1544, 1538, 1540, -1,
      1544, 1540, 1542, -1,
      1553, 1554, 1549, -1,
      1530, 1553, 1531, -1,
      1531, 1553, 1549, -1,
      1531, 1549, 1533, -1,
      1533, 1549, 1547, -1,
      1533, 1547, 1535, -1,
      1535, 1547, 1545, -1,
      1535, 1545, 1537, -1,
      1537, 1545, 1543, -1,
      1537, 1543, 1539, -1,
      1539, 1543, 1541, -1,
      1550, 1549, 1551, -1,
      1551, 1549, 1554, -1,
      1551, 1554, 1555, -1,
      1555, 1554, 1556, -1,
      1554, 1553, 1556, -1,
      1556, 1553, 302, -1,
      1556, 302, 301, -1,
      304, 303, 1555, -1,
      1555, 303, 1552, -1,
      1555, 1552, 1551, -1,
      1530, 1529, 1553, -1,
      1553, 1529, 1552, -1,
      1553, 1552, 302, -1,
      302, 1552, 303, -1,
      304, 1555, 301, -1,
      301, 1555, 1556, -1,
      1557, 1558, 1559, -1,
      1557, 1559, 1560, -1,
      1560, 1559, 1561, -1,
      1560, 1561, 1562, -1,
      1562, 1561, 1563, -1,
      1562, 1563, 1564, -1,
      1564, 1563, 1565, -1,
      1564, 1565, 1566, -1,
      1566, 1565, 1567, -1,
      1566, 1567, 1568, -1,
      1568, 1567, 1569, -1,
      1568, 1569, 1570, -1,
      1570, 1569, 1571, -1,
      1570, 1571, 1572, -1,
      1572, 1571, 1573, -1,
      1572, 1573, 1574, -1,
      1574, 1573, 1575, -1,
      1574, 1575, 1576, -1,
      1576, 1575, 1577, -1,
      1576, 1577, 1578, -1,
      1579, 1580, 1578, -1,
      1578, 1580, 1557, -1,
      1557, 1560, 1578, -1,
      1578, 1560, 1562, -1,
      1578, 1562, 1576, -1,
      1576, 1562, 1564, -1,
      1576, 1564, 1574, -1,
      1574, 1564, 1566, -1,
      1574, 1566, 1572, -1,
      1572, 1566, 1568, -1,
      1572, 1568, 1570, -1,
      1581, 1582, 1577, -1,
      1558, 1581, 1559, -1,
      1559, 1581, 1577, -1,
      1559, 1577, 1561, -1,
      1561, 1577, 1575, -1,
      1561, 1575, 1563, -1,
      1563, 1575, 1573, -1,
      1563, 1573, 1565, -1,
      1565, 1573, 1571, -1,
      1565, 1571, 1567, -1,
      1567, 1571, 1569, -1,
      1578, 1577, 1579, -1,
      1579, 1577, 1582, -1,
      1579, 1582, 1583, -1,
      1583, 1582, 1584, -1,
      1582, 1581, 1584, -1,
      1584, 1581, 299, -1,
      1584, 299, 298, -1,
      297, 300, 1583, -1,
      1583, 300, 1580, -1,
      1583, 1580, 1579, -1,
      1558, 1557, 1581, -1,
      1581, 1557, 1580, -1,
      1581, 1580, 299, -1,
      299, 1580, 300, -1,
      297, 1583, 298, -1,
      298, 1583, 1584, -1,
      1585, 1586, 1587, -1,
      1585, 1587, 1588, -1,
      1588, 1587, 1589, -1,
      1588, 1589, 1590, -1,
      1590, 1589, 1591, -1,
      1590, 1591, 1592, -1,
      1592, 1591, 1593, -1,
      1592, 1593, 1594, -1,
      1594, 1593, 1595, -1,
      1594, 1595, 1596, -1,
      1596, 1595, 1597, -1,
      1596, 1597, 1598, -1,
      1598, 1597, 1599, -1,
      1598, 1599, 1600, -1,
      1600, 1599, 1601, -1,
      1600, 1601, 1602, -1,
      1602, 1601, 1603, -1,
      1602, 1603, 1604, -1,
      1604, 1603, 1605, -1,
      1604, 1605, 1606, -1,
      1607, 1608, 1606, -1,
      1606, 1608, 1585, -1,
      1585, 1588, 1606, -1,
      1606, 1588, 1590, -1,
      1606, 1590, 1604, -1,
      1604, 1590, 1592, -1,
      1604, 1592, 1602, -1,
      1602, 1592, 1594, -1,
      1602, 1594, 1600, -1,
      1600, 1594, 1596, -1,
      1600, 1596, 1598, -1,
      1609, 1610, 1605, -1,
      1586, 1609, 1587, -1,
      1587, 1609, 1605, -1,
      1587, 1605, 1589, -1,
      1589, 1605, 1603, -1,
      1589, 1603, 1591, -1,
      1591, 1603, 1601, -1,
      1591, 1601, 1593, -1,
      1593, 1601, 1599, -1,
      1593, 1599, 1595, -1,
      1595, 1599, 1597, -1,
      1606, 1605, 1607, -1,
      1607, 1605, 1610, -1,
      1607, 1610, 1611, -1,
      1611, 1610, 1612, -1,
      1610, 1609, 1612, -1,
      1612, 1609, 307, -1,
      1612, 307, 306, -1,
      305, 308, 1611, -1,
      1611, 308, 1608, -1,
      1611, 1608, 1607, -1,
      1586, 1585, 1609, -1,
      1609, 1585, 1608, -1,
      1609, 1608, 307, -1,
      307, 1608, 308, -1,
      305, 1611, 306, -1,
      306, 1611, 1612, -1,
      1613, 1614, 1615, -1,
      1613, 1615, 1616, -1,
      1616, 1615, 1617, -1,
      1616, 1617, 1618, -1,
      1618, 1617, 1619, -1,
      1618, 1619, 1620, -1,
      1620, 1619, 1621, -1,
      1620, 1621, 1622, -1,
      1622, 1621, 1623, -1,
      1622, 1623, 1624, -1,
      1624, 1623, 1625, -1,
      1624, 1625, 1626, -1,
      1626, 1625, 1627, -1,
      1626, 1627, 1628, -1,
      1628, 1627, 1629, -1,
      1628, 1629, 1630, -1,
      1630, 1629, 1631, -1,
      1630, 1631, 1632, -1,
      1632, 1631, 1633, -1,
      1632, 1633, 1634, -1,
      1635, 1636, 1634, -1,
      1634, 1636, 1613, -1,
      1613, 1616, 1634, -1,
      1634, 1616, 1618, -1,
      1634, 1618, 1632, -1,
      1632, 1618, 1620, -1,
      1632, 1620, 1630, -1,
      1630, 1620, 1622, -1,
      1630, 1622, 1628, -1,
      1628, 1622, 1624, -1,
      1628, 1624, 1626, -1,
      1637, 1638, 1633, -1,
      1614, 1637, 1615, -1,
      1615, 1637, 1633, -1,
      1615, 1633, 1617, -1,
      1617, 1633, 1631, -1,
      1617, 1631, 1619, -1,
      1619, 1631, 1629, -1,
      1619, 1629, 1621, -1,
      1621, 1629, 1627, -1,
      1621, 1627, 1623, -1,
      1623, 1627, 1625, -1,
      1634, 1633, 1635, -1,
      1635, 1633, 1638, -1,
      1635, 1638, 1639, -1,
      1639, 1638, 1640, -1,
      1638, 1637, 1640, -1,
      1640, 1637, 311, -1,
      1640, 311, 310, -1,
      309, 312, 1639, -1,
      1639, 312, 1636, -1,
      1639, 1636, 1635, -1,
      1614, 1613, 1637, -1,
      1637, 1613, 1636, -1,
      1637, 1636, 311, -1,
      311, 1636, 312, -1,
      309, 1639, 310, -1,
      310, 1639, 1640, -1,
      1641, 1642, 1643, -1,
      1641, 1643, 1644, -1,
      1644, 1643, 1645, -1,
      1644, 1645, 1646, -1,
      1646, 1645, 1647, -1,
      1646, 1647, 1648, -1,
      1648, 1647, 1649, -1,
      1648, 1649, 1650, -1,
      1650, 1649, 1651, -1,
      1650, 1651, 1652, -1,
      1652, 1651, 1653, -1,
      1652, 1653, 1654, -1,
      1654, 1653, 1655, -1,
      1654, 1655, 1656, -1,
      1656, 1655, 1657, -1,
      1656, 1657, 1658, -1,
      1658, 1657, 1659, -1,
      1658, 1659, 1660, -1,
      1660, 1659, 1661, -1,
      1660, 1661, 1662, -1,
      1663, 1664, 1662, -1,
      1662, 1664, 1641, -1,
      1641, 1644, 1662, -1,
      1662, 1644, 1646, -1,
      1662, 1646, 1660, -1,
      1660, 1646, 1648, -1,
      1660, 1648, 1658, -1,
      1658, 1648, 1650, -1,
      1658, 1650, 1656, -1,
      1656, 1650, 1652, -1,
      1656, 1652, 1654, -1,
      1665, 1666, 1661, -1,
      1642, 1665, 1643, -1,
      1643, 1665, 1661, -1,
      1643, 1661, 1645, -1,
      1645, 1661, 1659, -1,
      1645, 1659, 1647, -1,
      1647, 1659, 1657, -1,
      1647, 1657, 1649, -1,
      1649, 1657, 1655, -1,
      1649, 1655, 1651, -1,
      1651, 1655, 1653, -1,
      1662, 1661, 1663, -1,
      1663, 1661, 1666, -1,
      1663, 1666, 1667, -1,
      1667, 1666, 1668, -1,
      1666, 1665, 1668, -1,
      1668, 1665, 315, -1,
      1668, 315, 314, -1,
      313, 316, 1667, -1,
      1667, 316, 1664, -1,
      1667, 1664, 1663, -1,
      1642, 1641, 1665, -1,
      1665, 1641, 1664, -1,
      1665, 1664, 315, -1,
      315, 1664, 316, -1,
      313, 1667, 314, -1,
      314, 1667, 1668, -1,
      1669, 1670, 1671, -1,
      1669, 1671, 1672, -1,
      1672, 1671, 1673, -1,
      1672, 1673, 1674, -1,
      1674, 1673, 1675, -1,
      1674, 1675, 1676, -1,
      1676, 1675, 1677, -1,
      1676, 1677, 1678, -1,
      1678, 1677, 1679, -1,
      1678, 1679, 1680, -1,
      1680, 1679, 1681, -1,
      1680, 1681, 1682, -1,
      1682, 1681, 1683, -1,
      1682, 1683, 1684, -1,
      1684, 1683, 1685, -1,
      1684, 1685, 1686, -1,
      1686, 1685, 1687, -1,
      1686, 1687, 1688, -1,
      1688, 1687, 1689, -1,
      1688, 1689, 1690, -1,
      1691, 1692, 1690, -1,
      1690, 1692, 1669, -1,
      1669, 1672, 1690, -1,
      1690, 1672, 1674, -1,
      1690, 1674, 1688, -1,
      1688, 1674, 1676, -1,
      1688, 1676, 1686, -1,
      1686, 1676, 1678, -1,
      1686, 1678, 1684, -1,
      1684, 1678, 1680, -1,
      1684, 1680, 1682, -1,
      1693, 1694, 1689, -1,
      1670, 1693, 1671, -1,
      1671, 1693, 1689, -1,
      1671, 1689, 1673, -1,
      1673, 1689, 1687, -1,
      1673, 1687, 1675, -1,
      1675, 1687, 1685, -1,
      1675, 1685, 1677, -1,
      1677, 1685, 1683, -1,
      1677, 1683, 1679, -1,
      1679, 1683, 1681, -1,
      1690, 1689, 1691, -1,
      1691, 1689, 1694, -1,
      1691, 1694, 1695, -1,
      1695, 1694, 1696, -1,
      1694, 1693, 1696, -1,
      1696, 1693, 322, -1,
      1696, 322, 321, -1,
      324, 323, 1695, -1,
      1695, 323, 1692, -1,
      1695, 1692, 1691, -1,
      1670, 1669, 1693, -1,
      1693, 1669, 1692, -1,
      1693, 1692, 322, -1,
      322, 1692, 323, -1,
      324, 1695, 321, -1,
      321, 1695, 1696, -1,
      1697, 1698, 1699, -1,
      1697, 1699, 1700, -1,
      1700, 1699, 1701, -1,
      1700, 1701, 1702, -1,
      1702, 1701, 1703, -1,
      1702, 1703, 1704, -1,
      1704, 1703, 1705, -1,
      1704, 1705, 1706, -1,
      1706, 1705, 1707, -1,
      1706, 1707, 1708, -1,
      1708, 1707, 1709, -1,
      1708, 1709, 1710, -1,
      1710, 1709, 1711, -1,
      1710, 1711, 1712, -1,
      1712, 1711, 1713, -1,
      1712, 1713, 1714, -1,
      1714, 1713, 1715, -1,
      1714, 1715, 1716, -1,
      1716, 1715, 1717, -1,
      1716, 1717, 1718, -1,
      1719, 1720, 1718, -1,
      1718, 1720, 1697, -1,
      1697, 1700, 1718, -1,
      1718, 1700, 1702, -1,
      1718, 1702, 1716, -1,
      1716, 1702, 1704, -1,
      1716, 1704, 1714, -1,
      1714, 1704, 1706, -1,
      1714, 1706, 1712, -1,
      1712, 1706, 1708, -1,
      1712, 1708, 1710, -1,
      1721, 1722, 1717, -1,
      1698, 1721, 1699, -1,
      1699, 1721, 1717, -1,
      1699, 1717, 1701, -1,
      1701, 1717, 1715, -1,
      1701, 1715, 1703, -1,
      1703, 1715, 1713, -1,
      1703, 1713, 1705, -1,
      1705, 1713, 1711, -1,
      1705, 1711, 1707, -1,
      1707, 1711, 1709, -1,
      1723, 1724, 1722, -1,
      1722, 1724, 1719, -1,
      1722, 1719, 1717, -1,
      1717, 1719, 1718, -1,
      1722, 1721, 1723, -1,
      1723, 1721, 319, -1,
      1723, 319, 318, -1,
      317, 320, 1724, -1,
      1724, 320, 1720, -1,
      1724, 1720, 1719, -1,
      320, 319, 1720, -1,
      1720, 319, 1721, -1,
      1720, 1721, 1697, -1,
      1697, 1721, 1698, -1,
      317, 1724, 318, -1,
      318, 1724, 1723, -1,
      1725, 1726, 1727, -1,
      1725, 1727, 1728, -1,
      1728, 1727, 1729, -1,
      1728, 1729, 1730, -1,
      1730, 1729, 1731, -1,
      1730, 1731, 1732, -1,
      1732, 1731, 1733, -1,
      1732, 1733, 1734, -1,
      1734, 1733, 1735, -1,
      1734, 1735, 1736, -1,
      1736, 1735, 1737, -1,
      1736, 1737, 1738, -1,
      1738, 1737, 1739, -1,
      1738, 1739, 1740, -1,
      1740, 1739, 1741, -1,
      1740, 1741, 1742, -1,
      1742, 1741, 1743, -1,
      1742, 1743, 1744, -1,
      1744, 1743, 1745, -1,
      1744, 1745, 1746, -1,
      1747, 1748, 1746, -1,
      1746, 1748, 1725, -1,
      1725, 1728, 1746, -1,
      1746, 1728, 1730, -1,
      1746, 1730, 1744, -1,
      1744, 1730, 1732, -1,
      1744, 1732, 1742, -1,
      1742, 1732, 1734, -1,
      1742, 1734, 1740, -1,
      1740, 1734, 1736, -1,
      1740, 1736, 1738, -1,
      1749, 1750, 1745, -1,
      1726, 1749, 1727, -1,
      1727, 1749, 1745, -1,
      1727, 1745, 1729, -1,
      1729, 1745, 1743, -1,
      1729, 1743, 1731, -1,
      1731, 1743, 1741, -1,
      1731, 1741, 1733, -1,
      1733, 1741, 1739, -1,
      1733, 1739, 1735, -1,
      1735, 1739, 1737, -1,
      1746, 1745, 1747, -1,
      1747, 1745, 1750, -1,
      1747, 1750, 1751, -1,
      1751, 1750, 1752, -1,
      1750, 1749, 1752, -1,
      1752, 1749, 327, -1,
      1752, 327, 326, -1,
      325, 328, 1751, -1,
      1751, 328, 1748, -1,
      1751, 1748, 1747, -1,
      1726, 1725, 1749, -1,
      1749, 1725, 1748, -1,
      1749, 1748, 327, -1,
      327, 1748, 328, -1,
      325, 1751, 326, -1,
      326, 1751, 1752, -1,
      1753, 1754, 1755, -1,
      1753, 1755, 1756, -1,
      1756, 1755, 1757, -1,
      1756, 1757, 1758, -1,
      1758, 1757, 1759, -1,
      1758, 1759, 1760, -1,
      1760, 1759, 1761, -1,
      1760, 1761, 1762, -1,
      1762, 1761, 1763, -1,
      1762, 1763, 1764, -1,
      1764, 1763, 1765, -1,
      1764, 1765, 1766, -1,
      1766, 1765, 1767, -1,
      1766, 1767, 1768, -1,
      1768, 1767, 1769, -1,
      1768, 1769, 1770, -1,
      1770, 1769, 1771, -1,
      1770, 1771, 1772, -1,
      1772, 1771, 1773, -1,
      1772, 1773, 1774, -1,
      1775, 1776, 1774, -1,
      1774, 1776, 1753, -1,
      1753, 1756, 1774, -1,
      1774, 1756, 1758, -1,
      1774, 1758, 1772, -1,
      1772, 1758, 1760, -1,
      1772, 1760, 1770, -1,
      1770, 1760, 1762, -1,
      1770, 1762, 1768, -1,
      1768, 1762, 1764, -1,
      1768, 1764, 1766, -1,
      1777, 1778, 1773, -1,
      1754, 1777, 1755, -1,
      1755, 1777, 1773, -1,
      1755, 1773, 1757, -1,
      1757, 1773, 1771, -1,
      1757, 1771, 1759, -1,
      1759, 1771, 1769, -1,
      1759, 1769, 1761, -1,
      1761, 1769, 1767, -1,
      1761, 1767, 1763, -1,
      1763, 1767, 1765, -1,
      1774, 1773, 1775, -1,
      1775, 1773, 1778, -1,
      1775, 1778, 1779, -1,
      1779, 1778, 1780, -1,
      1778, 1777, 1780, -1,
      1780, 1777, 331, -1,
      1780, 331, 330, -1,
      329, 332, 1779, -1,
      1779, 332, 1776, -1,
      1779, 1776, 1775, -1,
      1754, 1753, 1777, -1,
      1777, 1753, 1776, -1,
      1777, 1776, 331, -1,
      331, 1776, 332, -1,
      329, 1779, 330, -1,
      330, 1779, 1780, -1,
      1781, 1782, 1783, -1,
      1781, 1783, 1784, -1,
      1784, 1783, 1785, -1,
      1784, 1785, 1786, -1,
      1786, 1785, 1787, -1,
      1786, 1787, 1788, -1,
      1788, 1787, 1789, -1,
      1788, 1789, 1790, -1,
      1790, 1789, 1791, -1,
      1790, 1791, 1792, -1,
      1792, 1791, 1793, -1,
      1792, 1793, 1794, -1,
      1794, 1793, 1795, -1,
      1794, 1795, 1796, -1,
      1796, 1795, 1797, -1,
      1796, 1797, 1798, -1,
      1798, 1797, 1799, -1,
      1798, 1799, 1800, -1,
      1800, 1799, 1801, -1,
      1800, 1801, 1802, -1,
      1803, 1804, 1802, -1,
      1802, 1804, 1781, -1,
      1781, 1784, 1802, -1,
      1802, 1784, 1786, -1,
      1802, 1786, 1800, -1,
      1800, 1786, 1788, -1,
      1800, 1788, 1798, -1,
      1798, 1788, 1790, -1,
      1798, 1790, 1796, -1,
      1796, 1790, 1792, -1,
      1796, 1792, 1794, -1,
      1805, 1806, 1801, -1,
      1782, 1805, 1783, -1,
      1783, 1805, 1801, -1,
      1783, 1801, 1785, -1,
      1785, 1801, 1799, -1,
      1785, 1799, 1787, -1,
      1787, 1799, 1797, -1,
      1787, 1797, 1789, -1,
      1789, 1797, 1795, -1,
      1789, 1795, 1791, -1,
      1791, 1795, 1793, -1,
      1802, 1801, 1803, -1,
      1803, 1801, 1806, -1,
      1803, 1806, 1807, -1,
      1807, 1806, 1808, -1,
      1806, 1805, 1808, -1,
      1808, 1805, 335, -1,
      1808, 335, 334, -1,
      333, 336, 1807, -1,
      1807, 336, 1804, -1,
      1807, 1804, 1803, -1,
      1782, 1781, 1805, -1,
      1805, 1781, 1804, -1,
      1805, 1804, 335, -1,
      335, 1804, 336, -1,
      333, 1807, 334, -1,
      334, 1807, 1808, -1,
      1809, 1810, 1811, -1,
      1809, 1811, 1812, -1,
      1812, 1811, 1813, -1,
      1812, 1813, 1814, -1,
      1814, 1813, 1815, -1,
      1814, 1815, 1816, -1,
      1816, 1815, 1817, -1,
      1816, 1817, 1818, -1,
      1818, 1817, 1819, -1,
      1818, 1819, 1820, -1,
      1820, 1819, 1821, -1,
      1820, 1821, 1822, -1,
      1822, 1821, 1823, -1,
      1822, 1823, 1824, -1,
      1824, 1823, 1825, -1,
      1824, 1825, 1826, -1,
      1826, 1825, 1827, -1,
      1826, 1827, 1828, -1,
      1828, 1827, 1829, -1,
      1828, 1829, 1830, -1,
      1831, 1832, 1830, -1,
      1830, 1832, 1809, -1,
      1809, 1812, 1830, -1,
      1830, 1812, 1814, -1,
      1830, 1814, 1828, -1,
      1828, 1814, 1816, -1,
      1828, 1816, 1826, -1,
      1826, 1816, 1818, -1,
      1826, 1818, 1824, -1,
      1824, 1818, 1820, -1,
      1824, 1820, 1822, -1,
      1833, 1834, 1829, -1,
      1810, 1833, 1811, -1,
      1811, 1833, 1829, -1,
      1811, 1829, 1813, -1,
      1813, 1829, 1827, -1,
      1813, 1827, 1815, -1,
      1815, 1827, 1825, -1,
      1815, 1825, 1817, -1,
      1817, 1825, 1823, -1,
      1817, 1823, 1819, -1,
      1819, 1823, 1821, -1,
      1830, 1829, 1831, -1,
      1831, 1829, 1834, -1,
      1831, 1834, 1835, -1,
      1835, 1834, 1836, -1,
      1834, 1833, 1836, -1,
      1836, 1833, 342, -1,
      1836, 342, 341, -1,
      344, 343, 1835, -1,
      1835, 343, 1832, -1,
      1835, 1832, 1831, -1,
      1810, 1809, 1833, -1,
      1833, 1809, 1832, -1,
      1833, 1832, 342, -1,
      342, 1832, 343, -1,
      344, 1835, 341, -1,
      341, 1835, 1836, -1,
      1837, 1838, 1839, -1,
      1837, 1839, 1840, -1,
      1840, 1839, 1841, -1,
      1840, 1841, 1842, -1,
      1842, 1841, 1843, -1,
      1842, 1843, 1844, -1,
      1844, 1843, 1845, -1,
      1844, 1845, 1846, -1,
      1846, 1845, 1847, -1,
      1846, 1847, 1848, -1,
      1848, 1847, 1849, -1,
      1848, 1849, 1850, -1,
      1850, 1849, 1851, -1,
      1850, 1851, 1852, -1,
      1852, 1851, 1853, -1,
      1852, 1853, 1854, -1,
      1854, 1853, 1855, -1,
      1854, 1855, 1856, -1,
      1856, 1855, 1857, -1,
      1856, 1857, 1858, -1,
      1859, 1860, 1858, -1,
      1858, 1860, 1837, -1,
      1837, 1840, 1858, -1,
      1858, 1840, 1842, -1,
      1858, 1842, 1856, -1,
      1856, 1842, 1844, -1,
      1856, 1844, 1854, -1,
      1854, 1844, 1846, -1,
      1854, 1846, 1852, -1,
      1852, 1846, 1848, -1,
      1852, 1848, 1850, -1,
      1861, 1862, 1857, -1,
      1838, 1861, 1839, -1,
      1839, 1861, 1857, -1,
      1839, 1857, 1841, -1,
      1841, 1857, 1855, -1,
      1841, 1855, 1843, -1,
      1843, 1855, 1853, -1,
      1843, 1853, 1845, -1,
      1845, 1853, 1851, -1,
      1845, 1851, 1847, -1,
      1847, 1851, 1849, -1,
      1858, 1857, 1859, -1,
      1859, 1857, 1862, -1,
      1859, 1862, 1863, -1,
      1863, 1862, 1864, -1,
      1862, 1861, 1864, -1,
      1864, 1861, 339, -1,
      1864, 339, 338, -1,
      337, 340, 1863, -1,
      1863, 340, 1860, -1,
      1863, 1860, 1859, -1,
      1838, 1837, 1861, -1,
      1861, 1837, 1860, -1,
      1861, 1860, 339, -1,
      339, 1860, 340, -1,
      337, 1863, 338, -1,
      338, 1863, 1864, -1,
      1865, 1866, 1867, -1,
      1865, 1867, 1868, -1,
      1868, 1867, 1869, -1,
      1868, 1869, 1870, -1,
      1870, 1869, 1871, -1,
      1870, 1871, 1872, -1,
      1872, 1871, 1873, -1,
      1872, 1873, 1874, -1,
      1874, 1873, 1875, -1,
      1874, 1875, 1876, -1,
      1876, 1875, 1877, -1,
      1876, 1877, 1878, -1,
      1878, 1877, 1879, -1,
      1878, 1879, 1880, -1,
      1880, 1879, 1881, -1,
      1880, 1881, 1882, -1,
      1882, 1881, 1883, -1,
      1882, 1883, 1884, -1,
      1884, 1883, 1885, -1,
      1884, 1885, 1886, -1,
      1887, 1888, 1886, -1,
      1886, 1888, 1865, -1,
      1865, 1868, 1886, -1,
      1886, 1868, 1870, -1,
      1886, 1870, 1884, -1,
      1884, 1870, 1872, -1,
      1884, 1872, 1882, -1,
      1882, 1872, 1874, -1,
      1882, 1874, 1880, -1,
      1880, 1874, 1876, -1,
      1880, 1876, 1878, -1,
      1889, 1890, 1885, -1,
      1866, 1889, 1867, -1,
      1867, 1889, 1885, -1,
      1867, 1885, 1869, -1,
      1869, 1885, 1883, -1,
      1869, 1883, 1871, -1,
      1871, 1883, 1881, -1,
      1871, 1881, 1873, -1,
      1873, 1881, 1879, -1,
      1873, 1879, 1875, -1,
      1875, 1879, 1877, -1,
      1886, 1885, 1887, -1,
      1887, 1885, 1890, -1,
      1887, 1890, 1891, -1,
      1891, 1890, 1892, -1,
      1890, 1889, 1892, -1,
      1892, 1889, 347, -1,
      1892, 347, 346, -1,
      345, 348, 1891, -1,
      1891, 348, 1888, -1,
      1891, 1888, 1887, -1,
      1866, 1865, 1889, -1,
      1889, 1865, 1888, -1,
      1889, 1888, 347, -1,
      347, 1888, 348, -1,
      345, 1891, 346, -1,
      346, 1891, 1892, -1,
      1893, 1894, 1895, -1,
      1893, 1895, 1896, -1,
      1896, 1895, 1897, -1,
      1896, 1897, 1898, -1,
      1898, 1897, 1899, -1,
      1898, 1899, 1900, -1,
      1900, 1899, 1901, -1,
      1900, 1901, 1902, -1,
      1902, 1901, 1903, -1,
      1902, 1903, 1904, -1,
      1904, 1903, 1905, -1,
      1904, 1905, 1906, -1,
      1906, 1905, 1907, -1,
      1906, 1907, 1908, -1,
      1908, 1907, 1909, -1,
      1908, 1909, 1910, -1,
      1910, 1909, 1911, -1,
      1910, 1911, 1912, -1,
      1912, 1911, 1913, -1,
      1912, 1913, 1914, -1,
      1915, 1916, 1914, -1,
      1914, 1916, 1893, -1,
      1893, 1896, 1914, -1,
      1914, 1896, 1898, -1,
      1914, 1898, 1912, -1,
      1912, 1898, 1900, -1,
      1912, 1900, 1910, -1,
      1910, 1900, 1902, -1,
      1910, 1902, 1908, -1,
      1908, 1902, 1904, -1,
      1908, 1904, 1906, -1,
      1917, 1918, 1913, -1,
      1894, 1917, 1895, -1,
      1895, 1917, 1913, -1,
      1895, 1913, 1897, -1,
      1897, 1913, 1911, -1,
      1897, 1911, 1899, -1,
      1899, 1911, 1909, -1,
      1899, 1909, 1901, -1,
      1901, 1909, 1907, -1,
      1901, 1907, 1903, -1,
      1903, 1907, 1905, -1,
      1914, 1913, 1915, -1,
      1915, 1913, 1918, -1,
      1915, 1918, 1919, -1,
      1919, 1918, 1920, -1,
      1918, 1917, 1920, -1,
      1920, 1917, 351, -1,
      1920, 351, 350, -1,
      349, 352, 1919, -1,
      1919, 352, 1916, -1,
      1919, 1916, 1915, -1,
      352, 351, 1916, -1,
      1916, 351, 1917, -1,
      1916, 1917, 1893, -1,
      1893, 1917, 1894, -1,
      349, 1919, 350, -1,
      350, 1919, 1920, -1,
      1921, 1922, 1923, -1,
      1921, 1923, 1924, -1,
      1924, 1923, 1925, -1,
      1924, 1925, 1926, -1,
      1926, 1925, 1927, -1,
      1926, 1927, 1928, -1,
      1928, 1927, 1929, -1,
      1928, 1929, 1930, -1,
      1930, 1929, 1931, -1,
      1930, 1931, 1932, -1,
      1932, 1931, 1933, -1,
      1932, 1933, 1934, -1,
      1934, 1933, 1935, -1,
      1934, 1935, 1936, -1,
      1936, 1935, 1937, -1,
      1936, 1937, 1938, -1,
      1938, 1937, 1939, -1,
      1938, 1939, 1940, -1,
      1940, 1939, 1941, -1,
      1940, 1941, 1942, -1,
      1943, 1944, 1942, -1,
      1942, 1944, 1921, -1,
      1921, 1924, 1942, -1,
      1942, 1924, 1926, -1,
      1942, 1926, 1940, -1,
      1940, 1926, 1928, -1,
      1940, 1928, 1938, -1,
      1938, 1928, 1930, -1,
      1938, 1930, 1936, -1,
      1936, 1930, 1932, -1,
      1936, 1932, 1934, -1,
      1945, 1946, 1941, -1,
      1922, 1945, 1923, -1,
      1923, 1945, 1941, -1,
      1923, 1941, 1925, -1,
      1925, 1941, 1939, -1,
      1925, 1939, 1927, -1,
      1927, 1939, 1937, -1,
      1927, 1937, 1929, -1,
      1929, 1937, 1935, -1,
      1929, 1935, 1931, -1,
      1931, 1935, 1933, -1,
      1942, 1941, 1943, -1,
      1943, 1941, 1946, -1,
      1943, 1946, 1947, -1,
      1947, 1946, 1948, -1,
      1946, 1945, 1948, -1,
      1948, 1945, 355, -1,
      1948, 355, 354, -1,
      353, 356, 1947, -1,
      1947, 356, 1944, -1,
      1947, 1944, 1943, -1,
      1922, 1921, 1945, -1,
      1945, 1921, 1944, -1,
      1945, 1944, 355, -1,
      355, 1944, 356, -1,
      353, 1947, 354, -1,
      354, 1947, 1948, -1,
      1949, 1950, 1951, -1,
      1949, 1951, 1952, -1,
      1952, 1951, 1953, -1,
      1952, 1953, 1954, -1,
      1954, 1953, 1955, -1,
      1954, 1955, 1956, -1,
      1956, 1955, 1957, -1,
      1956, 1957, 1958, -1,
      1958, 1957, 1959, -1,
      1958, 1959, 1960, -1,
      1960, 1959, 1961, -1,
      1960, 1961, 1962, -1,
      1962, 1961, 1963, -1,
      1962, 1963, 1964, -1,
      1964, 1963, 1965, -1,
      1964, 1965, 1966, -1,
      1966, 1965, 1967, -1,
      1966, 1967, 1968, -1,
      1968, 1967, 1969, -1,
      1968, 1969, 1970, -1,
      1971, 1972, 1970, -1,
      1970, 1972, 1949, -1,
      1949, 1952, 1970, -1,
      1970, 1952, 1954, -1,
      1970, 1954, 1968, -1,
      1968, 1954, 1956, -1,
      1968, 1956, 1966, -1,
      1966, 1956, 1958, -1,
      1966, 1958, 1964, -1,
      1964, 1958, 1960, -1,
      1964, 1960, 1962, -1,
      1973, 1974, 1969, -1,
      1950, 1973, 1951, -1,
      1951, 1973, 1969, -1,
      1951, 1969, 1953, -1,
      1953, 1969, 1967, -1,
      1953, 1967, 1955, -1,
      1955, 1967, 1965, -1,
      1955, 1965, 1957, -1,
      1957, 1965, 1963, -1,
      1957, 1963, 1959, -1,
      1959, 1963, 1961, -1,
      1970, 1969, 1971, -1,
      1971, 1969, 1974, -1,
      1971, 1974, 1975, -1,
      1975, 1974, 1976, -1,
      1974, 1973, 1976, -1,
      1976, 1973, 358, -1,
      1976, 358, 357, -1,
      360, 359, 1975, -1,
      1975, 359, 1972, -1,
      1975, 1972, 1971, -1,
      1950, 1949, 1973, -1,
      1973, 1949, 1972, -1,
      1973, 1972, 358, -1,
      358, 1972, 359, -1,
      360, 1975, 357, -1,
      357, 1975, 1976, -1,
      362, 363, 1977, -1,
      1977, 363, 1978, -1,
      1977, 1978, 1979, -1,
      362, 1977, 361, -1,
      361, 1977, 1980, -1,
      1981, 1982, 1979, -1,
      1979, 1982, 1983, -1,
      1979, 1983, 1977, -1,
      1977, 1983, 1980, -1,
      1984, 1985, 1986, -1,
      1984, 1986, 1987, -1,
      1987, 1986, 1988, -1,
      1987, 1988, 1989, -1,
      1989, 1988, 1990, -1,
      1989, 1990, 1991, -1,
      1991, 1990, 1992, -1,
      1991, 1992, 1993, -1,
      1993, 1992, 1994, -1,
      1993, 1994, 1995, -1,
      1995, 1994, 1996, -1,
      1995, 1996, 1997, -1,
      1997, 1996, 1998, -1,
      1997, 1998, 1999, -1,
      1999, 1998, 2000, -1,
      1999, 2000, 2001, -1,
      2001, 2000, 2002, -1,
      2001, 2002, 2003, -1,
      2003, 2002, 1982, -1,
      2003, 1982, 1981, -1,
      1985, 1984, 2004, -1,
      2004, 1984, 1978, -1,
      2004, 1978, 364, -1,
      364, 1978, 363, -1,
      1979, 1978, 1981, -1,
      1981, 1978, 1984, -1,
      1984, 1987, 1981, -1,
      1981, 1987, 1989, -1,
      1981, 1989, 2003, -1,
      2003, 1989, 1991, -1,
      2003, 1991, 2001, -1,
      2001, 1991, 1993, -1,
      2001, 1993, 1999, -1,
      1999, 1993, 1995, -1,
      1999, 1995, 1997, -1,
      1983, 2004, 1980, -1,
      1980, 2004, 364, -1,
      1980, 364, 361, -1,
      2004, 1983, 1982, -1,
      1985, 2004, 1986, -1,
      1986, 2004, 1982, -1,
      1986, 1982, 1988, -1,
      1988, 1982, 2002, -1,
      1988, 2002, 1990, -1,
      1990, 2002, 2000, -1,
      1990, 2000, 1992, -1,
      1992, 2000, 1998, -1,
      1992, 1998, 1994, -1,
      1994, 1998, 1996, -1,
    ]
  }
}

Shape {
  appearance Appearance {
    material Material {
      diffuseColor 1.0000 1.0000 1.0000
      specularColor 0.5020 0.5020 0.5020
      ambientIntensity 0.2
      transparency 0.0000
      shininess 0.5
    }
  }
  geometry IndexedFaceSet {
    ccw TRUE
    solid FALSE
    coord DEF co Coordinate {
      point [
        2.785684 1.844893 0.663539,
        2.775738 1.844893 0.664743,
        2.639375 1.844893 0.648267,
        2.639375 1.844893 0.663618,
        2.654845 1.844893 0.663618,
        2.643161 1.844893 0.605557,
        2.643161 1.844893 0.590275,
        2.636339 1.844893 0.545383,
        2.654845 1.844893 0.545383,
        2.654845 1.844893 0.590275,
        2.690885 1.844893 0.590275,
        2.690885 1.844893 0.545383,
        2.654845 1.844893 0.648267,
        2.654845 1.844893 0.605557,
        2.690885 1.844893 0.648267,
        2.690885 1.844893 0.605557,
        2.708112 1.844893 0.530169,
        2.654845 1.844893 0.530169,
        2.636339 1.844893 0.530169,
        2.708112 1.844893 0.663618,
        2.740519 1.844893 0.533439,
        2.737099 1.844893 0.534560,
        2.734822 1.844893 0.535694,
        2.734822 1.844893 0.552205,
        2.766275 1.844893 0.650313,
        2.772258 1.844893 0.650034,
        2.740519 1.844893 0.549649,
        2.749845 1.844893 0.648352,
        2.734822 1.844893 0.642400,
        2.736309 1.844893 0.643202,
        2.740519 1.844893 0.644804,
        2.783754 1.844893 0.647643,
        2.794169 1.844893 0.642615,
        2.802639 1.844893 0.635509,
        2.803580 1.844893 0.634476,
        2.810020 1.844893 0.625193,
        2.814480 1.844893 0.613651,
        2.816659 1.844893 0.595392,
        2.816468 1.844893 0.589749,
        2.747985 1.844893 0.546299,
        2.763085 1.844893 0.543497,
        2.769276 1.844893 0.543268,
        2.814222 1.844893 0.576560,
        2.809809 1.844893 0.565896,
        2.803560 1.844893 0.557322,
        2.799994 1.844893 0.553893,
        2.781256 1.844893 0.544536,
        2.791018 1.844893 0.547950,
        2.752119 1.844893 0.664743,
        2.748971 1.844893 0.664496,
        2.740519 1.844893 0.662056,
        2.734822 1.844893 0.660411,
        2.825139 1.844893 0.633583,
        2.815465 1.844893 0.646220,
        2.812135 1.844893 0.649396,
        2.799637 1.844893 0.658136,
        2.831477 1.844893 0.618760,
        2.828769 1.844893 0.625093,
        2.828769 1.844893 0.564085,
        2.832128 1.844893 0.572723,
        2.834739 1.844893 0.594369,
        2.834504 1.844893 0.601338,
        2.796131 1.844893 0.531917,
        2.808474 1.844893 0.538269,
        2.751427 1.844893 0.529861,
        2.771767 1.844893 0.527917,
        2.782034 1.844893 0.528546,
        2.817614 1.844893 0.546133,
        2.818754 1.844893 0.547379,
        2.826706 1.844893 0.558781,
        2.611130 1.844893 0.530169,
        2.502883 1.844893 0.590082,
        2.506119 1.844893 0.574461,
        2.512693 1.844893 0.560660,
        2.522607 1.844893 0.548862,
        2.509613 1.844893 0.629659,
        2.504687 1.844893 0.616921,
        2.502480 1.844893 0.598598,
        2.536612 1.844893 0.538833,
        2.551840 1.844893 0.532906,
        2.574424 1.844893 0.530169,
        2.611130 1.844893 0.663618,
        2.573060 1.844893 0.663618,
        2.552682 1.844893 0.661367,
        2.536577 1.844893 0.655483,
        2.522607 1.844893 0.645947,
        2.517865 1.844893 0.641305,
        2.766445 1.844893 0.665869,
        2.771767 1.848830 0.527917,
        2.737099 1.848830 0.534560,
        2.751427 1.848830 0.529861,
        2.734822 1.848830 0.535694,
        2.734822 1.848830 0.552205,
        2.747985 1.848830 0.546299,
        2.763085 1.848830 0.543497,
        2.769276 1.848830 0.543268,
        2.781256 1.848830 0.544536,
        2.791018 1.848830 0.547950,
        2.799994 1.848830 0.553893,
        2.803560 1.848830 0.557322,
        2.809809 1.848830 0.565896,
        2.814222 1.848830 0.576560,
        2.816468 1.848830 0.589749,
        2.816659 1.848830 0.595392,
        2.814480 1.848830 0.613651,
        2.810020 1.848830 0.625193,
        2.803580 1.848830 0.634476,
        2.802639 1.848830 0.635509,
        2.794169 1.848830 0.642615,
        2.783754 1.848830 0.647643,
        2.772258 1.848830 0.650034,
        2.766275 1.848830 0.650313,
        2.736309 1.848830 0.643202,
        2.749845 1.848830 0.648352,
        2.734822 1.848830 0.642400,
        2.734822 1.848830 0.660411,
        2.748971 1.848830 0.664496,
        2.766445 1.848830 0.665869,
        2.785684 1.848830 0.663539,
        2.799637 1.848830 0.658136,
        2.812135 1.848830 0.649396,
        2.815465 1.848830 0.646220,
        2.831477 1.848830 0.618760,
        2.825139 1.848830 0.633583,
        2.834504 1.848830 0.601338,
        2.834739 1.848830 0.594369,
        2.826706 1.848830 0.558781,
        2.832128 1.848830 0.572723,
        2.818754 1.848830 0.547379,
        2.817614 1.848830 0.546133,
        2.808474 1.848830 0.538269,
        2.796131 1.848830 0.531917,
        2.782034 1.848830 0.528546,
        2.636339 1.848830 0.545383,
        2.636339 1.848830 0.530169,
        2.690885 1.848830 0.545383,
        2.690885 1.848830 0.590275,
        2.643161 1.848830 0.590275,
        2.643161 1.848830 0.605557,
        2.690885 1.848830 0.605557,
        2.690885 1.848830 0.648267,
        2.639375 1.848830 0.648267,
        2.639375 1.848830 0.663618,
        2.708112 1.848830 0.663618,
        2.708112 1.848830 0.530169,
        2.528343 1.848830 0.567333,
        2.534854 1.848830 0.559301,
        2.522607 1.848830 0.548862,
        2.536461 1.848830 0.557804,
        2.536612 1.848830 0.538833,
        2.545080 1.848830 0.551834,
        2.551840 1.848830 0.532906,
        2.556121 1.848830 0.547569,
        2.574424 1.848830 0.530169,
        2.574527 1.848830 0.545383,
        2.611130 1.848830 0.530169,
        2.593902 1.848830 0.545383,
        2.611130 1.848830 0.663618,
        2.593902 1.848830 0.648267,
        2.573060 1.848830 0.663618,
        2.573742 1.848830 0.648267,
        2.552682 1.848830 0.661367,
        2.555653 1.848830 0.646145,
        2.536577 1.848830 0.655483,
        2.544235 1.848830 0.641812,
        2.522607 1.848830 0.645947,
        2.535229 1.848830 0.635713,
        2.517865 1.848830 0.641305,
        2.531463 1.848830 0.631995,
        2.509613 1.848830 0.629659,
        2.526301 1.848830 0.624502,
        2.504687 1.848830 0.616921,
        2.522550 1.848830 0.614735,
        2.502480 1.848830 0.598598,
        2.520594 1.848830 0.598121,
        2.502883 1.848830 0.590082,
        2.521070 1.848830 0.589356,
        2.506119 1.848830 0.574461,
        2.523706 1.848830 0.577200,
        2.512693 1.848830 0.560660,
        2.573742 1.844893 0.648267,
        2.593902 1.844893 0.648267,
        2.593902 1.844893 0.545383,
        2.574527 1.844893 0.545383,
        2.534854 1.844893 0.559301,
        2.536461 1.844893 0.557804,
        2.545080 1.844893 0.551834,
        2.556121 1.844893 0.547569,
        2.520594 1.844893 0.598121,
        2.521070 1.844893 0.589356,
        2.523706 1.844893 0.577200,
        2.528343 1.844893 0.567333,
        2.535229 1.844893 0.635713,
        2.531463 1.844893 0.631995,
        2.526301 1.844893 0.624502,
        2.522550 1.844893 0.614735,
        2.555653 1.844893 0.646145,
        2.544235 1.844893 0.641812,
      ]
    }
    coordIndex [
      88, 65, 64, -1,
      20, 89, 64, -1,
      64, 89, 90, -1,
      64, 90, 88, -1,
      20, 21, 89, -1,
      89, 21, 22, -1,
      89, 22, 91, -1,
      92, 91, 23, -1,
      23, 91, 22, -1,
      92, 23, 26, -1,
      92, 26, 93, -1,
      26, 39, 93, -1,
      93, 39, 40, -1,
      93, 40, 94, -1,
      94, 40, 41, -1,
      94, 41, 95, -1,
      95, 41, 46, -1,
      95, 46, 96, -1,
      96, 46, 47, -1,
      96, 47, 97, -1,
      97, 47, 45, -1,
      97, 45, 98, -1,
      98, 45, 44, -1,
      98, 44, 99, -1,
      99, 44, 43, -1,
      99, 43, 100, -1,
      100, 43, 42, -1,
      100, 42, 101, -1,
      101, 42, 38, -1,
      101, 38, 102, -1,
      102, 38, 37, -1,
      102, 37, 103, -1,
      103, 37, 36, -1,
      103, 36, 104, -1,
      104, 36, 35, -1,
      104, 35, 105, -1,
      105, 35, 34, -1,
      105, 34, 106, -1,
      106, 34, 33, -1,
      106, 33, 107, -1,
      107, 33, 32, -1,
      107, 32, 108, -1,
      108, 32, 31, -1,
      108, 31, 109, -1,
      109, 31, 25, -1,
      109, 25, 110, -1,
      110, 25, 24, -1,
      110, 24, 111, -1,
      111, 24, 27, -1,
      30, 112, 27, -1,
      27, 112, 113, -1,
      27, 113, 111, -1,
      30, 29, 112, -1,
      112, 29, 28, -1,
      112, 28, 114, -1,
      115, 114, 51, -1,
      51, 114, 28, -1,
      115, 51, 50, -1,
      115, 50, 116, -1,
      87, 117, 48, -1,
      48, 117, 116, -1,
      48, 116, 49, -1,
      49, 116, 50, -1,
      117, 87, 1, -1,
      117, 1, 118, -1,
      1, 0, 118, -1,
      118, 0, 55, -1,
      118, 55, 119, -1,
      119, 55, 54, -1,
      119, 54, 120, -1,
      120, 54, 53, -1,
      120, 53, 121, -1,
      121, 53, 52, -1,
      57, 122, 52, -1,
      52, 122, 123, -1,
      52, 123, 121, -1,
      57, 56, 122, -1,
      122, 56, 61, -1,
      122, 61, 124, -1,
      124, 61, 60, -1,
      124, 60, 125, -1,
      125, 60, 59, -1,
      58, 126, 59, -1,
      59, 126, 127, -1,
      59, 127, 125, -1,
      58, 69, 126, -1,
      126, 69, 68, -1,
      126, 68, 128, -1,
      128, 68, 67, -1,
      128, 67, 129, -1,
      129, 67, 63, -1,
      129, 63, 130, -1,
      130, 63, 62, -1,
      130, 62, 131, -1,
      131, 62, 66, -1,
      131, 66, 132, -1,
      132, 66, 65, -1,
      132, 65, 88, -1,
      121, 107, 120, -1,
      120, 107, 108, -1,
      120, 108, 119, -1,
      125, 103, 124, -1,
      124, 103, 104, -1,
      124, 104, 122, -1,
      122, 104, 123, -1,
      123, 104, 105, -1,
      123, 105, 121, -1,
      121, 105, 106, -1,
      121, 106, 107, -1,
      119, 108, 118, -1,
      118, 108, 109, -1,
      118, 109, 117, -1,
      91, 92, 89, -1,
      89, 92, 93, -1,
      89, 93, 90, -1,
      90, 93, 94, -1,
      90, 94, 88, -1,
      88, 94, 95, -1,
      88, 95, 132, -1,
      132, 95, 96, -1,
      132, 96, 131, -1,
      131, 96, 97, -1,
      131, 97, 130, -1,
      130, 97, 98, -1,
      130, 98, 129, -1,
      129, 98, 99, -1,
      129, 99, 128, -1,
      128, 99, 100, -1,
      128, 100, 126, -1,
      126, 100, 127, -1,
      127, 100, 101, -1,
      127, 101, 125, -1,
      125, 101, 102, -1,
      125, 102, 103, -1,
      109, 110, 117, -1,
      117, 110, 111, -1,
      117, 111, 116, -1,
      116, 111, 113, -1,
      116, 113, 115, -1,
      115, 113, 112, -1,
      115, 112, 114, -1,
      133, 134, 7, -1,
      7, 134, 18, -1,
      11, 135, 8, -1,
      8, 135, 133, -1,
      8, 133, 7, -1,
      136, 135, 10, -1,
      10, 135, 11, -1,
      136, 10, 137, -1,
      137, 10, 9, -1,
      137, 9, 6, -1,
      138, 137, 5, -1,
      5, 137, 6, -1,
      15, 139, 13, -1,
      13, 139, 138, -1,
      13, 138, 5, -1,
      140, 139, 14, -1,
      14, 139, 15, -1,
      2, 141, 12, -1,
      12, 141, 140, -1,
      12, 140, 14, -1,
      142, 141, 3, -1,
      3, 141, 2, -1,
      19, 143, 4, -1,
      4, 143, 142, -1,
      4, 142, 3, -1,
      144, 143, 16, -1,
      16, 143, 19, -1,
      18, 134, 17, -1,
      17, 134, 144, -1,
      17, 144, 16, -1,
      144, 134, 133, -1,
      133, 135, 144, -1,
      144, 135, 136, -1,
      144, 136, 143, -1,
      141, 142, 140, -1,
      140, 142, 143, -1,
      140, 143, 139, -1,
      139, 143, 136, -1,
      139, 136, 138, -1,
      138, 136, 137, -1,
      145, 146, 147, -1,
      147, 146, 148, -1,
      147, 148, 149, -1,
      149, 148, 150, -1,
      149, 150, 151, -1,
      151, 150, 152, -1,
      151, 152, 153, -1,
      153, 152, 154, -1,
      153, 154, 155, -1,
      155, 154, 156, -1,
      155, 156, 157, -1,
      157, 156, 158, -1,
      157, 158, 159, -1,
      159, 158, 160, -1,
      159, 160, 161, -1,
      161, 160, 162, -1,
      161, 162, 163, -1,
      163, 162, 164, -1,
      163, 164, 165, -1,
      165, 164, 166, -1,
      165, 166, 167, -1,
      167, 166, 168, -1,
      167, 168, 169, -1,
      169, 168, 170, -1,
      169, 170, 171, -1,
      171, 170, 172, -1,
      171, 172, 173, -1,
      173, 172, 174, -1,
      173, 174, 175, -1,
      175, 174, 176, -1,
      175, 176, 177, -1,
      177, 176, 178, -1,
      177, 178, 179, -1,
      179, 178, 145, -1,
      179, 145, 147, -1,
      153, 155, 80, -1,
      80, 155, 70, -1,
      153, 80, 79, -1,
      153, 79, 151, -1,
      151, 79, 78, -1,
      151, 78, 149, -1,
      149, 78, 74, -1,
      149, 74, 147, -1,
      147, 74, 73, -1,
      147, 73, 179, -1,
      179, 73, 72, -1,
      179, 72, 177, -1,
      177, 72, 71, -1,
      177, 71, 175, -1,
      175, 71, 77, -1,
      175, 77, 173, -1,
      173, 77, 76, -1,
      173, 76, 171, -1,
      171, 76, 75, -1,
      171, 75, 169, -1,
      169, 75, 86, -1,
      169, 86, 167, -1,
      167, 86, 85, -1,
      167, 85, 165, -1,
      165, 85, 84, -1,
      165, 84, 163, -1,
      163, 84, 83, -1,
      163, 83, 161, -1,
      161, 83, 82, -1,
      161, 82, 159, -1,
      157, 159, 81, -1,
      81, 159, 82, -1,
      155, 157, 70, -1,
      70, 157, 81, -1,
      160, 158, 180, -1,
      180, 158, 181, -1,
      158, 156, 181, -1,
      181, 156, 182, -1,
      156, 154, 182, -1,
      182, 154, 183, -1,
      146, 184, 185, -1,
      146, 185, 148, -1,
      148, 185, 186, -1,
      148, 186, 150, -1,
      150, 186, 187, -1,
      150, 187, 152, -1,
      152, 187, 183, -1,
      152, 183, 154, -1,
      174, 188, 189, -1,
      174, 189, 176, -1,
      176, 189, 190, -1,
      176, 190, 178, -1,
      178, 190, 191, -1,
      178, 191, 145, -1,
      145, 191, 184, -1,
      145, 184, 146, -1,
      166, 192, 193, -1,
      166, 193, 168, -1,
      168, 193, 194, -1,
      168, 194, 170, -1,
      170, 194, 195, -1,
      170, 195, 172, -1,
      172, 195, 188, -1,
      172, 188, 174, -1,
      160, 180, 196, -1,
      160, 196, 162, -1,
      162, 196, 197, -1,
      162, 197, 164, -1,
      164, 197, 192, -1,
      164, 192, 166, -1,
    ]
  }
}

Shape {
  appearance Appearance {
    material Material {
      diffuseColor 0.2510 0.2510 0.2510
      specularColor 0.2196 0.2196 0.2196
      ambientIntensity 0.2
      transparency 0.0000
      shininess 0.5
    }
  }
  geometry IndexedFaceSet {
    ccw TRUE
    solid FALSE
    coord DEF co Coordinate {
      point [
        2.573742 1.844893 0.648267,
        2.593902 1.844893 0.648267,
        2.593902 1.844893 0.545383,
        2.574527 1.844893 0.545383,
        2.534854 1.844893 0.559301,
        2.536461 1.844893 0.557804,
        2.545080 1.844893 0.551834,
        2.556121 1.844893 0.547569,
        2.520594 1.844893 0.598121,
        2.521070 1.844893 0.589356,
        2.523706 1.844893 0.577200,
        2.528343 1.844893 0.567333,
        2.535229 1.844893 0.635713,
        2.531463 1.844893 0.631995,
        2.526301 1.844893 0.624502,
        2.522550 1.844893 0.614735,
        2.555653 1.844893 0.646145,
        2.544235 1.844893 0.641812,
      ]
    }
    coordIndex [
      1, 2, 0, -1,
      0, 2, 3, -1,
      3, 7, 0, -1,
      0, 7, 6, -1,
      0, 6, 5, -1,
      5, 4, 0, -1,
      0, 4, 11, -1,
      0, 11, 10, -1,
      8, 12, 17, -1,
      15, 14, 8, -1,
      8, 14, 13, -1,
      8, 13, 12, -1,
      10, 9, 0, -1,
      0, 9, 8, -1,
      0, 8, 16, -1,
      16, 8, 17, -1,
    ]
  }
}

Shape {
  appearance Appearance {
    material Material {
      diffuseColor 1.0000 1.0000 1.0000
      specularColor 0.5020 0.5020 0.5020
      ambientIntensity 0.2
      transparency 0.0000
      shininess 0.5
    }
  }
  geometry IndexedFaceSet {
    ccw TRUE
    solid FALSE
    coord DEF co Coordinate {
      point [
        2.407647 1.844893 0.566669,
        2.456616 1.844893 0.566669,
        2.394036 1.844893 0.530169,
        2.375001 1.844893 0.530169,
        2.425829 1.844893 0.663618,
        2.495078 1.844893 0.530169,
        2.476043 1.844893 0.530169,
        2.463217 1.844893 0.566669,
        2.444250 1.844893 0.663618,
        2.456616 1.844893 0.631151,
        2.457758 1.848830 0.581747,
        2.437803 1.848830 0.637214,
        2.444250 1.848830 0.663618,
        2.495078 1.848830 0.530169,
        2.476043 1.848830 0.530169,
        2.463217 1.848830 0.566669,
        2.436647 1.848830 0.641197,
        2.435619 1.848830 0.646561,
        2.425829 1.848830 0.663618,
        2.435210 1.848830 0.646561,
        2.434131 1.848830 0.640915,
        2.433129 1.848830 0.637214,
        2.412969 1.848830 0.581747,
        2.375001 1.848830 0.530169,
        2.394036 1.848830 0.530169,
        2.407647 1.848830 0.566669,
        2.457758 1.844893 0.581747,
        2.412969 1.844893 0.581747,
        2.433129 1.844893 0.637214,
        2.435210 1.844893 0.646561,
        2.434131 1.844893 0.640915,
        2.435619 1.844893 0.646561,
        2.437803 1.844893 0.637214,
        2.436647 1.844893 0.641197,
      ]
    }
    coordIndex [
      10, 11, 12, -1,
      13, 14, 15, -1,
      11, 16, 12, -1,
      12, 16, 17, -1,
      12, 17, 18, -1,
      18, 17, 19, -1,
      18, 19, 20, -1,
      20, 21, 18, -1,
      18, 21, 22, -1,
      18, 22, 23, -1,
      24, 23, 25, -1,
      25, 23, 22, -1,
      25, 22, 15, -1,
      15, 22, 10, -1,
      15, 10, 13, -1,
      13, 10, 12, -1,
      18, 23, 4, -1,
      4, 23, 3, -1,
      12, 18, 8, -1,
      8, 18, 4, -1,
      5, 13, 9, -1,
      9, 13, 12, -1,
      9, 12, 8, -1,
      14, 13, 6, -1,
      6, 13, 5, -1,
      15, 14, 7, -1,
      7, 14, 6, -1,
      0, 25, 1, -1,
      1, 25, 15, -1,
      1, 15, 7, -1,
      24, 25, 2, -1,
      2, 25, 0, -1,
      23, 24, 3, -1,
      3, 24, 2, -1,
      10, 22, 26, -1,
      26, 22, 27, -1,
      22, 21, 27, -1,
      27, 21, 28, -1,
      19, 29, 30, -1,
      19, 30, 20, -1,
      20, 30, 28, -1,
      20, 28, 21, -1,
      19, 17, 29, -1,
      29, 17, 31, -1,
      11, 32, 33, -1,
      11, 33, 16, -1,
      16, 33, 31, -1,
      16, 31, 17, -1,
      11, 10, 32, -1,
      32, 10, 26, -1,
    ]
  }
}

Shape {
  appearance Appearance {
    material Material {
      diffuseColor 0.2510 0.2510 0.2510
      specularColor 0.2196 0.2196 0.2196
      ambientIntensity 0.2
      transparency 0.0000
      shininess 0.5
    }
  }
  geometry IndexedFaceSet {
    ccw TRUE
    solid FALSE
    coord DEF co Coordinate {
      point [
        2.457758 1.844893 0.581747,
        2.412969 1.844893 0.581747,
        2.433129 1.844893 0.637214,
        2.435210 1.844893 0.646561,
        2.434131 1.844893 0.640915,
        2.435619 1.844893 0.646561,
        2.437803 1.844893 0.637214,
        2.436647 1.844893 0.641197,
      ]
    }
    coordIndex [
      3, 5, 4, -1,
      4, 5, 7, -1,
      4, 7, 2, -1,
      2, 7, 6, -1,
      2, 6, 1, -1,
      1, 6, 0, -1,
    ]
  }
}

Shape {
  appearance Appearance {
    material Material {
      diffuseColor 1.0000 1.0000 1.0000
      specularColor 0.5020 0.5020 0.5020
      ambientIntensity 0.2
      transparency 0.0000
      shininess 0.5
    }
  }
  geometry IndexedFaceSet {
    ccw TRUE
    solid FALSE
    coord DEF co Coordinate {
      point [
        2.815945 1.844893 0.364016,
        2.813487 1.844893 0.390852,
        2.819317 1.844893 0.359252,
        2.821643 1.844893 0.353381,
        2.819944 1.844893 0.330728,
        2.821970 1.844893 0.336377,
        2.770556 1.844893 0.415041,
        2.763521 1.844893 0.412896,
        2.810771 1.844893 0.368441,
        2.803558 1.844893 0.372076,
        2.803362 1.844893 0.397428,
        2.791177 1.844893 0.375092,
        2.776577 1.844893 0.401789,
        2.782239 1.844893 0.402382,
        2.792932 1.844893 0.401183,
        2.808983 1.844893 0.319790,
        2.814613 1.844893 0.323718,
        2.816468 1.844893 0.325597,
        2.757974 1.844893 0.409716,
        2.753521 1.844893 0.405446,
        2.750107 1.844893 0.400033,
        2.762931 1.844893 0.333201,
        2.763375 1.844893 0.333201,
        2.762931 1.844893 0.318464,
        2.766069 1.844893 0.329117,
        2.771359 1.844893 0.323467,
        2.813487 1.844893 0.407089,
        2.809985 1.844893 0.409115,
        2.797546 1.844893 0.413920,
        2.780670 1.844893 0.415959,
        2.822800 1.844893 0.343981,
        2.822742 1.844893 0.346214,
        2.762931 1.844893 0.379049,
        2.763513 1.844893 0.386440,
        2.765241 1.844893 0.392392,
        2.767205 1.844893 0.395834,
        2.747495 1.844893 0.392404,
        2.746216 1.844893 0.379799,
        2.746216 1.844893 0.318464,
        2.769732 1.844893 0.398522,
        2.772700 1.844893 0.400434,
        2.783467 1.844893 0.317339,
        2.783910 1.844893 0.317178,
        2.792576 1.844893 0.316213,
        2.802269 1.844893 0.317339,
        2.802575 1.844893 0.317374,
        2.777141 1.844893 0.319635,
        2.841834 1.844893 0.451914,
        2.841834 1.844893 0.436563,
        2.838798 1.844893 0.333679,
        2.838798 1.844893 0.318464,
        2.910572 1.844893 0.318464,
        2.910572 1.844893 0.451914,
        2.893345 1.844893 0.378571,
        2.893345 1.844893 0.333679,
        2.845621 1.844893 0.378571,
        2.845621 1.844893 0.393854,
        2.893345 1.844893 0.393854,
        2.893345 1.844893 0.436563,
        2.838798 1.848830 0.333679,
        2.838798 1.848830 0.318464,
        2.893345 1.848830 0.333679,
        2.893345 1.848830 0.378571,
        2.845621 1.848830 0.378571,
        2.845621 1.848830 0.393854,
        2.893345 1.848830 0.393854,
        2.893345 1.848830 0.436563,
        2.841834 1.848830 0.436563,
        2.841834 1.848830 0.451914,
        2.910572 1.848830 0.451914,
        2.910572 1.848830 0.318464,
        2.762931 1.848830 0.318464,
        2.746216 1.848830 0.318464,
        2.762931 1.848830 0.333201,
        2.746216 1.848830 0.379799,
        2.762931 1.848830 0.379049,
        2.799350 1.848830 0.359020,
        2.795470 1.848830 0.360900,
        2.763375 1.848830 0.333201,
        2.772191 1.848830 0.335656,
        2.766069 1.848830 0.329117,
        2.776915 1.848830 0.332468,
        2.785241 1.848830 0.363289,
        2.762931 1.848830 0.366291,
        2.762931 1.848830 0.357148,
        2.762948 1.848830 0.356039,
        2.764024 1.848830 0.348581,
        2.766476 1.848830 0.342617,
        2.770095 1.848830 0.337704,
        2.763513 1.848830 0.386440,
        2.747495 1.848830 0.392404,
        2.765241 1.848830 0.392392,
        2.750107 1.848830 0.400033,
        2.767205 1.848830 0.395834,
        2.753521 1.848830 0.405446,
        2.769732 1.848830 0.398522,
        2.757974 1.848830 0.409716,
        2.772700 1.848830 0.400434,
        2.763521 1.848830 0.412896,
        2.776577 1.848830 0.401789,
        2.770556 1.848830 0.415041,
        2.782239 1.848830 0.402382,
        2.780670 1.848830 0.415959,
        2.792932 1.848830 0.401183,
        2.797546 1.848830 0.413920,
        2.803362 1.848830 0.397428,
        2.809985 1.848830 0.409115,
        2.813487 1.848830 0.390852,
        2.813487 1.848830 0.407089,
        2.802423 1.848830 0.335653,
        2.814613 1.848830 0.323718,
        2.801001 1.848830 0.334224,
        2.808983 1.848830 0.319790,
        2.797670 1.848830 0.331950,
        2.802575 1.848830 0.317374,
        2.793889 1.848830 0.330562,
        2.792576 1.848830 0.316213,
        2.788243 1.848830 0.329926,
        2.783910 1.848830 0.317178,
        2.781986 1.848830 0.330626,
        2.777141 1.848830 0.319635,
        2.771359 1.848830 0.323467,
        2.805704 1.848830 0.347998,
        2.822742 1.848830 0.346214,
        2.805845 1.848830 0.345345,
        2.822800 1.848830 0.343981,
        2.805421 1.848830 0.341508,
        2.821970 1.848830 0.336377,
        2.804322 1.848830 0.338471,
        2.819944 1.848830 0.330728,
        2.816468 1.848830 0.325597,
        2.791177 1.848830 0.375092,
        2.803558 1.848830 0.372076,
        2.801411 1.848830 0.357421,
        2.810771 1.848830 0.368441,
        2.803412 1.848830 0.354944,
        2.815945 1.848830 0.364016,
        2.804879 1.848830 0.351826,
        2.819317 1.848830 0.359252,
        2.821643 1.848830 0.353381,
        2.801411 1.844893 0.357421,
        2.799350 1.844893 0.359020,
        2.795470 1.844893 0.360900,
        2.785241 1.844893 0.363289,
        2.805845 1.844893 0.345345,
        2.805704 1.844893 0.347998,
        2.804879 1.844893 0.351826,
        2.803412 1.844893 0.354944,
        2.801001 1.844893 0.334224,
        2.802423 1.844893 0.335653,
        2.804322 1.844893 0.338471,
        2.805421 1.844893 0.341508,
        2.788243 1.844893 0.329926,
        2.793889 1.844893 0.330562,
        2.797670 1.844893 0.331950,
        2.770095 1.844893 0.337704,
        2.772191 1.844893 0.335656,
        2.776915 1.844893 0.332468,
        2.781986 1.844893 0.330626,
        2.762931 1.844893 0.357148,
        2.762948 1.844893 0.356039,
        2.764024 1.844893 0.348581,
        2.766476 1.844893 0.342617,
        2.762931 1.844893 0.366291,
      ]
    }
    coordIndex [
      59, 60, 49, -1,
      49, 60, 50, -1,
      61, 59, 54, -1,
      54, 59, 49, -1,
      62, 61, 53, -1,
      53, 61, 54, -1,
      63, 62, 55, -1,
      55, 62, 53, -1,
      64, 63, 56, -1,
      56, 63, 55, -1,
      65, 64, 57, -1,
      57, 64, 56, -1,
      66, 65, 58, -1,
      58, 65, 57, -1,
      67, 66, 48, -1,
      48, 66, 58, -1,
      68, 67, 47, -1,
      47, 67, 48, -1,
      69, 68, 52, -1,
      52, 68, 47, -1,
      70, 69, 51, -1,
      51, 69, 52, -1,
      60, 70, 50, -1,
      50, 70, 51, -1,
      70, 60, 59, -1,
      59, 61, 70, -1,
      70, 61, 62, -1,
      70, 62, 69, -1,
      67, 68, 66, -1,
      66, 68, 69, -1,
      66, 69, 65, -1,
      65, 69, 62, -1,
      65, 62, 64, -1,
      64, 62, 63, -1,
      71, 72, 73, -1,
      73, 72, 74, -1,
      75, 76, 77, -1,
      78, 79, 80, -1,
      80, 79, 81, -1,
      82, 83, 74, -1,
      74, 83, 84, -1,
      84, 85, 74, -1,
      74, 85, 86, -1,
      74, 86, 73, -1,
      73, 86, 87, -1,
      73, 87, 78, -1,
      78, 87, 88, -1,
      78, 88, 79, -1,
      77, 82, 75, -1,
      75, 82, 74, -1,
      75, 74, 89, -1,
      89, 74, 90, -1,
      89, 90, 91, -1,
      91, 90, 92, -1,
      91, 92, 93, -1,
      93, 92, 94, -1,
      93, 94, 95, -1,
      95, 94, 96, -1,
      95, 96, 97, -1,
      97, 96, 98, -1,
      97, 98, 99, -1,
      99, 98, 100, -1,
      99, 100, 101, -1,
      101, 100, 102, -1,
      101, 102, 103, -1,
      103, 102, 104, -1,
      103, 104, 105, -1,
      105, 104, 106, -1,
      105, 106, 107, -1,
      107, 106, 108, -1,
      109, 110, 111, -1,
      111, 110, 112, -1,
      111, 112, 113, -1,
      113, 112, 114, -1,
      113, 114, 115, -1,
      115, 114, 116, -1,
      115, 116, 117, -1,
      117, 116, 118, -1,
      117, 118, 119, -1,
      119, 118, 120, -1,
      119, 120, 81, -1,
      81, 120, 121, -1,
      81, 121, 80, -1,
      122, 123, 124, -1,
      124, 123, 125, -1,
      124, 125, 126, -1,
      126, 125, 127, -1,
      126, 127, 128, -1,
      128, 127, 129, -1,
      128, 129, 109, -1,
      109, 129, 130, -1,
      109, 130, 110, -1,
      75, 131, 76, -1,
      76, 131, 132, -1,
      76, 132, 133, -1,
      133, 132, 134, -1,
      133, 134, 135, -1,
      135, 134, 136, -1,
      135, 136, 137, -1,
      137, 136, 138, -1,
      137, 138, 122, -1,
      122, 138, 139, -1,
      122, 139, 123, -1,
      102, 29, 28, -1,
      102, 28, 104, -1,
      104, 28, 27, -1,
      104, 27, 106, -1,
      106, 27, 26, -1,
      106, 26, 108, -1,
      107, 108, 1, -1,
      1, 108, 26, -1,
      107, 1, 10, -1,
      107, 10, 105, -1,
      105, 10, 14, -1,
      105, 14, 103, -1,
      103, 14, 13, -1,
      103, 13, 101, -1,
      101, 13, 12, -1,
      101, 12, 99, -1,
      99, 12, 40, -1,
      99, 40, 97, -1,
      97, 40, 39, -1,
      97, 39, 95, -1,
      95, 39, 35, -1,
      95, 35, 93, -1,
      93, 35, 34, -1,
      93, 34, 91, -1,
      91, 34, 33, -1,
      91, 33, 89, -1,
      89, 33, 32, -1,
      89, 32, 75, -1,
      131, 75, 11, -1,
      11, 75, 32, -1,
      131, 11, 9, -1,
      131, 9, 132, -1,
      132, 9, 8, -1,
      132, 8, 134, -1,
      134, 8, 0, -1,
      134, 0, 136, -1,
      136, 0, 2, -1,
      136, 2, 138, -1,
      138, 2, 3, -1,
      138, 3, 139, -1,
      139, 3, 31, -1,
      139, 31, 123, -1,
      123, 31, 30, -1,
      123, 30, 125, -1,
      125, 30, 5, -1,
      125, 5, 127, -1,
      127, 5, 4, -1,
      127, 4, 129, -1,
      129, 4, 17, -1,
      129, 17, 130, -1,
      130, 17, 16, -1,
      130, 16, 110, -1,
      43, 116, 44, -1,
      44, 116, 114, -1,
      44, 114, 45, -1,
      45, 114, 112, -1,
      45, 112, 15, -1,
      15, 112, 110, -1,
      15, 110, 16, -1,
      116, 43, 42, -1,
      116, 42, 118, -1,
      118, 42, 41, -1,
      118, 41, 120, -1,
      41, 46, 120, -1,
      120, 46, 25, -1,
      120, 25, 121, -1,
      121, 25, 24, -1,
      121, 24, 80, -1,
      80, 24, 22, -1,
      80, 22, 78, -1,
      73, 78, 21, -1,
      21, 78, 22, -1,
      71, 73, 23, -1,
      23, 73, 21, -1,
      72, 71, 38, -1,
      38, 71, 23, -1,
      74, 72, 37, -1,
      37, 72, 38, -1,
      74, 37, 36, -1,
      74, 36, 90, -1,
      90, 36, 20, -1,
      90, 20, 92, -1,
      92, 20, 19, -1,
      92, 19, 94, -1,
      94, 19, 18, -1,
      94, 18, 96, -1,
      96, 18, 7, -1,
      96, 7, 98, -1,
      98, 7, 6, -1,
      98, 6, 100, -1,
      100, 6, 29, -1,
      100, 29, 102, -1,
      133, 140, 141, -1,
      133, 141, 76, -1,
      76, 141, 142, -1,
      76, 142, 77, -1,
      77, 142, 143, -1,
      77, 143, 82, -1,
      124, 144, 145, -1,
      124, 145, 122, -1,
      122, 145, 146, -1,
      122, 146, 137, -1,
      137, 146, 147, -1,
      137, 147, 135, -1,
      135, 147, 140, -1,
      135, 140, 133, -1,
      111, 148, 149, -1,
      111, 149, 109, -1,
      109, 149, 150, -1,
      109, 150, 128, -1,
      128, 150, 151, -1,
      128, 151, 126, -1,
      126, 151, 144, -1,
      126, 144, 124, -1,
      117, 152, 153, -1,
      117, 153, 115, -1,
      115, 153, 154, -1,
      115, 154, 113, -1,
      113, 154, 148, -1,
      113, 148, 111, -1,
      88, 155, 156, -1,
      88, 156, 79, -1,
      79, 156, 157, -1,
      79, 157, 81, -1,
      81, 157, 158, -1,
      81, 158, 119, -1,
      119, 158, 152, -1,
      119, 152, 117, -1,
      84, 159, 160, -1,
      84, 160, 85, -1,
      85, 160, 161, -1,
      85, 161, 86, -1,
      86, 161, 162, -1,
      86, 162, 87, -1,
      87, 162, 155, -1,
      87, 155, 88, -1,
      84, 83, 159, -1,
      159, 83, 163, -1,
      83, 82, 163, -1,
      163, 82, 143, -1,
    ]
  }
}

Shape {
  appearance Appearance {
    material Material {
      diffuseColor 0.2510 0.2510 0.2510
      specularColor 0.2196 0.2196 0.2196
      ambientIntensity 0.2
      transparency 0.0000
      shininess 0.5
    }
  }
  geometry IndexedFaceSet {
    ccw TRUE
    solid FALSE
    coord DEF co Coordinate {
      point [
        2.801411 1.844893 0.357421,
        2.799350 1.844893 0.359020,
        2.795470 1.844893 0.360900,
        2.785241 1.844893 0.363289,
        2.805845 1.844893 0.345345,
        2.805704 1.844893 0.347998,
        2.804879 1.844893 0.351826,
        2.803412 1.844893 0.354944,
        2.801001 1.844893 0.334224,
        2.802423 1.844893 0.335653,
        2.804322 1.844893 0.338471,
        2.805421 1.844893 0.341508,
        2.788243 1.844893 0.329926,
        2.793889 1.844893 0.330562,
        2.797670 1.844893 0.331950,
        2.770095 1.844893 0.337704,
        2.772191 1.844893 0.335656,
        2.776915 1.844893 0.332468,
        2.781986 1.844893 0.330626,
        2.762931 1.844893 0.357148,
        2.762948 1.844893 0.356039,
        2.764024 1.844893 0.348581,
        2.766476 1.844893 0.342617,
        2.762931 1.844893 0.366291,
      ]
    }
    coordIndex [
      20, 19, 0, -1,
      19, 23, 3, -1,
      3, 2, 19, -1,
      19, 2, 1, -1,
      19, 1, 0, -1,
      20, 0, 21, -1,
      21, 0, 7, -1,
      21, 7, 22, -1,
      9, 8, 16, -1,
      9, 16, 10, -1,
      17, 16, 18, -1,
      18, 16, 12, -1,
      7, 6, 22, -1,
      22, 6, 5, -1,
      22, 5, 15, -1,
      15, 5, 4, -1,
      15, 4, 16, -1,
      16, 4, 11, -1,
      16, 11, 10, -1,
      8, 14, 16, -1,
      16, 14, 13, -1,
      16, 13, 12, -1,
    ]
  }
}

Shape {
  appearance Appearance {
    material Material {
      diffuseColor 1.0000 1.0000 1.0000
      specularColor 0.5020 0.5020 0.5020
      ambientIntensity 0.2
      transparency 0.0000
      shininess 0.5
    }
  }
  geometry IndexedFaceSet {
    ccw TRUE
    solid FALSE
    coord DEF co Coordinate {
      point [
        2.472256 1.844893 0.436563,
        2.469220 1.844893 0.333679,
        2.469220 1.844893 0.318464,
        2.498779 1.844893 0.393854,
        2.476043 1.844893 0.393854,
        2.476043 1.844893 0.378571,
        2.498779 1.844893 0.333679,
        2.498779 1.844893 0.378571,
        2.523767 1.844893 0.378571,
        2.523767 1.844893 0.333679,
        2.498779 1.844893 0.436563,
        2.523767 1.844893 0.436563,
        2.523767 1.844893 0.393854,
        2.498779 1.844893 0.318464,
        2.540994 1.844893 0.318464,
        2.597028 1.844893 0.317339,
        2.559006 1.844893 0.413776,
        2.606900 1.844893 0.342139,
        2.604853 1.844893 0.334293,
        2.604409 1.844893 0.334293,
        2.540994 1.844893 0.451914,
        2.498779 1.844893 0.451914,
        2.472256 1.844893 0.451914,
        2.603642 1.844893 0.337559,
        2.602363 1.844893 0.342002,
        2.623734 1.844893 0.390567,
        2.576335 1.844893 0.413776,
        2.723565 1.844893 0.339069,
        2.723565 1.844893 0.321807,
        2.717133 1.844893 0.335081,
        2.715839 1.844893 0.334590,
        2.715839 1.844893 0.370019,
        2.718721 1.844893 0.372977,
        2.720901 1.844893 0.376460,
        2.722744 1.844893 0.381565,
        2.723463 1.844893 0.388054,
        2.722804 1.844893 0.394031,
        2.715987 1.844893 0.370117,
        2.715839 1.844893 0.318985,
        2.713069 1.844893 0.317974,
        2.707530 1.844893 0.317339,
        2.686317 1.844893 0.317339,
        2.697708 1.844893 0.316213,
        2.663766 1.844893 0.411729,
        2.663766 1.844893 0.395491,
        2.659990 1.844893 0.337674,
        2.662043 1.844893 0.332377,
        2.712752 1.844893 0.408386,
        2.707581 1.844893 0.411453,
        2.720813 1.844893 0.399413,
        2.717707 1.844893 0.403931,
        2.715839 1.844893 0.405610,
        2.698354 1.844893 0.414687,
        2.686348 1.844893 0.415959,
        2.674914 1.844893 0.414972,
        2.664789 1.844893 0.360150,
        2.661669 1.844893 0.355546,
        2.659885 1.844893 0.350617,
        2.659194 1.844893 0.344390,
        2.665158 1.844893 0.327968,
        2.669940 1.844893 0.323786,
        2.675444 1.844893 0.320587,
        2.687986 1.844893 0.402382,
        2.692934 1.844893 0.402011,
        2.706236 1.844893 0.389556,
        2.697405 1.844893 0.400827,
        2.701153 1.844893 0.398834,
        2.706084 1.844893 0.387332,
        2.705420 1.844893 0.384735,
        2.704217 1.844893 0.382480,
        2.702586 1.844893 0.380686,
        2.696693 1.844893 0.377002,
        2.676982 1.844893 0.401128,
        2.686348 1.844893 0.372499,
        2.667557 1.844893 0.397665,
        2.679876 1.844893 0.369880,
        2.668774 1.844893 0.363706,
        2.703675 1.844893 0.396605,
        2.705108 1.844893 0.394478,
        2.705933 1.844893 0.392221,
        2.706658 1.844893 0.331109,
        2.698151 1.844893 0.360355,
        2.708115 1.844893 0.364922,
        2.696070 1.844893 0.329858,
        2.695332 1.844893 0.329863,
        2.687176 1.844893 0.355758,
        2.686764 1.844893 0.330823,
        2.676353 1.844893 0.342753,
        2.676517 1.844893 0.344832,
        2.682450 1.844893 0.332402,
        2.680926 1.844893 0.333326,
        2.679008 1.844893 0.335029,
        2.677549 1.844893 0.337187,
        2.676700 1.844893 0.339564,
        2.677276 1.844893 0.347442,
        2.678569 1.844893 0.349658,
        2.680652 1.844893 0.351827,
        2.623734 1.844893 0.345700,
        2.650496 1.844893 0.413776,
        2.631802 1.844893 0.413776,
        2.613108 1.844893 0.318669,
        2.613671 1.844893 0.317339,
        2.620442 1.844893 0.301340,
        2.647050 1.844893 0.289809,
        2.647050 1.844893 0.274937,
        2.629518 1.844893 0.274348,
        2.636271 1.844893 0.273572,
        2.626857 1.844893 0.291823,
        2.623744 1.844893 0.295295,
        2.623734 1.844893 0.295313,
        2.643631 1.844893 0.288689,
        2.637567 1.844893 0.287899,
        2.639961 1.844893 0.273704,
        2.633431 1.844893 0.288378,
        2.629784 1.844893 0.289780,
        2.617084 1.844893 0.280941,
        2.622922 1.844893 0.276861,
        2.623734 1.844893 0.276552,
        2.602260 1.844893 0.304069,
        2.609827 1.844893 0.289332,
        2.615944 1.844893 0.281986,
        2.339000 1.844893 0.362757,
        2.345575 1.844893 0.348956,
        2.355489 1.844893 0.337158,
        2.369493 1.844893 0.327129,
        2.384721 1.844893 0.321202,
        2.407306 1.844893 0.318464,
        2.444011 1.844893 0.318464,
        2.444011 1.844893 0.451914,
        2.405941 1.844893 0.451914,
        2.385564 1.844893 0.449663,
        2.369458 1.844893 0.443780,
        2.355489 1.844893 0.434243,
        2.350746 1.844893 0.429601,
        2.342494 1.844893 0.417956,
        2.337569 1.844893 0.405217,
        2.335362 1.844893 0.386894,
        2.335764 1.844893 0.378378,
        2.684759 1.844893 0.317493,
        2.723565 1.848830 0.339069,
        2.717133 1.848830 0.335081,
        2.696070 1.848830 0.329858,
        2.706658 1.848830 0.331109,
        2.723565 1.848830 0.321807,
        2.713069 1.848830 0.317974,
        2.697708 1.848830 0.316213,
        2.684759 1.848830 0.317493,
        2.675444 1.848830 0.320587,
        2.669940 1.848830 0.323786,
        2.665158 1.848830 0.327968,
        2.662043 1.848830 0.332377,
        2.659990 1.848830 0.337674,
        2.659194 1.848830 0.344390,
        2.659885 1.848830 0.350617,
        2.661669 1.848830 0.355546,
        2.664789 1.848830 0.360150,
        2.668774 1.848830 0.363706,
        2.679876 1.848830 0.369880,
        2.686348 1.848830 0.372499,
        2.696693 1.848830 0.377002,
        2.702586 1.848830 0.380686,
        2.704217 1.848830 0.382480,
        2.705420 1.848830 0.384735,
        2.706084 1.848830 0.387332,
        2.706236 1.848830 0.389556,
        2.705933 1.848830 0.392221,
        2.705108 1.848830 0.394478,
        2.703675 1.848830 0.396605,
        2.701153 1.848830 0.398834,
        2.697405 1.848830 0.400827,
        2.692934 1.848830 0.402011,
        2.687986 1.848830 0.402382,
        2.676982 1.848830 0.401128,
        2.667557 1.848830 0.397665,
        2.663766 1.848830 0.395491,
        2.663766 1.848830 0.411729,
        2.674914 1.848830 0.414972,
        2.686348 1.848830 0.415959,
        2.698354 1.848830 0.414687,
        2.707581 1.848830 0.411453,
        2.712752 1.848830 0.408386,
        2.717707 1.848830 0.403931,
        2.720813 1.848830 0.399413,
        2.722804 1.848830 0.394031,
        2.723463 1.848830 0.388054,
        2.722744 1.848830 0.381565,
        2.720901 1.848830 0.376460,
        2.718721 1.848830 0.372977,
        2.698151 1.848830 0.360355,
        2.708115 1.848830 0.364922,
        2.715987 1.848830 0.370117,
        2.687176 1.848830 0.355758,
        2.680652 1.848830 0.351827,
        2.678569 1.848830 0.349658,
        2.677276 1.848830 0.347442,
        2.676517 1.848830 0.344832,
        2.676353 1.848830 0.342753,
        2.676700 1.848830 0.339564,
        2.677549 1.848830 0.337187,
        2.679008 1.848830 0.335029,
        2.680926 1.848830 0.333326,
        2.682450 1.848830 0.332402,
        2.686764 1.848830 0.330823,
        2.695332 1.848830 0.329863,
        2.576335 1.848830 0.413776,
        2.559006 1.848830 0.413776,
        2.602363 1.848830 0.342002,
        2.603642 1.848830 0.337559,
        2.604409 1.848830 0.334293,
        2.604853 1.848830 0.334293,
        2.606900 1.848830 0.342139,
        2.631802 1.848830 0.413776,
        2.650496 1.848830 0.413776,
        2.613108 1.848830 0.318669,
        2.620442 1.848830 0.301340,
        2.623744 1.848830 0.295295,
        2.626857 1.848830 0.291823,
        2.629784 1.848830 0.289780,
        2.633431 1.848830 0.288378,
        2.637567 1.848830 0.287899,
        2.643631 1.848830 0.288689,
        2.647050 1.848830 0.289809,
        2.647050 1.848830 0.274937,
        2.639961 1.848830 0.273704,
        2.636271 1.848830 0.273572,
        2.629518 1.848830 0.274348,
        2.622922 1.848830 0.276861,
        2.617084 1.848830 0.280941,
        2.615944 1.848830 0.281986,
        2.609827 1.848830 0.289332,
        2.602260 1.848830 0.304069,
        2.469220 1.848830 0.333679,
        2.469220 1.848830 0.318464,
        2.523767 1.848830 0.333679,
        2.523767 1.848830 0.378571,
        2.476043 1.848830 0.378571,
        2.476043 1.848830 0.393854,
        2.523767 1.848830 0.393854,
        2.523767 1.848830 0.436563,
        2.472256 1.848830 0.436563,
        2.472256 1.848830 0.451914,
        2.540994 1.848830 0.451914,
        2.540994 1.848830 0.318464,
        2.361224 1.848830 0.355628,
        2.367735 1.848830 0.347597,
        2.355489 1.848830 0.337158,
        2.369342 1.848830 0.346100,
        2.369493 1.848830 0.327129,
        2.377961 1.848830 0.340130,
        2.384721 1.848830 0.321202,
        2.389003 1.848830 0.335865,
        2.407306 1.848830 0.318464,
        2.407408 1.848830 0.333679,
        2.444011 1.848830 0.318464,
        2.426784 1.848830 0.333679,
        2.444011 1.848830 0.451914,
        2.426784 1.848830 0.436563,
        2.405941 1.848830 0.451914,
        2.406623 1.848830 0.436563,
        2.385564 1.848830 0.449663,
        2.388534 1.848830 0.434441,
        2.369458 1.848830 0.443780,
        2.377117 1.848830 0.430108,
        2.355489 1.848830 0.434243,
        2.368110 1.848830 0.424009,
        2.350746 1.848830 0.429601,
        2.364344 1.848830 0.420291,
        2.342494 1.848830 0.417956,
        2.359183 1.848830 0.412798,
        2.337569 1.848830 0.405217,
        2.355432 1.848830 0.403030,
        2.335362 1.848830 0.386894,
        2.353476 1.848830 0.386417,
        2.335764 1.848830 0.378378,
        2.353952 1.848830 0.377652,
        2.339000 1.848830 0.362757,
        2.356587 1.848830 0.365496,
        2.345575 1.848830 0.348956,
        2.406623 1.844893 0.436563,
        2.426784 1.844893 0.436563,
        2.426784 1.844893 0.333679,
        2.407408 1.844893 0.333679,
        2.367735 1.844893 0.347597,
        2.369342 1.844893 0.346100,
        2.377961 1.844893 0.340130,
        2.389003 1.844893 0.335865,
        2.353476 1.844893 0.386417,
        2.353952 1.844893 0.377652,
        2.356587 1.844893 0.365496,
        2.361224 1.844893 0.355628,
        2.368110 1.844893 0.424009,
        2.364344 1.844893 0.420291,
        2.359183 1.844893 0.412798,
        2.355432 1.844893 0.403030,
        2.388534 1.844893 0.434441,
        2.377117 1.844893 0.430108,
      ]
    }
    coordIndex [
      27, 139, 140, -1,
      141, 83, 80, -1,
      141, 80, 142, -1,
      142, 80, 30, -1,
      142, 30, 140, -1,
      140, 30, 29, -1,
      140, 29, 27, -1,
      143, 139, 28, -1,
      28, 139, 27, -1,
      143, 28, 144, -1,
      144, 28, 38, -1,
      42, 145, 40, -1,
      40, 145, 144, -1,
      40, 144, 39, -1,
      39, 144, 38, -1,
      42, 41, 145, -1,
      145, 41, 146, -1,
      41, 138, 146, -1,
      146, 138, 61, -1,
      146, 61, 147, -1,
      147, 61, 60, -1,
      147, 60, 148, -1,
      148, 60, 59, -1,
      148, 59, 149, -1,
      149, 59, 46, -1,
      149, 46, 150, -1,
      150, 46, 45, -1,
      150, 45, 151, -1,
      151, 45, 58, -1,
      151, 58, 152, -1,
      152, 58, 57, -1,
      152, 57, 153, -1,
      153, 57, 56, -1,
      153, 56, 154, -1,
      154, 56, 55, -1,
      154, 55, 155, -1,
      155, 55, 76, -1,
      155, 76, 156, -1,
      156, 76, 75, -1,
      156, 75, 157, -1,
      157, 75, 73, -1,
      157, 73, 158, -1,
      158, 73, 71, -1,
      158, 71, 159, -1,
      159, 71, 70, -1,
      159, 70, 160, -1,
      160, 70, 69, -1,
      160, 69, 161, -1,
      161, 69, 68, -1,
      161, 68, 162, -1,
      162, 68, 67, -1,
      162, 67, 163, -1,
      163, 67, 64, -1,
      163, 64, 164, -1,
      164, 64, 79, -1,
      164, 79, 165, -1,
      165, 79, 78, -1,
      165, 78, 166, -1,
      166, 78, 77, -1,
      166, 77, 167, -1,
      167, 77, 66, -1,
      167, 66, 168, -1,
      168, 66, 65, -1,
      168, 65, 169, -1,
      169, 65, 63, -1,
      169, 63, 170, -1,
      170, 63, 62, -1,
      170, 62, 171, -1,
      171, 62, 72, -1,
      171, 72, 172, -1,
      172, 72, 74, -1,
      172, 74, 173, -1,
      173, 74, 44, -1,
      173, 44, 174, -1,
      175, 174, 43, -1,
      43, 174, 44, -1,
      175, 43, 54, -1,
      175, 54, 176, -1,
      176, 54, 53, -1,
      176, 53, 177, -1,
      177, 53, 52, -1,
      177, 52, 178, -1,
      178, 52, 48, -1,
      178, 48, 179, -1,
      179, 48, 47, -1,
      179, 47, 180, -1,
      180, 47, 181, -1,
      181, 47, 51, -1,
      51, 50, 181, -1,
      181, 50, 49, -1,
      181, 49, 182, -1,
      182, 49, 36, -1,
      182, 36, 183, -1,
      183, 36, 35, -1,
      183, 35, 184, -1,
      184, 35, 34, -1,
      184, 34, 185, -1,
      185, 34, 33, -1,
      185, 33, 186, -1,
      186, 33, 32, -1,
      186, 32, 187, -1,
      81, 188, 189, -1,
      187, 32, 37, -1,
      187, 37, 190, -1,
      190, 37, 31, -1,
      190, 31, 189, -1,
      189, 31, 82, -1,
      189, 82, 81, -1,
      188, 81, 85, -1,
      188, 85, 191, -1,
      191, 85, 96, -1,
      191, 96, 192, -1,
      192, 96, 95, -1,
      192, 95, 193, -1,
      193, 95, 94, -1,
      193, 94, 194, -1,
      194, 94, 88, -1,
      194, 88, 195, -1,
      195, 88, 87, -1,
      195, 87, 196, -1,
      196, 87, 93, -1,
      196, 93, 197, -1,
      197, 93, 92, -1,
      197, 92, 198, -1,
      198, 92, 91, -1,
      198, 91, 199, -1,
      199, 91, 90, -1,
      199, 90, 200, -1,
      200, 90, 89, -1,
      200, 89, 201, -1,
      201, 89, 86, -1,
      201, 86, 202, -1,
      202, 86, 84, -1,
      202, 84, 203, -1,
      203, 84, 83, -1,
      203, 83, 141, -1,
      167, 168, 179, -1,
      179, 168, 178, -1,
      159, 188, 158, -1,
      158, 188, 191, -1,
      158, 191, 157, -1,
      145, 141, 144, -1,
      144, 141, 142, -1,
      144, 142, 143, -1,
      143, 142, 140, -1,
      143, 140, 139, -1,
      168, 169, 178, -1,
      178, 169, 170, -1,
      178, 170, 177, -1,
      177, 170, 171, -1,
      177, 171, 176, -1,
      176, 171, 172, -1,
      176, 172, 175, -1,
      175, 172, 173, -1,
      175, 173, 174, -1,
      157, 191, 156, -1,
      156, 191, 192, -1,
      156, 192, 155, -1,
      155, 192, 193, -1,
      155, 193, 154, -1,
      154, 193, 194, -1,
      154, 194, 153, -1,
      153, 194, 195, -1,
      153, 195, 152, -1,
      152, 195, 196, -1,
      152, 196, 151, -1,
      151, 196, 197, -1,
      151, 197, 150, -1,
      150, 197, 198, -1,
      150, 198, 149, -1,
      149, 198, 199, -1,
      149, 199, 148, -1,
      148, 199, 200, -1,
      148, 200, 147, -1,
      147, 200, 201, -1,
      147, 201, 146, -1,
      146, 201, 202, -1,
      146, 202, 145, -1,
      145, 202, 203, -1,
      145, 203, 141, -1,
      179, 180, 167, -1,
      167, 180, 181, -1,
      167, 181, 166, -1,
      166, 181, 182, -1,
      166, 182, 165, -1,
      165, 182, 183, -1,
      165, 183, 164, -1,
      164, 183, 184, -1,
      164, 184, 163, -1,
      163, 184, 185, -1,
      163, 185, 162, -1,
      162, 185, 186, -1,
      162, 186, 161, -1,
      161, 186, 187, -1,
      161, 187, 160, -1,
      160, 187, 190, -1,
      160, 190, 159, -1,
      159, 190, 189, -1,
      159, 189, 188, -1,
      204, 205, 26, -1,
      26, 205, 16, -1,
      206, 204, 24, -1,
      24, 204, 26, -1,
      206, 24, 23, -1,
      206, 23, 207, -1,
      207, 23, 19, -1,
      207, 19, 208, -1,
      209, 208, 18, -1,
      18, 208, 19, -1,
      210, 209, 17, -1,
      17, 209, 18, -1,
      99, 211, 25, -1,
      25, 211, 210, -1,
      25, 210, 17, -1,
      212, 211, 98, -1,
      98, 211, 99, -1,
      100, 213, 97, -1,
      97, 213, 212, -1,
      97, 212, 98, -1,
      102, 214, 101, -1,
      101, 214, 213, -1,
      101, 213, 100, -1,
      102, 109, 214, -1,
      214, 109, 215, -1,
      109, 108, 215, -1,
      215, 108, 107, -1,
      215, 107, 216, -1,
      216, 107, 114, -1,
      216, 114, 217, -1,
      217, 114, 113, -1,
      217, 113, 218, -1,
      218, 113, 111, -1,
      218, 111, 219, -1,
      219, 111, 110, -1,
      219, 110, 220, -1,
      220, 110, 103, -1,
      220, 103, 221, -1,
      222, 221, 104, -1,
      104, 221, 103, -1,
      222, 104, 112, -1,
      222, 112, 223, -1,
      223, 112, 106, -1,
      223, 106, 224, -1,
      224, 106, 105, -1,
      224, 105, 225, -1,
      225, 105, 117, -1,
      225, 117, 226, -1,
      117, 116, 226, -1,
      226, 116, 115, -1,
      226, 115, 227, -1,
      227, 115, 120, -1,
      227, 120, 228, -1,
      228, 120, 119, -1,
      228, 119, 229, -1,
      229, 119, 118, -1,
      229, 118, 230, -1,
      16, 205, 15, -1,
      15, 205, 230, -1,
      15, 230, 118, -1,
      207, 208, 230, -1,
      205, 204, 230, -1,
      230, 204, 206, -1,
      230, 206, 207, -1,
      211, 212, 210, -1,
      210, 212, 213, -1,
      210, 213, 209, -1,
      221, 222, 220, -1,
      220, 222, 223, -1,
      220, 223, 219, -1,
      219, 223, 224, -1,
      219, 224, 218, -1,
      218, 224, 225, -1,
      218, 225, 217, -1,
      217, 225, 226, -1,
      217, 226, 216, -1,
      208, 209, 230, -1,
      230, 209, 213, -1,
      230, 213, 229, -1,
      213, 214, 229, -1,
      229, 214, 215, -1,
      229, 215, 228, -1,
      228, 215, 216, -1,
      228, 216, 227, -1,
      227, 216, 226, -1,
      231, 232, 1, -1,
      1, 232, 2, -1,
      9, 233, 6, -1,
      6, 233, 231, -1,
      6, 231, 1, -1,
      234, 233, 8, -1,
      8, 233, 9, -1,
      5, 235, 7, -1,
      7, 235, 234, -1,
      7, 234, 8, -1,
      236, 235, 4, -1,
      4, 235, 5, -1,
      12, 237, 3, -1,
      3, 237, 236, -1,
      3, 236, 4, -1,
      238, 237, 11, -1,
      11, 237, 12, -1,
      0, 239, 10, -1,
      10, 239, 238, -1,
      10, 238, 11, -1,
      240, 239, 22, -1,
      22, 239, 0, -1,
      20, 241, 21, -1,
      21, 241, 240, -1,
      21, 240, 22, -1,
      242, 241, 14, -1,
      14, 241, 20, -1,
      2, 232, 13, -1,
      13, 232, 242, -1,
      13, 242, 14, -1,
      242, 232, 231, -1,
      231, 233, 242, -1,
      242, 233, 234, -1,
      242, 234, 241, -1,
      239, 240, 238, -1,
      238, 240, 241, -1,
      238, 241, 237, -1,
      237, 241, 234, -1,
      237, 234, 236, -1,
      236, 234, 235, -1,
      243, 244, 245, -1,
      245, 244, 246, -1,
      245, 246, 247, -1,
      247, 246, 248, -1,
      247, 248, 249, -1,
      249, 248, 250, -1,
      249, 250, 251, -1,
      251, 250, 252, -1,
      251, 252, 253, -1,
      253, 252, 254, -1,
      253, 254, 255, -1,
      255, 254, 256, -1,
      255, 256, 257, -1,
      257, 256, 258, -1,
      257, 258, 259, -1,
      259, 258, 260, -1,
      259, 260, 261, -1,
      261, 260, 262, -1,
      261, 262, 263, -1,
      263, 262, 264, -1,
      263, 264, 265, -1,
      265, 264, 266, -1,
      265, 266, 267, -1,
      267, 266, 268, -1,
      267, 268, 269, -1,
      269, 268, 270, -1,
      269, 270, 271, -1,
      271, 270, 272, -1,
      271, 272, 273, -1,
      273, 272, 274, -1,
      273, 274, 275, -1,
      275, 274, 276, -1,
      275, 276, 277, -1,
      277, 276, 243, -1,
      277, 243, 245, -1,
      251, 253, 126, -1,
      126, 253, 127, -1,
      251, 126, 125, -1,
      251, 125, 249, -1,
      249, 125, 124, -1,
      249, 124, 247, -1,
      247, 124, 123, -1,
      247, 123, 245, -1,
      245, 123, 122, -1,
      245, 122, 277, -1,
      277, 122, 121, -1,
      277, 121, 275, -1,
      275, 121, 137, -1,
      275, 137, 273, -1,
      273, 137, 136, -1,
      273, 136, 271, -1,
      271, 136, 135, -1,
      271, 135, 269, -1,
      269, 135, 134, -1,
      269, 134, 267, -1,
      267, 134, 133, -1,
      267, 133, 265, -1,
      265, 133, 132, -1,
      265, 132, 263, -1,
      263, 132, 131, -1,
      263, 131, 261, -1,
      261, 131, 130, -1,
      261, 130, 259, -1,
      259, 130, 129, -1,
      259, 129, 257, -1,
      255, 257, 128, -1,
      128, 257, 129, -1,
      253, 255, 127, -1,
      127, 255, 128, -1,
      258, 256, 278, -1,
      278, 256, 279, -1,
      256, 254, 279, -1,
      279, 254, 280, -1,
      254, 252, 280, -1,
      280, 252, 281, -1,
      244, 282, 283, -1,
      244, 283, 246, -1,
      246, 283, 284, -1,
      246, 284, 248, -1,
      248, 284, 285, -1,
      248, 285, 250, -1,
      250, 285, 281, -1,
      250, 281, 252, -1,
      272, 286, 287, -1,
      272, 287, 274, -1,
      274, 287, 288, -1,
      274, 288, 276, -1,
      276, 288, 289, -1,
      276, 289, 243, -1,
      243, 289, 282, -1,
      243, 282, 244, -1,
      264, 290, 291, -1,
      264, 291, 266, -1,
      266, 291, 292, -1,
      266, 292, 268, -1,
      268, 292, 293, -1,
      268, 293, 270, -1,
      270, 293, 286, -1,
      270, 286, 272, -1,
      258, 278, 294, -1,
      258, 294, 260, -1,
      260, 294, 295, -1,
      260, 295, 262, -1,
      262, 295, 290, -1,
      262, 290, 264, -1,
    ]
  }
}

Shape {
  appearance Appearance {
    material Material {
      diffuseColor 0.2510 0.2510 0.2510
      specularColor 0.2196 0.2196 0.2196
      ambientIntensity 0.2
      transparency 0.0000
      shininess 0.5
    }
  }
  geometry IndexedFaceSet {
    ccw TRUE
    solid FALSE
    coord DEF co Coordinate {
      point [
        2.406623 1.844893 0.436563,
        2.426784 1.844893 0.436563,
        2.426784 1.844893 0.333679,
        2.407408 1.844893 0.333679,
        2.367735 1.844893 0.347597,
        2.369342 1.844893 0.346100,
        2.377961 1.844893 0.340130,
        2.389003 1.844893 0.335865,
        2.353476 1.844893 0.386417,
        2.353952 1.844893 0.377652,
        2.356587 1.844893 0.365496,
        2.361224 1.844893 0.355628,
        2.368110 1.844893 0.424009,
        2.364344 1.844893 0.420291,
        2.359183 1.844893 0.412798,
        2.355432 1.844893 0.403030,
        2.388534 1.844893 0.434441,
        2.377117 1.844893 0.430108,
      ]
    }
    coordIndex [
      1, 2, 0, -1,
      0, 2, 3, -1,
      3, 7, 0, -1,
      0, 7, 6, -1,
      0, 6, 5, -1,
      5, 4, 0, -1,
      0, 4, 11, -1,
      0, 11, 10, -1,
      8, 12, 17, -1,
      15, 14, 8, -1,
      8, 14, 13, -1,
      8, 13, 12, -1,
      10, 9, 0, -1,
      0, 9, 8, -1,
      0, 8, 16, -1,
      16, 8, 17, -1,
    ]
  }
}

Shape {
  appearance Appearance {
    material Material {
      diffuseColor 1.0000 1.0000 1.0000
      specularColor 0.5020 0.5020 0.5020
      ambientIntensity 0.2
      transparency 0.0000
      shininess 0.5
    }
  }
  geometry IndexedFaceSet {
    ccw TRUE
    solid FALSE
    coord DEF co Coordinate {
      point [
        2.308924 1.844893 0.318464,
        2.327959 1.844893 0.318464,
        2.226917 1.844893 0.318464,
        2.240528 1.844893 0.354965,
        2.296098 1.844893 0.354965,
        2.277131 1.844893 0.451914,
        2.258710 1.844893 0.451914,
        2.207882 1.844893 0.318464,
        2.290640 1.848830 0.370043,
        2.270684 1.848830 0.425510,
        2.277131 1.848830 0.451914,
        2.327959 1.848830 0.318464,
        2.308924 1.848830 0.318464,
        2.296098 1.848830 0.354965,
        2.269528 1.848830 0.429493,
        2.268501 1.848830 0.434857,
        2.258710 1.848830 0.451914,
        2.268091 1.848830 0.434857,
        2.267013 1.848830 0.429211,
        2.266011 1.848830 0.425510,
        2.245850 1.848830 0.370043,
        2.207882 1.848830 0.318464,
        2.226917 1.848830 0.318464,
        2.240528 1.848830 0.354965,
        2.290640 1.844893 0.370043,
        2.245850 1.844893 0.370043,
        2.266011 1.844893 0.425510,
        2.268091 1.844893 0.434857,
        2.267013 1.844893 0.429211,
        2.268501 1.844893 0.434857,
        2.270684 1.844893 0.425510,
        2.269528 1.844893 0.429493,
      ]
    }
    coordIndex [
      8, 9, 10, -1,
      11, 12, 13, -1,
      9, 14, 10, -1,
      10, 14, 15, -1,
      10, 15, 16, -1,
      16, 15, 17, -1,
      16, 17, 18, -1,
      18, 19, 16, -1,
      16, 19, 20, -1,
      16, 20, 21, -1,
      22, 21, 23, -1,
      23, 21, 20, -1,
      23, 20, 13, -1,
      13, 20, 8, -1,
      13, 8, 11, -1,
      11, 8, 10, -1,
      16, 21, 6, -1,
      6, 21, 7, -1,
      10, 16, 5, -1,
      5, 16, 6, -1,
      11, 10, 1, -1,
      1, 10, 5, -1,
      12, 11, 0, -1,
      0, 11, 1, -1,
      13, 12, 4, -1,
      4, 12, 0, -1,
      23, 13, 3, -1,
      3, 13, 4, -1,
      22, 23, 2, -1,
      2, 23, 3, -1,
      21, 22, 7, -1,
      7, 22, 2, -1,
      8, 20, 24, -1,
      24, 20, 25, -1,
      20, 19, 25, -1,
      25, 19, 26, -1,
      17, 27, 28, -1,
      17, 28, 18, -1,
      18, 28, 26, -1,
      18, 26, 19, -1,
      17, 15, 27, -1,
      27, 15, 29, -1,
      9, 30, 31, -1,
      9, 31, 14, -1,
      14, 31, 29, -1,
      14, 29, 15, -1,
      9, 8, 30, -1,
      30, 8, 24, -1,
    ]
  }
}

Shape {
  appearance Appearance {
    material Material {
      diffuseColor 0.2510 0.2510 0.2510
      specularColor 0.2196 0.2196 0.2196
      ambientIntensity 0.2
      transparency 0.0000
      shininess 0.5
    }
  }
  geometry IndexedFaceSet {
    ccw TRUE
    solid FALSE
    coord DEF co Coordinate {
      point [
        2.290640 1.844893 0.370043,
        2.245850 1.844893 0.370043,
        2.266011 1.844893 0.425510,
        2.268091 1.844893 0.434857,
        2.267013 1.844893 0.429211,
        2.268501 1.844893 0.434857,
        2.270684 1.844893 0.425510,
        2.269528 1.844893 0.429493,
      ]
    }
    coordIndex [
      3, 5, 4, -1,
      4, 5, 7, -1,
      4, 7, 2, -1,
      2, 7, 6, -1,
      2, 6, 1, -1,
      1, 6, 0, -1,
    ]
  }
}

Shape {
  appearance Appearance {
    material Material {
      diffuseColor 1.0000 1.0000 1.0000
      specularColor 0.5020 0.5020 0.5020
      ambientIntensity 0.2
      transparency 0.0000
      shininess 0.5
    }
  }
  geometry IndexedFaceSet {
    ccw TRUE
    solid FALSE
    coord DEF co Coordinate {
      point [
        3.203267 1.844893 0.676420,
        3.186313 1.844893 0.664743,
        3.165032 1.844893 0.650085,
        3.132906 1.844893 0.612668,
        3.027448 1.844893 0.489915,
        3.035802 1.844893 0.510786,
        3.055166 1.844893 0.537780,
        3.080899 1.844893 0.559548,
        3.113796 1.844893 0.575129,
        3.109134 1.844893 0.573562,
        3.382123 1.844893 0.678144,
        3.338189 1.844893 0.694328,
        3.294070 1.844893 0.699423,
        3.250474 1.844893 0.694308,
        3.404115 1.844893 0.664743,
        3.407928 1.844893 0.662420,
        3.603419 1.844893 0.547792,
        3.580611 1.844893 0.577027,
        3.508873 1.844893 0.617953,
        3.471498 1.844893 0.622570,
        3.430224 1.844893 0.643325,
        3.460586 1.844893 0.621977,
        3.449676 1.844893 0.620672,
        3.574200 1.844893 0.583094,
        3.544020 1.844893 0.604308,
        3.555728 1.844893 0.340183,
        3.585355 1.844893 0.365442,
        3.521434 1.844893 0.323484,
        3.607026 1.844893 0.396383,
        3.620617 1.844893 0.431707,
        3.625205 1.844893 0.468862,
        3.624936 1.844893 0.477976,
        3.622802 1.844893 0.489915,
        3.618563 1.844893 0.513635,
        3.509450 1.844893 0.319899,
        3.508253 1.844893 0.317339,
        3.499928 1.844893 0.299530,
        3.485815 1.844893 0.282119,
        3.467252 1.844893 0.268132,
        3.396339 1.844893 0.258211,
        3.419313 1.844893 0.255380,
        3.422957 1.844893 0.255448,
        3.445359 1.844893 0.258938,
        3.458546 1.844893 0.264476,
        3.330411 1.844893 0.317339,
        3.330504 1.844893 0.316948,
        3.341733 1.844893 0.295804,
        3.356281 1.844893 0.279494,
        3.375178 1.844893 0.266341,
        3.380031 1.844893 0.264476,
        3.209257 1.844893 0.373313,
        3.202746 1.844893 0.375884,
        3.191599 1.844893 0.429961,
        3.348152 1.844893 0.413831,
        3.221012 1.844893 0.480248,
        3.364740 1.844893 0.428934,
        3.384875 1.844893 0.439723,
        3.215092 1.844893 0.369177,
        3.036138 1.844893 0.386932,
        3.054970 1.844893 0.360698,
        3.079157 1.844893 0.458224,
        3.083620 1.844893 0.476446,
        3.090885 1.844893 0.489915,
        3.563070 1.844893 0.489915,
        3.024204 1.844893 0.481808,
        3.019864 1.844893 0.450835,
        3.024218 1.844893 0.416970,
        3.195394 1.844893 0.376828,
        3.194470 1.844893 0.376761,
        3.191624 1.844893 0.376131,
        3.557484 1.844893 0.432899,
        3.546193 1.844893 0.413687,
        3.498018 1.844893 0.403863,
        3.529182 1.844893 0.396209,
        3.508501 1.844893 0.383469,
        3.462933 1.844893 0.435279,
        3.482331 1.844893 0.421799,
        3.565430 1.844893 0.470760,
        3.564293 1.844893 0.456118,
        3.441976 1.844893 0.443297,
        3.419313 1.844893 0.446091,
        3.407778 1.844893 0.445407,
        3.080787 1.844893 0.338844,
        3.109737 1.844893 0.324677,
        3.141312 1.844893 0.318002,
        3.224807 1.844893 0.347415,
        3.224566 1.844893 0.351159,
        3.324432 1.844893 0.359749,
        3.222661 1.844893 0.358381,
        3.219012 1.844893 0.364854,
        3.097952 1.844893 0.399698,
        3.087512 1.844893 0.414496,
        3.080970 1.844893 0.431405,
        3.078690 1.844893 0.449886,
        3.197291 1.844893 0.318002,
        3.202637 1.844893 0.318863,
        3.208913 1.844893 0.321333,
        3.215066 1.844893 0.325708,
        3.217272 1.844893 0.327953,
        3.221407 1.844893 0.333913,
        3.223907 1.844893 0.340348,
        3.324948 1.844893 0.340369,
        3.324432 1.844893 0.350261,
        3.189701 1.844893 0.375879,
        3.147005 1.844893 0.375879,
        3.129959 1.844893 0.379147,
        3.113219 1.844893 0.386906,
        3.099193 1.844893 0.398366,
        3.180749 1.844893 0.580906,
        3.202154 1.844893 0.606470,
        3.420262 1.844893 0.551409,
        3.204533 1.844893 0.608637,
        3.231190 1.844893 0.627137,
        3.405767 1.844893 0.581422,
        3.427007 1.844893 0.555098,
        3.448281 1.844893 0.562880,
        3.092448 1.844893 0.492812,
        3.103371 1.844893 0.505007,
        3.152698 1.844893 0.523893,
        3.118085 1.844893 0.515285,
        3.134644 1.844893 0.521665,
        3.160288 1.844893 0.523893,
        3.166104 1.844893 0.550338,
        3.503863 1.844893 0.559570,
        3.525006 1.844893 0.548340,
        3.480441 1.844893 0.565125,
        3.541317 1.844893 0.533792,
        3.554470 1.844893 0.514895,
        3.384487 1.844893 0.606845,
        3.260943 1.844893 0.638539,
        3.359048 1.844893 0.625432,
        3.293122 1.844893 0.642495,
        3.328052 1.844893 0.637995,
        3.470549 1.844893 0.565641,
        3.562599 1.844893 0.493734,
        3.499928 1.848830 0.299530,
        3.485815 1.848830 0.282119,
        3.508501 1.848830 0.383469,
        3.191599 1.848830 0.429961,
        3.221012 1.848830 0.480248,
        3.348152 1.848830 0.413831,
        3.413414 1.848830 0.385673,
        3.404507 1.848830 0.382772,
        3.525006 1.848830 0.548340,
        3.503863 1.848830 0.559570,
        3.508873 1.848830 0.617953,
        3.449676 1.848830 0.620672,
        3.420262 1.848830 0.551409,
        3.405767 1.848830 0.581422,
        3.529182 1.848830 0.396209,
        3.521434 1.848830 0.323484,
        3.509450 1.848830 0.319899,
        3.471498 1.848830 0.622570,
        3.396711 1.848830 0.377823,
        3.390416 1.848830 0.371180,
        3.324432 1.848830 0.359749,
        3.386072 1.848830 0.363507,
        3.383663 1.848830 0.354823,
        3.324432 1.848830 0.350261,
        3.383444 1.848830 0.345619,
        3.324948 1.848830 0.340369,
        3.429519 1.848830 0.385131,
        3.441976 1.848830 0.443297,
        3.437806 1.848830 0.381867,
        3.462933 1.848830 0.435279,
        3.445227 1.848830 0.376596,
        3.482331 1.848830 0.421799,
        3.449043 1.848830 0.372557,
        3.498018 1.848830 0.403863,
        3.453931 1.848830 0.364698,
        3.456710 1.848830 0.355762,
        3.457163 1.848830 0.346513,
        3.384875 1.848830 0.439723,
        3.407778 1.848830 0.445407,
        3.419313 1.848830 0.446091,
        3.160288 1.848830 0.523893,
        3.152698 1.848830 0.523893,
        3.113796 1.848830 0.575129,
        3.134644 1.848830 0.521665,
        3.109134 1.848830 0.573562,
        3.118085 1.848830 0.515285,
        3.080899 1.848830 0.559548,
        3.055166 1.848830 0.537780,
        3.430224 1.848830 0.643325,
        3.384487 1.848830 0.606845,
        3.407928 1.848830 0.662420,
        3.359048 1.848830 0.625432,
        3.382123 1.848830 0.678144,
        3.480441 1.848830 0.565125,
        3.470549 1.848830 0.565641,
        3.460586 1.848830 0.621977,
        3.448281 1.848830 0.562880,
        3.427007 1.848830 0.555098,
        3.054970 1.848830 0.360698,
        3.099193 1.848830 0.398366,
        3.080787 1.848830 0.338844,
        3.113219 1.848830 0.386906,
        3.109737 1.848830 0.324677,
        3.129959 1.848830 0.379147,
        3.141312 1.848830 0.318002,
        3.147005 1.848830 0.375879,
        3.197291 1.848830 0.318002,
        3.189701 1.848830 0.375879,
        3.202637 1.848830 0.318863,
        3.420262 1.848830 0.386316,
        3.364740 1.848830 0.428934,
        3.103371 1.848830 0.505007,
        3.092448 1.848830 0.492812,
        3.035802 1.848830 0.510786,
        3.083620 1.848830 0.476446,
        3.024204 1.848830 0.481808,
        3.079157 1.848830 0.458224,
        3.019864 1.848830 0.450835,
        3.078690 1.848830 0.449886,
        3.024218 1.848830 0.416970,
        3.080970 1.848830 0.431405,
        3.036138 1.848830 0.386932,
        3.087512 1.848830 0.414496,
        3.097952 1.848830 0.399698,
        3.165032 1.848830 0.650085,
        3.202154 1.848830 0.606470,
        3.132906 1.848830 0.612668,
        3.180749 1.848830 0.580906,
        3.166104 1.848830 0.550338,
        3.562599 1.848830 0.493734,
        3.624936 1.848830 0.477976,
        3.565430 1.848830 0.470760,
        3.625205 1.848830 0.468862,
        3.564293 1.848830 0.456118,
        3.620617 1.848830 0.431707,
        3.557484 1.848830 0.432899,
        3.607026 1.848830 0.396383,
        3.546193 1.848830 0.413687,
        3.585355 1.848830 0.365442,
        3.555728 1.848830 0.340183,
        3.455389 1.848830 0.337622,
        3.451617 1.848830 0.329654,
        3.338189 1.848830 0.694328,
        3.328052 1.848830 0.637995,
        3.294070 1.848830 0.699423,
        3.293122 1.848830 0.642495,
        3.250474 1.848830 0.694308,
        3.260943 1.848830 0.638539,
        3.203267 1.848830 0.676420,
        3.231190 1.848830 0.627137,
        3.204533 1.848830 0.608637,
        3.544020 1.848830 0.604308,
        3.574200 1.848830 0.583094,
        3.541317 1.848830 0.533792,
        3.580611 1.848830 0.577027,
        3.554470 1.848830 0.514895,
        3.603419 1.848830 0.547792,
        3.618563 1.848830 0.513635,
        3.330504 1.848830 0.316948,
        3.385571 1.848830 0.336476,
        3.341733 1.848830 0.295804,
        3.389870 1.848830 0.328247,
        3.356281 1.848830 0.279494,
        3.395467 1.848830 0.321864,
        3.375178 1.848830 0.266341,
        3.402696 1.848830 0.316732,
        3.396339 1.848830 0.258211,
        3.410930 1.848830 0.313489,
        3.419313 1.848830 0.255380,
        3.420262 1.848830 0.312309,
        3.422957 1.848830 0.255448,
        3.421879 1.848830 0.312344,
        3.445359 1.848830 0.258938,
        3.430397 1.848830 0.313733,
        3.467252 1.848830 0.268132,
        3.438974 1.848830 0.317417,
        3.446236 1.848830 0.322983,
        3.194470 1.848830 0.376761,
        3.217272 1.848830 0.327953,
        3.215066 1.848830 0.325708,
        3.191624 1.848830 0.376131,
        3.208913 1.848830 0.321333,
        3.224807 1.848830 0.347415,
        3.223907 1.848830 0.340348,
        3.221407 1.848830 0.333913,
        3.202746 1.848830 0.375884,
        3.209257 1.848830 0.373313,
        3.224566 1.848830 0.351159,
        3.215092 1.848830 0.369177,
        3.219012 1.848830 0.364854,
        3.222661 1.848830 0.358381,
        3.195394 1.848830 0.376828,
        3.420262 1.844893 0.386316,
        3.413414 1.844893 0.385673,
        3.404507 1.844893 0.382772,
        3.396711 1.844893 0.377823,
        3.390416 1.844893 0.371180,
        3.386072 1.844893 0.363507,
        3.383663 1.844893 0.354823,
        3.383444 1.844893 0.345619,
        3.385571 1.844893 0.336476,
        3.389870 1.844893 0.328247,
        3.395467 1.844893 0.321864,
        3.402696 1.844893 0.316732,
        3.410930 1.844893 0.313489,
        3.420262 1.844893 0.312309,
        3.421879 1.844893 0.312344,
        3.430397 1.844893 0.313733,
        3.438974 1.844893 0.317417,
        3.446236 1.844893 0.322983,
        3.451617 1.844893 0.329654,
        3.455389 1.844893 0.337622,
        3.457163 1.844893 0.346513,
        3.456710 1.844893 0.355762,
        3.453931 1.844893 0.364698,
        3.449043 1.844893 0.372557,
        3.445227 1.844893 0.376596,
        3.437806 1.844893 0.381867,
        3.429519 1.844893 0.385131,
      ]
    }
    coordIndex [
      135, 136, 137, -1,
      138, 139, 140, -1,
      141, 142, 138, -1,
      143, 144, 145, -1,
      146, 147, 148, -1,
      149, 150, 137, -1,
      137, 150, 151, -1,
      137, 151, 135, -1,
      145, 144, 152, -1,
      142, 153, 138, -1,
      138, 153, 154, -1,
      138, 154, 155, -1,
      154, 156, 155, -1,
      155, 156, 157, -1,
      155, 157, 158, -1,
      158, 157, 159, -1,
      158, 159, 160, -1,
      161, 162, 163, -1,
      163, 162, 164, -1,
      163, 164, 165, -1,
      165, 164, 166, -1,
      165, 166, 167, -1,
      167, 166, 168, -1,
      167, 168, 169, -1,
      169, 168, 137, -1,
      169, 137, 170, -1,
      170, 137, 171, -1,
      172, 173, 161, -1,
      161, 173, 174, -1,
      161, 174, 162, -1,
      175, 176, 177, -1,
      177, 176, 178, -1,
      177, 178, 179, -1,
      179, 178, 180, -1,
      179, 180, 181, -1,
      181, 180, 182, -1,
      146, 148, 183, -1,
      183, 148, 184, -1,
      183, 184, 185, -1,
      185, 184, 186, -1,
      185, 186, 187, -1,
      144, 188, 152, -1,
      152, 188, 189, -1,
      152, 189, 190, -1,
      190, 189, 191, -1,
      190, 191, 146, -1,
      146, 191, 192, -1,
      146, 192, 147, -1,
      193, 194, 195, -1,
      195, 194, 196, -1,
      195, 196, 197, -1,
      197, 196, 198, -1,
      197, 198, 199, -1,
      199, 198, 200, -1,
      199, 200, 201, -1,
      201, 200, 202, -1,
      201, 202, 203, -1,
      141, 138, 204, -1,
      204, 138, 140, -1,
      204, 140, 161, -1,
      161, 140, 205, -1,
      161, 205, 172, -1,
      180, 206, 182, -1,
      182, 206, 207, -1,
      182, 207, 208, -1,
      208, 207, 209, -1,
      208, 209, 210, -1,
      210, 209, 211, -1,
      210, 211, 212, -1,
      212, 211, 213, -1,
      212, 213, 214, -1,
      214, 213, 215, -1,
      214, 215, 216, -1,
      216, 215, 217, -1,
      216, 217, 193, -1,
      193, 217, 218, -1,
      193, 218, 194, -1,
      219, 220, 221, -1,
      221, 220, 222, -1,
      221, 222, 177, -1,
      177, 222, 223, -1,
      177, 223, 175, -1,
      224, 225, 226, -1,
      226, 225, 227, -1,
      226, 227, 228, -1,
      228, 227, 229, -1,
      228, 229, 230, -1,
      230, 229, 231, -1,
      230, 231, 232, -1,
      232, 231, 233, -1,
      232, 233, 149, -1,
      149, 233, 234, -1,
      149, 234, 150, -1,
      171, 137, 235, -1,
      235, 137, 136, -1,
      235, 136, 236, -1,
      187, 186, 237, -1,
      237, 186, 238, -1,
      237, 238, 239, -1,
      239, 238, 240, -1,
      239, 240, 241, -1,
      241, 240, 242, -1,
      241, 242, 243, -1,
      243, 242, 244, -1,
      243, 244, 219, -1,
      219, 244, 245, -1,
      219, 245, 220, -1,
      145, 246, 143, -1,
      143, 246, 247, -1,
      143, 247, 248, -1,
      248, 247, 249, -1,
      248, 249, 250, -1,
      250, 249, 251, -1,
      250, 251, 224, -1,
      224, 251, 252, -1,
      224, 252, 225, -1,
      160, 159, 253, -1,
      253, 159, 254, -1,
      253, 254, 255, -1,
      255, 254, 256, -1,
      255, 256, 257, -1,
      257, 256, 258, -1,
      257, 258, 259, -1,
      259, 258, 260, -1,
      259, 260, 261, -1,
      261, 260, 262, -1,
      261, 262, 263, -1,
      263, 262, 264, -1,
      263, 264, 265, -1,
      265, 264, 266, -1,
      265, 266, 267, -1,
      267, 266, 268, -1,
      267, 268, 269, -1,
      269, 268, 270, -1,
      269, 270, 136, -1,
      136, 270, 271, -1,
      136, 271, 236, -1,
      272, 273, 274, -1,
      202, 275, 203, -1,
      203, 275, 272, -1,
      203, 272, 276, -1,
      276, 272, 274, -1,
      277, 278, 272, -1,
      272, 278, 279, -1,
      272, 279, 273, -1,
      280, 281, 282, -1,
      281, 283, 282, -1,
      282, 283, 284, -1,
      282, 284, 285, -1,
      277, 272, 282, -1,
      282, 272, 286, -1,
      282, 286, 280, -1,
      212, 65, 64, -1,
      212, 64, 210, -1,
      210, 64, 4, -1,
      210, 4, 208, -1,
      4, 5, 208, -1,
      208, 5, 6, -1,
      208, 6, 182, -1,
      182, 6, 7, -1,
      182, 7, 181, -1,
      181, 7, 9, -1,
      181, 9, 179, -1,
      179, 9, 8, -1,
      179, 8, 177, -1,
      177, 8, 3, -1,
      177, 3, 221, -1,
      221, 3, 2, -1,
      221, 2, 219, -1,
      243, 219, 1, -1,
      1, 219, 2, -1,
      1, 0, 243, -1,
      243, 0, 13, -1,
      243, 13, 241, -1,
      241, 13, 12, -1,
      241, 12, 239, -1,
      239, 12, 11, -1,
      239, 11, 237, -1,
      237, 11, 10, -1,
      237, 10, 187, -1,
      187, 10, 185, -1,
      185, 10, 14, -1,
      185, 14, 15, -1,
      185, 15, 20, -1,
      185, 20, 183, -1,
      183, 20, 22, -1,
      183, 22, 146, -1,
      146, 22, 21, -1,
      146, 21, 190, -1,
      190, 21, 19, -1,
      190, 19, 152, -1,
      152, 19, 18, -1,
      152, 18, 145, -1,
      145, 18, 24, -1,
      145, 24, 246, -1,
      246, 24, 23, -1,
      246, 23, 247, -1,
      247, 23, 17, -1,
      247, 17, 249, -1,
      30, 227, 225, -1,
      249, 17, 16, -1,
      249, 16, 251, -1,
      251, 16, 33, -1,
      251, 33, 252, -1,
      252, 33, 32, -1,
      252, 32, 225, -1,
      225, 32, 31, -1,
      225, 31, 30, -1,
      227, 30, 29, -1,
      227, 29, 229, -1,
      229, 29, 28, -1,
      229, 28, 231, -1,
      231, 28, 26, -1,
      231, 26, 233, -1,
      233, 26, 25, -1,
      233, 25, 234, -1,
      234, 25, 27, -1,
      234, 27, 150, -1,
      150, 27, 34, -1,
      150, 34, 151, -1,
      151, 34, 35, -1,
      151, 35, 135, -1,
      35, 36, 135, -1,
      135, 36, 37, -1,
      135, 37, 136, -1,
      136, 37, 38, -1,
      136, 38, 269, -1,
      269, 38, 43, -1,
      269, 43, 267, -1,
      43, 42, 267, -1,
      267, 42, 41, -1,
      267, 41, 265, -1,
      265, 41, 40, -1,
      265, 40, 263, -1,
      102, 158, 160, -1,
      263, 40, 39, -1,
      49, 259, 39, -1,
      39, 259, 261, -1,
      39, 261, 263, -1,
      49, 48, 259, -1,
      259, 48, 47, -1,
      259, 47, 257, -1,
      257, 47, 46, -1,
      257, 46, 255, -1,
      255, 46, 45, -1,
      255, 45, 253, -1,
      253, 45, 44, -1,
      253, 44, 160, -1,
      160, 44, 101, -1,
      160, 101, 102, -1,
      155, 158, 87, -1,
      87, 158, 102, -1,
      138, 155, 52, -1,
      52, 155, 87, -1,
      139, 138, 54, -1,
      54, 138, 52, -1,
      140, 139, 53, -1,
      53, 139, 54, -1,
      140, 53, 55, -1,
      140, 55, 205, -1,
      205, 55, 56, -1,
      205, 56, 172, -1,
      172, 56, 81, -1,
      172, 81, 173, -1,
      173, 81, 80, -1,
      173, 80, 174, -1,
      174, 80, 79, -1,
      174, 79, 162, -1,
      162, 79, 75, -1,
      162, 75, 164, -1,
      164, 75, 76, -1,
      164, 76, 166, -1,
      166, 76, 72, -1,
      166, 72, 168, -1,
      168, 72, 74, -1,
      168, 74, 137, -1,
      137, 74, 73, -1,
      137, 73, 149, -1,
      149, 73, 71, -1,
      149, 71, 232, -1,
      232, 71, 70, -1,
      232, 70, 230, -1,
      230, 70, 78, -1,
      230, 78, 228, -1,
      228, 78, 77, -1,
      228, 77, 226, -1,
      226, 77, 224, -1,
      224, 77, 63, -1,
      63, 134, 224, -1,
      224, 134, 127, -1,
      224, 127, 250, -1,
      250, 127, 126, -1,
      250, 126, 248, -1,
      248, 126, 124, -1,
      248, 124, 143, -1,
      143, 124, 123, -1,
      143, 123, 144, -1,
      144, 123, 125, -1,
      144, 125, 188, -1,
      188, 125, 133, -1,
      188, 133, 189, -1,
      189, 133, 115, -1,
      189, 115, 191, -1,
      191, 115, 114, -1,
      191, 114, 192, -1,
      192, 114, 110, -1,
      192, 110, 147, -1,
      147, 110, 113, -1,
      147, 113, 148, -1,
      148, 113, 128, -1,
      148, 128, 184, -1,
      184, 128, 130, -1,
      184, 130, 186, -1,
      186, 130, 132, -1,
      186, 132, 238, -1,
      238, 132, 131, -1,
      238, 131, 240, -1,
      240, 131, 129, -1,
      240, 129, 242, -1,
      242, 129, 112, -1,
      242, 112, 244, -1,
      244, 112, 111, -1,
      244, 111, 245, -1,
      245, 111, 109, -1,
      245, 109, 220, -1,
      220, 109, 108, -1,
      220, 108, 222, -1,
      222, 108, 122, -1,
      222, 122, 223, -1,
      223, 122, 121, -1,
      223, 121, 175, -1,
      176, 175, 118, -1,
      118, 175, 121, -1,
      176, 118, 120, -1,
      176, 120, 178, -1,
      178, 120, 119, -1,
      178, 119, 180, -1,
      180, 119, 117, -1,
      180, 117, 206, -1,
      206, 117, 116, -1,
      206, 116, 207, -1,
      207, 116, 62, -1,
      207, 62, 209, -1,
      62, 61, 209, -1,
      209, 61, 60, -1,
      209, 60, 211, -1,
      211, 60, 93, -1,
      211, 93, 213, -1,
      213, 93, 92, -1,
      213, 92, 215, -1,
      215, 92, 91, -1,
      215, 91, 217, -1,
      217, 91, 90, -1,
      217, 90, 218, -1,
      218, 90, 107, -1,
      218, 107, 194, -1,
      194, 107, 106, -1,
      194, 106, 196, -1,
      196, 106, 105, -1,
      196, 105, 198, -1,
      198, 105, 104, -1,
      198, 104, 200, -1,
      202, 200, 103, -1,
      103, 200, 104, -1,
      202, 103, 69, -1,
      202, 69, 275, -1,
      275, 69, 68, -1,
      275, 68, 272, -1,
      272, 68, 67, -1,
      272, 67, 286, -1,
      286, 67, 51, -1,
      286, 51, 280, -1,
      280, 51, 50, -1,
      280, 50, 281, -1,
      281, 50, 57, -1,
      281, 57, 283, -1,
      283, 57, 89, -1,
      283, 89, 284, -1,
      284, 89, 88, -1,
      284, 88, 285, -1,
      285, 88, 86, -1,
      285, 86, 282, -1,
      282, 86, 85, -1,
      282, 85, 277, -1,
      277, 85, 100, -1,
      277, 100, 278, -1,
      278, 100, 99, -1,
      278, 99, 279, -1,
      279, 99, 98, -1,
      279, 98, 273, -1,
      273, 98, 97, -1,
      273, 97, 274, -1,
      274, 97, 96, -1,
      274, 96, 276, -1,
      276, 96, 95, -1,
      276, 95, 203, -1,
      203, 95, 94, -1,
      203, 94, 201, -1,
      199, 201, 84, -1,
      84, 201, 94, -1,
      199, 84, 83, -1,
      199, 83, 197, -1,
      197, 83, 82, -1,
      197, 82, 195, -1,
      195, 82, 59, -1,
      195, 59, 193, -1,
      193, 59, 58, -1,
      193, 58, 216, -1,
      216, 58, 66, -1,
      216, 66, 214, -1,
      214, 66, 65, -1,
      214, 65, 212, -1,
      204, 287, 288, -1,
      204, 288, 141, -1,
      141, 288, 289, -1,
      141, 289, 142, -1,
      142, 289, 290, -1,
      142, 290, 153, -1,
      153, 290, 291, -1,
      153, 291, 154, -1,
      154, 291, 292, -1,
      154, 292, 156, -1,
      156, 292, 293, -1,
      156, 293, 157, -1,
      157, 293, 294, -1,
      157, 294, 159, -1,
      159, 294, 295, -1,
      159, 295, 254, -1,
      254, 295, 296, -1,
      254, 296, 256, -1,
      256, 296, 297, -1,
      256, 297, 258, -1,
      258, 297, 298, -1,
      258, 298, 260, -1,
      260, 298, 299, -1,
      260, 299, 262, -1,
      262, 299, 300, -1,
      262, 300, 264, -1,
      264, 300, 301, -1,
      264, 301, 266, -1,
      266, 301, 302, -1,
      266, 302, 268, -1,
      268, 302, 303, -1,
      268, 303, 270, -1,
      270, 303, 304, -1,
      270, 304, 271, -1,
      271, 304, 305, -1,
      271, 305, 236, -1,
      236, 305, 306, -1,
      236, 306, 235, -1,
      235, 306, 307, -1,
      235, 307, 171, -1,
      171, 307, 308, -1,
      171, 308, 170, -1,
      170, 308, 309, -1,
      170, 309, 169, -1,
      169, 309, 310, -1,
      169, 310, 167, -1,
      167, 310, 311, -1,
      167, 311, 165, -1,
      165, 311, 312, -1,
      165, 312, 163, -1,
      163, 312, 313, -1,
      163, 313, 161, -1,
      161, 313, 287, -1,
      161, 287, 204, -1,
    ]
  }
}

Shape {
  appearance Appearance {
    material Material {
      diffuseColor 0.2510 0.2510 0.2510
      specularColor 0.2196 0.2196 0.2196
      ambientIntensity 0.2
      transparency 0.0000
      shininess 0.5
    }
  }
  geometry IndexedFaceSet {
    ccw TRUE
    solid FALSE
    coord DEF co Coordinate {
      point [
        3.420262 1.844893 0.386316,
        3.413414 1.844893 0.385673,
        3.404507 1.844893 0.382772,
        3.396711 1.844893 0.377823,
        3.390416 1.844893 0.371180,
        3.386072 1.844893 0.363507,
        3.383663 1.844893 0.354823,
        3.383444 1.844893 0.345619,
        3.385571 1.844893 0.336476,
        3.389870 1.844893 0.328247,
        3.395467 1.844893 0.321864,
        3.402696 1.844893 0.316732,
        3.410930 1.844893 0.313489,
        3.420262 1.844893 0.312309,
        3.421879 1.844893 0.312344,
        3.430397 1.844893 0.313733,
        3.438974 1.844893 0.317417,
        3.446236 1.844893 0.322983,
        3.451617 1.844893 0.329654,
        3.455389 1.844893 0.337622,
        3.457163 1.844893 0.346513,
        3.456710 1.844893 0.355762,
        3.453931 1.844893 0.364698,
        3.449043 1.844893 0.372557,
        3.445227 1.844893 0.376596,
        3.437806 1.844893 0.381867,
        3.429519 1.844893 0.385131,
      ]
    }
    coordIndex [
      14, 24, 23, -1,
      12, 11, 1, -1,
      0, 26, 14, -1,
      14, 26, 25, -1,
      14, 25, 24, -1,
      19, 18, 23, -1,
      23, 18, 17, -1,
      0, 14, 1, -1,
      1, 14, 13, -1,
      1, 13, 12, -1,
      5, 4, 9, -1,
      9, 4, 3, -1,
      22, 21, 23, -1,
      23, 21, 20, -1,
      23, 20, 19, -1,
      17, 16, 23, -1,
      23, 16, 15, -1,
      23, 15, 14, -1,
      11, 10, 1, -1,
      1, 10, 9, -1,
      1, 9, 2, -1,
      2, 9, 3, -1,
      8, 7, 9, -1,
      9, 7, 6, -1,
      9, 6, 5, -1,
    ]
  }
}
