#VRML V2.0 utf8

Shape {
  appearance Appearance {
    material Material {
      diffuseColor 0.3725 0.3725 0.3725
      specularColor 0.1882 0.1882 0.1882
      ambientIntensity 0.2
      transparency 0.0000
      shininess 0.5
    }
  }
  geometry IndexedFaceSet {
    ccw TRUE
    solid FALSE
    coord DEF co Coordinate {
      point [
        -1.275591 0.984252 -0.511811,
        -1.318898 0.495987 -0.511811,
        -1.347383 0.507787 -0.511811,
        -0.209393 0.056055 -0.511811,
        -0.225237 0.056055 -0.511811,
        -0.724409 0.511811 -0.511811,
        -0.724409 0.984252 -0.511811,
        -0.275591 0.984252 -0.511811,
        -0.275591 0.511811 -0.511811,
        -1.377953 0.511811 -0.511811,
        -1.377953 0.905512 -0.511811,
        -1.299213 0.984252 -0.511811,
        -0.111430 0.054231 -0.511811,
        -0.125248 0.049379 -0.511811,
        -0.138104 0.040763 -0.511811,
        -1.377953 -0.062775 -0.511811,
        -1.377953 0.275591 -0.511811,
        -1.347383 0.279615 -0.511811,
        -0.093150 -0.062055 -0.511811,
        -0.061035 -0.062055 -0.511811,
        -0.049512 -0.062775 -0.511811,
        -0.061035 0.056055 -0.511811,
        -0.049512 0.511811 -0.511811,
        -0.094366 0.056055 -0.511811,
        -1.367404 0.944882 -0.511811,
        -1.354890 0.961189 -0.511811,
        -1.338583 0.973703 -0.511811,
        -0.138228 0.040655 -0.511811,
        -0.146580 0.031394 -0.511811,
        -0.152069 0.021236 -0.511811,
        -1.294436 0.477217 -0.511811,
        -1.275591 0.511811 -0.511811,
        -1.275666 0.452756 -0.511811,
        -1.263867 0.424270 -0.511811,
        -1.375270 0.925891 -0.511811,
        -1.319592 0.981569 -0.511811,
        -0.155241 0.009599 -0.511811,
        -0.156099 -0.001515 -0.511811,
        -0.164741 -0.062055 -0.511811,
        -0.154442 -0.017321 -0.511811,
        -0.150201 -0.029683 -0.511811,
        -0.143428 -0.040248 -0.511811,
        -0.133706 -0.049556 -0.511811,
        -0.121374 -0.056723 -0.511811,
        -0.107765 -0.060780 -0.511811,
        -1.318898 0.291414 -0.511811,
        -0.271329 -0.062055 -0.511811,
        -0.254044 -0.062055 -0.511811,
        -1.294436 0.310184 -0.511811,
        -1.275666 0.334646 -0.511811,
        -1.263867 0.363131 -0.511811,
        -1.259843 0.393701 -0.511811,
        -0.182026 -0.062055 -0.511811,
        -0.193301 -0.028926 -0.511811,
        -0.242094 -0.028926 -0.511811,
        -0.275591 -0.984252 -0.511811,
        -0.724409 -0.984252 -0.511811,
        -0.275591 -0.511811 -0.511811,
        -0.724409 -0.511811 -0.511811,
        -1.294436 -0.310184 -0.511811,
        -1.318898 -0.291414 -0.511811,
        -1.347383 -0.279615 -0.511811,
        -1.377953 -0.275591 -0.511811,
        -1.375270 -0.925891 -0.511811,
        -1.377953 -0.905512 -0.511811,
        -1.299213 -0.984252 -0.511811,
        -1.275591 -0.984252 -0.511811,
        -1.275666 -0.452756 -0.511811,
        -1.294436 -0.477217 -0.511811,
        -1.275591 -0.511811 -0.511811,
        -1.318898 -0.495987 -0.511811,
        -1.347383 -0.507787 -0.511811,
        -1.377953 -0.511811 -0.511811,
        -1.338583 -0.973703 -0.511811,
        -1.354890 -0.961189 -0.511811,
        -1.367404 -0.944882 -0.511811,
        -1.263867 -0.424270 -0.511811,
        -1.259843 -0.393701 -0.511811,
        -1.263867 -0.363131 -0.511811,
        -1.275666 -0.334646 -0.511811,
        -1.319592 -0.981569 -0.511811,
        0.724409 -0.984252 -0.511811,
        0.275591 -0.984252 -0.511811,
        0.724409 -0.511811 -0.511811,
        0.275591 -0.511811 -0.511811,
        1.347383 -0.507787 -0.511811,
        1.377953 -0.511811 -0.511811,
        1.275591 -0.984252 -0.511811,
        1.377953 -0.905512 -0.511811,
        1.299213 -0.984252 -0.511811,
        1.259843 -0.393701 -0.511811,
        1.263867 -0.424270 -0.511811,
        1.275666 -0.452756 -0.511811,
        1.275591 -0.511811 -0.511811,
        1.294436 -0.477217 -0.511811,
        1.318898 -0.495987 -0.511811,
        1.377953 -0.275591 -0.511811,
        1.347383 -0.279615 -0.511811,
        1.377953 -0.062775 -0.511811,
        1.318898 -0.291414 -0.511811,
        1.294436 -0.310184 -0.511811,
        1.275666 -0.334646 -0.511811,
        0.087878 -0.062775 -0.511811,
        1.263867 -0.363131 -0.511811,
        1.367404 -0.944882 -0.511811,
        1.354890 -0.961189 -0.511811,
        1.338583 -0.973703 -0.511811,
        1.375270 -0.925891 -0.511811,
        1.319592 -0.981569 -0.511811,
        0.072958 -0.062775 -0.511811,
        0.077702 -0.063440 -0.511811,
        -0.049512 -0.511811 -0.511811,
        0.080931 -0.063495 -0.511811,
        -0.037989 -0.049092 -0.511811,
        -0.037989 -0.062055 -0.511811,
        0.025387 -0.062055 -0.511811,
        1.347383 0.279615 -0.511811,
        1.377953 0.275591 -0.511811,
        0.048433 -0.055933 -0.511811,
        0.048433 -0.042970 -0.511811,
        0.025387 0.056055 -0.511811,
        0.061023 -0.061103 -0.511811,
        0.009543 0.043092 -0.511811,
        0.009543 0.004202 -0.511811,
        -0.035108 0.043092 -0.511811,
        -0.032228 0.004202 -0.511811,
        0.275591 0.511811 -0.511811,
        0.275591 0.984252 -0.511811,
        0.724409 0.984252 -0.511811,
        0.009543 -0.008761 -0.511811,
        0.009543 -0.049092 -0.511811,
        -0.032228 -0.008761 -0.511811,
        0.724409 0.708661 -0.511811,
        0.921260 0.511811 -0.511811,
        1.299213 0.984252 -0.511811,
        1.347383 0.507787 -0.511811,
        1.275591 0.984252 -0.511811,
        1.318898 0.495987 -0.511811,
        1.275591 0.511811 -0.511811,
        1.294436 0.477217 -0.511811,
        0.206874 -0.062055 -0.511811,
        0.146378 -0.062055 -0.511811,
        0.095487 -0.061986 -0.511811,
        0.106935 -0.058046 -0.511811,
        -0.035108 0.056055 -0.511811,
        1.275666 0.452756 -0.511811,
        1.263867 0.424270 -0.511811,
        1.259843 0.393701 -0.511811,
        0.087723 0.043226 -0.511811,
        0.096563 0.040036 -0.511811,
        0.050550 -0.044143 -0.511811,
        0.104738 0.034567 -0.511811,
        0.111871 0.026693 -0.511811,
        0.120452 -0.004260 -0.511811,
        0.119256 -0.017046 -0.511811,
        0.116047 -0.027206 -0.511811,
        0.089765 -0.049296 -0.511811,
        0.078748 -0.050532 -0.511811,
        0.098371 -0.046128 -0.511811,
        0.105620 -0.041243 -0.511811,
        0.111162 -0.035395 -0.511811,
        0.063070 -0.048792 -0.511811,
        0.130062 0.024946 -0.511811,
        0.123140 0.035989 -0.511811,
        0.191030 0.056055 -0.511811,
        1.318898 0.291414 -0.511811,
        0.116740 0.017574 -0.511811,
        0.119888 0.004930 -0.511811,
        1.263867 0.363131 -0.511811,
        1.275666 0.334646 -0.511811,
        1.294436 0.310184 -0.511811,
        1.367404 0.944882 -0.511811,
        1.354890 0.961189 -0.511811,
        1.319592 0.981569 -0.511811,
        1.338583 0.973703 -0.511811,
        0.112476 0.046244 -0.511811,
        0.206874 0.056055 -0.511811,
        1.377953 0.511811 -0.511811,
        1.377953 0.905512 -0.511811,
        1.375270 0.925891 -0.511811,
        0.116435 -0.051979 -0.511811,
        0.125307 -0.042639 -0.511811,
        0.146378 -0.049092 -0.511811,
        0.131599 -0.031408 -0.511811,
        0.191030 -0.049092 -0.511811,
        0.135154 -0.018907 -0.511811,
        0.136296 -0.005228 -0.511811,
        0.134597 0.011564 -0.511811,
        0.101258 0.052702 -0.511811,
        0.088091 0.056527 -0.511811,
        0.076228 0.057496 -0.511811,
        0.062089 0.056520 -0.511811,
        0.048433 0.052815 -0.511811,
        0.048433 0.036970 -0.511811,
        0.061737 0.042667 -0.511811,
        0.076093 0.044532 -0.511811,
      ]
    }
    coordIndex [
      0, 1, 2, -1,
      3, 4, 5, -1,
      6, 7, 5, -1,
      5, 7, 8, -1,
      2, 9, 0, -1,
      0, 9, 10, -1,
      0, 10, 11, -1,
      12, 13, 3, -1,
      3, 13, 14, -1,
      15, 16, 17, -1,
      18, 19, 20, -1,
      20, 19, 21, -1,
      20, 21, 22, -1,
      12, 3, 23, -1,
      23, 3, 5, -1,
      23, 5, 21, -1,
      21, 5, 8, -1,
      21, 8, 22, -1,
      24, 25, 26, -1,
      14, 27, 3, -1,
      3, 27, 28, -1,
      3, 28, 29, -1,
      1, 0, 30, -1,
      30, 0, 31, -1,
      30, 31, 32, -1,
      32, 31, 5, -1,
      32, 5, 33, -1,
      10, 34, 11, -1,
      11, 34, 24, -1,
      11, 24, 35, -1,
      35, 24, 26, -1,
      29, 36, 3, -1,
      3, 36, 37, -1,
      3, 37, 38, -1,
      37, 39, 38, -1,
      38, 39, 40, -1,
      38, 40, 41, -1,
      41, 42, 38, -1,
      38, 42, 43, -1,
      38, 43, 44, -1,
      17, 45, 15, -1,
      15, 45, 46, -1,
      15, 46, 20, -1,
      20, 46, 47, -1,
      45, 48, 46, -1,
      46, 48, 49, -1,
      46, 49, 4, -1,
      4, 49, 50, -1,
      4, 50, 5, -1,
      5, 50, 51, -1,
      5, 51, 33, -1,
      44, 18, 38, -1,
      38, 18, 20, -1,
      38, 20, 52, -1,
      52, 20, 47, -1,
      52, 47, 53, -1,
      53, 47, 54, -1,
      55, 56, 57, -1,
      57, 56, 58, -1,
      59, 60, 15, -1,
      15, 60, 61, -1,
      15, 61, 62, -1,
      63, 64, 65, -1,
      65, 64, 66, -1,
      67, 58, 68, -1,
      68, 58, 69, -1,
      68, 69, 70, -1,
      70, 69, 66, -1,
      70, 66, 71, -1,
      71, 66, 64, -1,
      71, 64, 72, -1,
      73, 74, 75, -1,
      67, 76, 58, -1,
      58, 76, 77, -1,
      58, 77, 57, -1,
      57, 77, 78, -1,
      57, 78, 79, -1,
      63, 65, 75, -1,
      75, 65, 80, -1,
      75, 80, 73, -1,
      81, 82, 83, -1,
      83, 82, 84, -1,
      85, 86, 87, -1,
      87, 86, 88, -1,
      87, 88, 89, -1,
      90, 91, 83, -1,
      83, 91, 92, -1,
      83, 92, 93, -1,
      93, 92, 94, -1,
      93, 94, 87, -1,
      87, 94, 95, -1,
      87, 95, 85, -1,
      96, 97, 98, -1,
      98, 97, 99, -1,
      100, 101, 102, -1,
      102, 101, 103, -1,
      104, 105, 106, -1,
      88, 107, 89, -1,
      89, 107, 104, -1,
      89, 104, 108, -1,
      108, 104, 106, -1,
      109, 110, 111, -1,
      111, 110, 112, -1,
      111, 112, 84, -1,
      84, 112, 102, -1,
      84, 102, 83, -1,
      83, 102, 103, -1,
      83, 103, 90, -1,
      22, 113, 20, -1,
      20, 113, 114, -1,
      20, 114, 115, -1,
      116, 117, 98, -1,
      118, 115, 119, -1,
      119, 115, 120, -1,
      79, 59, 57, -1,
      57, 59, 15, -1,
      57, 15, 111, -1,
      111, 15, 20, -1,
      111, 20, 109, -1,
      109, 20, 115, -1,
      109, 115, 121, -1,
      121, 115, 118, -1,
      122, 123, 124, -1,
      124, 123, 125, -1,
      126, 127, 128, -1,
      129, 130, 131, -1,
      131, 130, 113, -1,
      128, 132, 126, -1,
      126, 132, 133, -1,
      126, 133, 98, -1,
      134, 135, 136, -1,
      136, 135, 137, -1,
      136, 137, 138, -1,
      138, 137, 139, -1,
      138, 139, 133, -1,
      140, 102, 141, -1,
      141, 102, 142, -1,
      141, 142, 143, -1,
      120, 144, 22, -1,
      22, 144, 124, -1,
      22, 124, 113, -1,
      113, 124, 125, -1,
      113, 125, 131, -1,
      139, 145, 133, -1,
      133, 145, 146, -1,
      133, 146, 147, -1,
      148, 149, 150, -1,
      150, 149, 151, -1,
      150, 151, 152, -1,
      153, 154, 150, -1,
      150, 154, 155, -1,
      156, 157, 158, -1,
      158, 157, 159, -1,
      155, 160, 150, -1,
      150, 160, 159, -1,
      150, 159, 161, -1,
      161, 159, 157, -1,
      162, 163, 164, -1,
      116, 98, 165, -1,
      152, 166, 150, -1,
      150, 166, 167, -1,
      150, 167, 153, -1,
      147, 168, 133, -1,
      133, 168, 169, -1,
      133, 169, 98, -1,
      98, 169, 170, -1,
      98, 170, 165, -1,
      171, 134, 172, -1,
      172, 134, 173, -1,
      172, 173, 174, -1,
      163, 175, 164, -1,
      164, 175, 22, -1,
      164, 22, 176, -1,
      176, 22, 126, -1,
      176, 126, 140, -1,
      140, 126, 98, -1,
      140, 98, 102, -1,
      102, 98, 99, -1,
      102, 99, 100, -1,
      177, 135, 178, -1,
      178, 135, 134, -1,
      178, 134, 179, -1,
      179, 134, 171, -1,
      143, 180, 141, -1,
      141, 180, 181, -1,
      141, 181, 182, -1,
      182, 181, 183, -1,
      182, 183, 184, -1,
      183, 185, 184, -1,
      184, 185, 186, -1,
      184, 186, 164, -1,
      164, 186, 187, -1,
      164, 187, 162, -1,
      175, 188, 22, -1,
      22, 188, 189, -1,
      22, 189, 190, -1,
      190, 191, 22, -1,
      22, 191, 192, -1,
      22, 192, 120, -1,
      120, 192, 193, -1,
      120, 193, 119, -1,
      119, 193, 194, -1,
      119, 194, 150, -1,
      150, 194, 195, -1,
      150, 195, 148, -1,
    ]
  }
}

Shape {
  appearance Appearance {
    material Material {
      diffuseColor 0.7922 0.8196 0.9333
      specularColor 0.3961 0.4118 0.4667
      ambientIntensity 0.2
      transparency 0.0000
      shininess 0.5
    }
  }
  geometry IndexedFaceSet {
    ccw TRUE
    solid FALSE
    coord DEF co Coordinate {
      point [
        -1.377953 0.511811 -0.511811,
        -1.377953 0.905512 -0.511811,
        -1.377953 0.275591 -0.511811,
        -1.377953 -0.275591 -0.511811,
        1.377953 -0.511811 -0.511811,
        1.377953 -0.905512 -0.511811,
        1.377953 -0.275591 -0.511811,
        1.377953 0.275591 -0.511811,
        1.377953 -0.511811 -0.412992,
        1.377953 -0.512205 -0.412992,
        1.377953 -0.511811 -0.294882,
        1.377953 -0.511811 -0.157480,
        1.377953 -0.512205 -0.294882,
        1.377953 -0.905512 -0.157480,
        1.377953 -0.275197 -0.412992,
        1.377953 -0.275591 -0.412992,
        1.377953 0.275591 -0.157480,
        1.377953 -0.275591 -0.157480,
        1.377953 -0.275197 -0.294882,
        1.377953 -0.275591 -0.294882,
        1.377953 0.275591 -0.412992,
        1.377953 0.275197 -0.412992,
        1.377953 0.275591 -0.294882,
        1.377953 0.275197 -0.294882,
        -1.377953 0.511811 -0.412992,
        -1.377953 0.512205 -0.412992,
        -1.377953 0.511811 -0.294882,
        -1.377953 0.511811 -0.157480,
        -1.377953 0.512205 -0.294882,
        -1.377953 0.905512 -0.157480,
        -1.377953 0.275197 -0.412992,
        -1.377953 0.275591 -0.412992,
        -1.377953 -0.275591 -0.157480,
        -1.377953 0.275591 -0.157480,
        -1.377953 0.275197 -0.294882,
        -1.377953 0.275591 -0.294882,
        -1.377953 -0.275591 -0.412992,
        -1.377953 -0.275197 -0.412992,
        -1.377953 -0.275591 -0.294882,
        -1.377953 -0.275197 -0.294882,
      ]
    }
    coordIndex [
      4, 8, 9, -1,
      10, 11, 12, -1,
      12, 11, 13, -1,
      12, 13, 9, -1,
      9, 13, 5, -1,
      9, 5, 4, -1,
      14, 15, 6, -1,
      16, 17, 18, -1,
      18, 17, 19, -1,
      7, 20, 21, -1,
      22, 16, 23, -1,
      23, 16, 18, -1,
      23, 18, 21, -1,
      21, 18, 14, -1,
      21, 14, 7, -1,
      7, 14, 6, -1,
      0, 24, 25, -1,
      26, 27, 28, -1,
      28, 27, 29, -1,
      28, 29, 25, -1,
      25, 29, 1, -1,
      25, 1, 0, -1,
      30, 31, 2, -1,
      32, 33, 34, -1,
      34, 33, 35, -1,
      3, 36, 37, -1,
      38, 32, 39, -1,
      39, 32, 34, -1,
      39, 34, 37, -1,
      37, 34, 30, -1,
      37, 30, 3, -1,
      3, 30, 2, -1,
    ]
  }
}

Shape {
  appearance Appearance {
    material Material {
      diffuseColor 0.5020 0.5020 0.5020
      specularColor 0.2510 0.2510 0.2510
      ambientIntensity 0.2
      transparency 0.0000
      shininess 0.5
    }
  }
  geometry IndexedFaceSet {
    ccw TRUE
    solid FALSE
    coord DEF co Coordinate {
      point [
        1.347383 0.279615 -0.511811,
        1.377953 0.275591 -0.511811,
        1.347383 0.507787 -0.511811,
        1.318898 0.495987 -0.511811,
        1.294436 0.477217 -0.511811,
        1.275666 0.452756 -0.511811,
        1.263867 0.424270 -0.511811,
        1.259843 0.393701 -0.511811,
        1.318898 0.291414 -0.511811,
        1.263867 0.363131 -0.511811,
        1.275666 0.334646 -0.511811,
        1.294436 0.310184 -0.511811,
        1.377953 0.511811 -0.511811,
        1.377953 -0.511811 -0.294882,
        1.377953 -0.511811 -0.157480,
        1.377953 -0.275591 -0.157480,
        1.377953 -0.275591 -0.294882,
        1.377953 0.275591 -0.412992,
        1.347383 0.279615 -0.412992,
        1.318898 0.291414 -0.412992,
        1.294436 0.310184 -0.412992,
        1.275666 0.334646 -0.412992,
        1.263867 0.363131 -0.412992,
        1.259843 0.393701 -0.412992,
        1.263867 0.424270 -0.412992,
        1.275666 0.452756 -0.412992,
        1.294436 0.477217 -0.412992,
        1.318898 0.495987 -0.412992,
        1.347383 0.507787 -0.412992,
        1.377953 0.511811 -0.412992,
        1.347383 -0.507787 -0.157480,
        1.347383 -0.507787 -0.294882,
        1.318898 -0.495987 -0.157480,
        1.318898 -0.495987 -0.294882,
        1.294436 -0.477217 -0.157480,
        1.294436 -0.477217 -0.294882,
        1.275666 -0.452756 -0.157480,
        1.275666 -0.452756 -0.294882,
        1.263867 -0.424270 -0.157480,
        1.263867 -0.424270 -0.294882,
        1.259843 -0.393701 -0.157480,
        1.259843 -0.393701 -0.294882,
        1.263867 -0.363131 -0.157480,
        1.263867 -0.363131 -0.294882,
        1.275666 -0.334646 -0.157480,
        1.275666 -0.334646 -0.294882,
        1.294436 -0.310184 -0.157480,
        1.294436 -0.310184 -0.294882,
        1.318898 -0.291414 -0.157480,
        1.318898 -0.291414 -0.294882,
        1.347383 -0.279615 -0.157480,
        1.347383 -0.279615 -0.294882,
      ]
    }
    coordIndex [
      17, 1, 18, -1,
      18, 1, 0, -1,
      18, 0, 19, -1,
      19, 0, 8, -1,
      19, 8, 20, -1,
      20, 8, 11, -1,
      20, 11, 21, -1,
      21, 11, 10, -1,
      21, 10, 22, -1,
      22, 10, 9, -1,
      22, 9, 23, -1,
      23, 9, 7, -1,
      23, 7, 24, -1,
      24, 7, 6, -1,
      24, 6, 25, -1,
      25, 6, 5, -1,
      25, 5, 26, -1,
      26, 5, 4, -1,
      26, 4, 27, -1,
      27, 4, 3, -1,
      27, 3, 28, -1,
      28, 3, 2, -1,
      28, 2, 29, -1,
      29, 2, 12, -1,
      14, 13, 30, -1,
      30, 13, 31, -1,
      30, 31, 32, -1,
      32, 31, 33, -1,
      32, 33, 34, -1,
      34, 33, 35, -1,
      34, 35, 36, -1,
      36, 35, 37, -1,
      36, 37, 38, -1,
      38, 37, 39, -1,
      38, 39, 40, -1,
      40, 39, 41, -1,
      40, 41, 42, -1,
      42, 41, 43, -1,
      42, 43, 44, -1,
      44, 43, 45, -1,
      44, 45, 46, -1,
      46, 45, 47, -1,
      46, 47, 48, -1,
      48, 47, 49, -1,
      48, 49, 50, -1,
      50, 49, 51, -1,
      50, 51, 15, -1,
      15, 51, 16, -1,
    ]
  }
}

Shape {
  appearance Appearance {
    material Material {
      diffuseColor 0.7922 0.8196 0.9333
      specularColor 0.3961 0.4118 0.4667
      ambientIntensity 0.2
      transparency 0.0000
      shininess 0.5
    }
  }
  geometry IndexedFaceSet {
    ccw TRUE
    solid FALSE
    coord DEF co Coordinate {
      point [
        -1.294436 -0.310184 -0.511811,
        -1.318898 -0.291414 -0.511811,
        -1.347383 -0.279615 -0.511811,
        -1.377953 -0.275591 -0.511811,
        -1.275666 -0.452756 -0.511811,
        -1.294436 -0.477217 -0.511811,
        -1.318898 -0.495987 -0.511811,
        -1.347383 -0.507787 -0.511811,
        -1.377953 -0.511811 -0.511811,
        -1.263867 -0.424270 -0.511811,
        -1.259843 -0.393701 -0.511811,
        -1.263867 -0.363131 -0.511811,
        -1.275666 -0.334646 -0.511811,
        -1.377953 -0.275591 -0.412992,
        -1.347383 -0.279615 -0.412992,
        -1.318898 -0.291414 -0.412992,
        -1.294436 -0.310184 -0.412992,
        -1.275666 -0.334646 -0.412992,
        -1.263867 -0.363131 -0.412992,
        -1.259843 -0.393701 -0.412992,
        -1.263867 -0.424270 -0.412992,
        -1.275666 -0.452756 -0.412992,
        -1.294436 -0.477217 -0.412992,
        -1.318898 -0.495987 -0.412992,
        -1.347383 -0.507787 -0.412992,
        -1.377953 -0.511811 -0.412992,
      ]
    }
    coordIndex [
      13, 3, 14, -1,
      14, 3, 2, -1,
      14, 2, 15, -1,
      15, 2, 1, -1,
      15, 1, 16, -1,
      16, 1, 0, -1,
      16, 0, 17, -1,
      17, 0, 12, -1,
      17, 12, 18, -1,
      18, 12, 11, -1,
      18, 11, 19, -1,
      19, 11, 10, -1,
      19, 10, 20, -1,
      20, 10, 9, -1,
      20, 9, 21, -1,
      21, 9, 4, -1,
      21, 4, 22, -1,
      22, 4, 5, -1,
      22, 5, 23, -1,
      23, 5, 6, -1,
      23, 6, 24, -1,
      24, 6, 7, -1,
      24, 7, 25, -1,
      25, 7, 8, -1,
    ]
  }
}

Shape {
  appearance Appearance {
    material Material {
      diffuseColor 0.5020 0.5020 0.5020
      specularColor 0.2510 0.2510 0.2510
      ambientIntensity 0.2
      transparency 0.0000
      shininess 0.5
    }
  }
  geometry IndexedFaceSet {
    ccw TRUE
    solid FALSE
    coord DEF co Coordinate {
      point [
        -1.377953 0.511811 -0.294882,
        -1.377953 0.511811 -0.157480,
        -1.377953 0.275591 -0.157480,
        -1.377953 0.275591 -0.294882,
        -1.347383 0.507787 -0.157480,
        -1.347383 0.507787 -0.294882,
        -1.318898 0.495987 -0.157480,
        -1.318898 0.495987 -0.294882,
        -1.294436 0.477217 -0.157480,
        -1.294436 0.477217 -0.294882,
        -1.275666 0.452756 -0.157480,
        -1.275666 0.452756 -0.294882,
        -1.263867 0.424270 -0.157480,
        -1.263867 0.424270 -0.294882,
        -1.259843 0.393701 -0.157480,
        -1.259843 0.393701 -0.294882,
        -1.263867 0.363131 -0.157480,
        -1.263867 0.363131 -0.294882,
        -1.275666 0.334646 -0.157480,
        -1.275666 0.334646 -0.294882,
        -1.294436 0.310184 -0.157480,
        -1.294436 0.310184 -0.294882,
        -1.318898 0.291414 -0.157480,
        -1.318898 0.291414 -0.294882,
        -1.347383 0.279615 -0.157480,
        -1.347383 0.279615 -0.294882,
      ]
    }
    coordIndex [
      1, 0, 4, -1,
      4, 0, 5, -1,
      4, 5, 6, -1,
      6, 5, 7, -1,
      6, 7, 8, -1,
      8, 7, 9, -1,
      8, 9, 10, -1,
      10, 9, 11, -1,
      10, 11, 12, -1,
      12, 11, 13, -1,
      12, 13, 14, -1,
      14, 13, 15, -1,
      14, 15, 16, -1,
      16, 15, 17, -1,
      16, 17, 18, -1,
      18, 17, 19, -1,
      18, 19, 20, -1,
      20, 19, 21, -1,
      20, 21, 22, -1,
      22, 21, 23, -1,
      22, 23, 24, -1,
      24, 23, 25, -1,
      24, 25, 2, -1,
      2, 25, 3, -1,
    ]
  }
}

Shape {
  appearance Appearance {
    material Material {
      diffuseColor 0.3725 0.3725 0.3725
      specularColor 0.1882 0.1882 0.1882
      ambientIntensity 0.2
      transparency 0.0000
      shininess 0.5
    }
  }
  geometry IndexedFaceSet {
    ccw TRUE
    solid FALSE
    coord DEF co Coordinate {
      point [
        -0.275591 -0.984252 -0.511811,
        -0.724409 -0.984252 -0.511811,
        -1.299213 -0.984252 -0.511811,
        -1.275591 -0.984252 -0.511811,
        0.724409 -0.984252 -0.511811,
        0.275591 -0.984252 -0.511811,
        -1.118110 -0.984252 -0.157480,
        -1.118110 -0.984252 -0.412992,
        -1.114086 -0.953683 -0.157480,
        -1.114086 -0.953683 -0.412992,
        -1.102287 -0.925197 -0.157480,
        -1.102287 -0.925197 -0.412992,
        -1.083517 -0.900735 -0.157480,
        -1.083517 -0.900735 -0.412992,
        -1.059055 -0.881965 -0.157480,
        -1.059055 -0.881965 -0.412992,
        -1.030569 -0.870166 -0.157480,
        -1.030569 -0.870166 -0.412992,
        -1.000000 -0.866142 -0.157480,
        -1.000000 -0.866142 -0.412992,
        -0.969431 -0.870166 -0.157480,
        -0.969431 -0.870166 -0.412992,
        -0.940945 -0.881965 -0.157480,
        -0.940945 -0.881965 -0.412992,
        -0.916483 -0.900735 -0.157480,
        -0.916483 -0.900735 -0.412992,
        -0.897713 -0.925197 -0.157480,
        -0.897713 -0.925197 -0.412992,
        -0.885914 -0.953683 -0.157480,
        -0.885914 -0.953683 -0.412992,
        -0.881890 -0.984252 -0.157480,
        -0.881890 -0.984252 -0.412992,
        0.881890 -0.984252 -0.157480,
        0.881890 -0.984252 -0.412992,
        0.885914 -0.953683 -0.157480,
        0.885914 -0.953683 -0.412992,
        0.897713 -0.925197 -0.157480,
        0.897713 -0.925197 -0.412992,
        0.916483 -0.900735 -0.157480,
        0.916483 -0.900735 -0.412992,
        0.940945 -0.881965 -0.157480,
        0.940945 -0.881965 -0.412992,
        0.969431 -0.870166 -0.157480,
        0.969431 -0.870166 -0.412992,
        1.000000 -0.866142 -0.157480,
        1.000000 -0.866142 -0.412992,
        1.030569 -0.870166 -0.157480,
        1.030569 -0.870166 -0.412992,
        1.059055 -0.881965 -0.157480,
        1.059055 -0.881965 -0.412992,
        1.083517 -0.900735 -0.157480,
        1.083517 -0.900735 -0.412992,
        1.102287 -0.925197 -0.157480,
        1.102287 -0.925197 -0.412992,
        1.114086 -0.953683 -0.157480,
        1.114086 -0.953683 -0.412992,
        1.118110 -0.984252 -0.157480,
        1.118110 -0.984252 -0.412992,
        -0.118110 -0.984252 -0.157480,
        -0.118110 -0.984252 -0.412992,
        -0.114086 -0.953683 -0.157480,
        -0.114086 -0.953683 -0.412992,
        -0.102287 -0.925197 -0.157480,
        -0.102287 -0.925197 -0.412992,
        -0.083517 -0.900735 -0.157480,
        -0.083517 -0.900735 -0.412992,
        -0.059055 -0.881965 -0.157480,
        -0.059055 -0.881965 -0.412992,
        -0.030569 -0.870166 -0.157480,
        -0.030569 -0.870166 -0.412992,
        -0.000000 -0.866142 -0.157480,
        -0.000000 -0.866142 -0.412992,
        0.030569 -0.870166 -0.157480,
        0.030569 -0.870166 -0.412992,
        0.059055 -0.881965 -0.157480,
        0.059055 -0.881965 -0.412992,
        0.083517 -0.900735 -0.157480,
        0.083517 -0.900735 -0.412992,
        0.102287 -0.925197 -0.157480,
        0.102287 -0.925197 -0.412992,
        0.114086 -0.953683 -0.157480,
        0.114086 -0.953683 -0.412992,
        0.118110 -0.984252 -0.157480,
        0.118110 -0.984252 -0.412992,
        -1.275591 -0.984252 -0.511417,
        -1.118110 -0.984252 -0.511417,
        -1.299213 -0.984252 -0.157480,
        0.275591 -0.984252 -0.511417,
        0.724409 -0.984252 -0.511417,
        0.881890 -0.984252 -0.511417,
        0.118110 -0.984252 -0.511417,
        -0.724409 -0.984252 -0.511417,
        -0.275591 -0.984252 -0.511417,
        -0.118110 -0.984252 -0.511417,
        -0.881890 -0.984252 -0.511417,
      ]
    }
    coordIndex [
      6, 7, 8, -1,
      8, 7, 9, -1,
      8, 9, 10, -1,
      10, 9, 11, -1,
      10, 11, 12, -1,
      12, 11, 13, -1,
      12, 13, 14, -1,
      14, 13, 15, -1,
      14, 15, 16, -1,
      16, 15, 17, -1,
      16, 17, 18, -1,
      18, 17, 19, -1,
      18, 19, 20, -1,
      20, 19, 21, -1,
      20, 21, 22, -1,
      22, 21, 23, -1,
      22, 23, 24, -1,
      24, 23, 25, -1,
      24, 25, 26, -1,
      26, 25, 27, -1,
      26, 27, 28, -1,
      28, 27, 29, -1,
      28, 29, 30, -1,
      30, 29, 31, -1,
      32, 33, 34, -1,
      34, 33, 35, -1,
      34, 35, 36, -1,
      36, 35, 37, -1,
      36, 37, 38, -1,
      38, 37, 39, -1,
      38, 39, 40, -1,
      40, 39, 41, -1,
      40, 41, 42, -1,
      42, 41, 43, -1,
      42, 43, 44, -1,
      44, 43, 45, -1,
      44, 45, 46, -1,
      46, 45, 47, -1,
      46, 47, 48, -1,
      48, 47, 49, -1,
      48, 49, 50, -1,
      50, 49, 51, -1,
      50, 51, 52, -1,
      52, 51, 53, -1,
      52, 53, 54, -1,
      54, 53, 55, -1,
      54, 55, 56, -1,
      56, 55, 57, -1,
      58, 59, 60, -1,
      60, 59, 61, -1,
      60, 61, 62, -1,
      62, 61, 63, -1,
      62, 63, 64, -1,
      64, 63, 65, -1,
      64, 65, 66, -1,
      66, 65, 67, -1,
      66, 67, 68, -1,
      68, 67, 69, -1,
      68, 69, 70, -1,
      70, 69, 71, -1,
      70, 71, 72, -1,
      72, 71, 73, -1,
      72, 73, 74, -1,
      74, 73, 75, -1,
      74, 75, 76, -1,
      76, 75, 77, -1,
      76, 77, 78, -1,
      78, 77, 79, -1,
      78, 79, 80, -1,
      80, 79, 81, -1,
      80, 81, 82, -1,
      82, 81, 83, -1,
      2, 3, 84, -1,
      84, 85, 7, -1,
      2, 84, 86, -1,
      86, 84, 7, -1,
      86, 7, 6, -1,
      32, 82, 83, -1,
      5, 4, 87, -1,
      87, 4, 88, -1,
      89, 33, 88, -1,
      88, 33, 32, -1,
      88, 32, 87, -1,
      87, 32, 83, -1,
      87, 83, 90, -1,
      58, 30, 31, -1,
      1, 0, 91, -1,
      91, 0, 92, -1,
      93, 59, 92, -1,
      92, 59, 58, -1,
      92, 58, 91, -1,
      91, 58, 31, -1,
      91, 31, 94, -1,
    ]
  }
}

Shape {
  appearance Appearance {
    material Material {
      diffuseColor 0.7922 0.8196 0.9333
      specularColor 0.3961 0.4118 0.4667
      ambientIntensity 0.2
      transparency 0.0000
      shininess 0.5
    }
  }
  geometry IndexedFaceSet {
    ccw TRUE
    solid FALSE
    coord DEF co Coordinate {
      point [
        1.299213 0.984252 -0.511811,
        1.275591 0.984252 -0.511811,
        1.275591 0.984252 -0.511417,
        1.118110 0.984252 -0.511417,
        1.118110 0.984252 -0.412992,
        1.299213 0.984252 -0.157480,
        1.118110 0.984252 -0.157480,
      ]
    }
    coordIndex [
      0, 1, 2, -1,
      2, 3, 4, -1,
      0, 2, 5, -1,
      5, 2, 4, -1,
      5, 4, 6, -1,
    ]
  }
}

Shape {
  appearance Appearance {
    material Material {
      diffuseColor 0.3725 0.3725 0.3725
      specularColor 0.1882 0.1882 0.1882
      ambientIntensity 0.2
      transparency 0.0000
      shininess 0.5
    }
  }
  geometry IndexedFaceSet {
    ccw TRUE
    solid FALSE
    coord DEF co Coordinate {
      point [
        -0.724409 0.984252 -0.511811,
        -0.275591 0.984252 -0.511811,
        0.275591 0.984252 -0.511811,
        0.724409 0.984252 -0.511811,
        0.118110 0.984252 -0.157480,
        0.881890 0.984252 -0.157480,
        0.881890 0.984252 -0.412992,
        0.724409 0.984252 -0.511417,
        0.275591 0.984252 -0.511417,
        0.118110 0.984252 -0.511417,
        0.118110 0.984252 -0.412992,
        0.881890 0.984252 -0.511417,
        -0.881890 0.984252 -0.157480,
        -0.118110 0.984252 -0.157480,
        -0.118110 0.984252 -0.412992,
        -0.275591 0.984252 -0.511417,
        -0.724409 0.984252 -0.511417,
        -0.881890 0.984252 -0.511417,
        -0.881890 0.984252 -0.412992,
        -0.118110 0.984252 -0.511417,
      ]
    }
    coordIndex [
      4, 5, 6, -1,
      3, 2, 7, -1,
      7, 2, 8, -1,
      9, 10, 8, -1,
      8, 10, 4, -1,
      8, 4, 7, -1,
      7, 4, 6, -1,
      7, 6, 11, -1,
      12, 13, 14, -1,
      1, 0, 15, -1,
      15, 0, 16, -1,
      17, 18, 16, -1,
      16, 18, 12, -1,
      16, 12, 15, -1,
      15, 12, 14, -1,
      15, 14, 19, -1,
    ]
  }
}

Shape {
  appearance Appearance {
    material Material {
      diffuseColor 1.0000 1.0000 0.7529
      specularColor 0.5020 0.5020 0.3765
      ambientIntensity 0.2
      transparency 0.0000
      shininess 0.5
    }
  }
  geometry IndexedFaceSet {
    ccw TRUE
    solid FALSE
    coord DEF co Coordinate {
      point [
        1.377953 -0.511811 -0.157480,
        1.377953 -0.905512 -0.157480,
        1.377953 0.275591 -0.157480,
        1.377953 -0.275591 -0.157480,
        -1.377953 0.511811 -0.157480,
        -1.377953 0.905512 -0.157480,
        -1.377953 -0.275591 -0.157480,
        -1.377953 0.275591 -0.157480,
        1.347383 -0.507787 -0.157480,
        1.318898 -0.495987 -0.157480,
        1.294436 -0.477217 -0.157480,
        1.275666 -0.452756 -0.157480,
        1.263867 -0.424270 -0.157480,
        1.259843 -0.393701 -0.157480,
        1.263867 -0.363131 -0.157480,
        1.275666 -0.334646 -0.157480,
        1.294436 -0.310184 -0.157480,
        1.318898 -0.291414 -0.157480,
        1.347383 -0.279615 -0.157480,
        -1.347383 0.507787 -0.157480,
        -1.318898 0.495987 -0.157480,
        -1.294436 0.477217 -0.157480,
        -1.275666 0.452756 -0.157480,
        -1.263867 0.424270 -0.157480,
        -1.259843 0.393701 -0.157480,
        -1.263867 0.363131 -0.157480,
        -1.275666 0.334646 -0.157480,
        -1.294436 0.310184 -0.157480,
        -1.318898 0.291414 -0.157480,
        -1.347383 0.279615 -0.157480,
        -1.000000 -0.866142 -0.157480,
        -0.969431 -0.870166 -0.157480,
        -0.940945 -0.881965 -0.157480,
        -0.916483 -0.900735 -0.157480,
        -0.897713 -0.925197 -0.157480,
        -0.885914 -0.953683 -0.157480,
        -0.881890 -0.984252 -0.157480,
        0.881890 -0.984252 -0.157480,
        0.885914 -0.953683 -0.157480,
        0.897713 -0.925197 -0.157480,
        0.916483 -0.900735 -0.157480,
        0.940945 -0.881965 -0.157480,
        0.969431 -0.870166 -0.157480,
        1.000000 -0.866142 -0.157480,
        1.030569 -0.870166 -0.157480,
        1.059055 -0.881965 -0.157480,
        1.083517 -0.900735 -0.157480,
        1.102287 -0.925197 -0.157480,
        1.114086 -0.953683 -0.157480,
        1.118110 -0.984252 -0.157480,
        -0.118110 -0.984252 -0.157480,
        -0.114086 -0.953683 -0.157480,
        -0.102287 -0.925197 -0.157480,
        -0.083517 -0.900735 -0.157480,
        -0.059055 -0.881965 -0.157480,
        -0.030569 -0.870166 -0.157480,
        -0.000000 -0.866142 -0.157480,
        0.030569 -0.870166 -0.157480,
        0.059055 -0.881965 -0.157480,
        0.083517 -0.900735 -0.157480,
        0.102287 -0.925197 -0.157480,
        0.114086 -0.953683 -0.157480,
        0.118110 -0.984252 -0.157480,
        1.299213 0.984252 -0.157480,
        1.118110 0.984252 -0.157480,
        0.118110 0.984252 -0.157480,
        0.881890 0.984252 -0.157480,
        -0.881890 0.984252 -0.157480,
        -0.118110 0.984252 -0.157480,
        -1.181102 0.866142 -0.157480,
        -1.000000 0.866142 -0.157480,
        -1.030569 0.870166 -0.157480,
        -1.259843 0.787402 -0.157480,
        -1.257159 0.807781 -0.157480,
        -1.354890 0.961189 -0.157480,
        -1.249293 0.826772 -0.157480,
        -1.236780 0.843079 -0.157480,
        -1.220472 0.855593 -0.157480,
        -1.375270 0.925891 -0.157480,
        -1.367404 0.944882 -0.157480,
        -1.059055 0.881965 -0.157480,
        -1.083517 0.900735 -0.157480,
        -1.102287 0.925197 -0.157480,
        -1.118110 0.984252 -0.157480,
        -1.114086 0.953683 -0.157480,
        -1.201482 0.863459 -0.157480,
        -1.299213 0.984252 -0.157480,
        -1.319592 0.981569 -0.157480,
        -1.338583 0.973703 -0.157480,
        -1.259843 -0.393701 -0.157480,
        -1.263867 -0.363131 -0.157480,
        -1.275666 -0.334646 -0.157480,
        -1.318898 -0.291414 -0.157480,
        -1.294436 -0.310184 -0.157480,
        -1.347383 -0.279615 -0.157480,
        1.263867 0.363131 -0.157480,
        1.259843 0.393701 -0.157480,
        1.275666 0.334646 -0.157480,
        1.347383 0.279615 -0.157480,
        1.318898 0.291414 -0.157480,
        1.294436 0.310184 -0.157480,
        1.259843 -0.787402 -0.157480,
        1.181102 -0.866142 -0.157480,
        1.257159 -0.807781 -0.157480,
        1.354890 -0.961189 -0.157480,
        1.236780 -0.843079 -0.157480,
        1.220472 -0.855593 -0.157480,
        1.367404 -0.944882 -0.157480,
        1.375270 -0.925891 -0.157480,
        1.249293 -0.826772 -0.157480,
        1.319592 -0.981569 -0.157480,
        1.338583 -0.973703 -0.157480,
        1.299213 -0.984252 -0.157480,
        1.201482 -0.863459 -0.157480,
        0.885914 0.953683 -0.157480,
        0.000000 0.866142 -0.157480,
        0.897713 0.925197 -0.157480,
        0.916483 0.900735 -0.157480,
        1.000000 0.866142 -0.157480,
        0.969431 0.870166 -0.157480,
        0.940945 0.881965 -0.157480,
        0.102287 0.925197 -0.157480,
        0.083517 0.900735 -0.157480,
        0.114086 0.953683 -0.157480,
        0.059055 0.881965 -0.157480,
        0.030569 0.870166 -0.157480,
        -0.916483 0.900735 -0.157480,
        -0.940945 0.881965 -0.157480,
        -0.969431 0.870166 -0.157480,
        -0.030569 0.870166 -0.157480,
        -0.059055 0.881965 -0.157480,
        -0.083517 0.900735 -0.157480,
        -0.102287 0.925197 -0.157480,
        -0.114086 0.953683 -0.157480,
        -0.897713 0.925197 -0.157480,
        -0.885914 0.953683 -0.157480,
        1.347383 0.507787 -0.157480,
        1.377953 0.511811 -0.157480,
        1.377953 0.905512 -0.157480,
        1.102287 0.925197 -0.157480,
        1.114086 0.953683 -0.157480,
        1.181102 0.866142 -0.157480,
        1.201482 0.863459 -0.157480,
        1.220472 0.855593 -0.157480,
        1.319592 0.981569 -0.157480,
        1.236780 0.843079 -0.157480,
        1.338583 0.973703 -0.157480,
        1.354890 0.961189 -0.157480,
        1.083517 0.900735 -0.157480,
        1.059055 0.881965 -0.157480,
        1.030569 0.870166 -0.157480,
        1.263867 0.424270 -0.157480,
        1.259843 0.787402 -0.157480,
        1.275666 0.452756 -0.157480,
        1.294436 0.477217 -0.157480,
        1.318898 0.495987 -0.157480,
        1.257159 0.807781 -0.157480,
        1.249293 0.826772 -0.157480,
        1.375270 0.925891 -0.157480,
        1.367404 0.944882 -0.157480,
      ]
    }
    coordIndex [
      35, 56, 34, -1,
      34, 56, 33, -1,
      30, 31, 56, -1,
      56, 31, 32, -1,
      56, 32, 33, -1,
      35, 52, 53, -1,
      36, 50, 35, -1,
      35, 50, 51, -1,
      35, 51, 52, -1,
      53, 54, 35, -1,
      35, 54, 55, -1,
      35, 55, 56, -1,
      69, 70, 71, -1,
      72, 73, 74, -1,
      21, 74, 20, -1,
      20, 74, 19, -1,
      24, 72, 23, -1,
      23, 72, 74, -1,
      23, 74, 22, -1,
      22, 74, 21, -1,
      73, 75, 74, -1,
      74, 75, 76, -1,
      74, 76, 77, -1,
      4, 19, 5, -1,
      5, 19, 74, -1,
      5, 74, 78, -1,
      78, 74, 79, -1,
      71, 80, 69, -1,
      69, 80, 81, -1,
      69, 81, 82, -1,
      83, 74, 84, -1,
      84, 74, 77, -1,
      84, 77, 82, -1,
      82, 77, 85, -1,
      82, 85, 69, -1,
      83, 86, 74, -1,
      74, 86, 87, -1,
      74, 87, 88, -1,
      24, 25, 89, -1,
      89, 25, 26, -1,
      89, 26, 90, -1,
      90, 26, 91, -1,
      29, 7, 6, -1,
      27, 92, 26, -1,
      26, 92, 93, -1,
      26, 93, 91, -1,
      27, 28, 92, -1,
      92, 28, 29, -1,
      92, 29, 94, -1,
      94, 29, 6, -1,
      95, 96, 13, -1,
      15, 16, 97, -1,
      95, 13, 97, -1,
      97, 13, 14, -1,
      97, 14, 15, -1,
      3, 2, 18, -1,
      18, 2, 98, -1,
      18, 98, 17, -1,
      17, 98, 99, -1,
      17, 99, 16, -1,
      16, 99, 100, -1,
      16, 100, 97, -1,
      12, 13, 101, -1,
      102, 43, 44, -1,
      103, 8, 101, -1,
      101, 8, 9, -1,
      104, 105, 106, -1,
      9, 10, 101, -1,
      101, 10, 11, -1,
      101, 11, 12, -1,
      104, 107, 105, -1,
      105, 107, 108, -1,
      105, 108, 109, -1,
      109, 108, 1, -1,
      109, 1, 103, -1,
      103, 1, 0, -1,
      103, 0, 8, -1,
      44, 45, 102, -1,
      102, 45, 46, -1,
      102, 46, 47, -1,
      110, 111, 112, -1,
      112, 111, 104, -1,
      112, 104, 49, -1,
      49, 104, 48, -1,
      48, 104, 106, -1,
      48, 106, 47, -1,
      47, 106, 113, -1,
      47, 113, 102, -1,
      58, 59, 38, -1,
      56, 39, 40, -1,
      39, 56, 38, -1,
      38, 56, 57, -1,
      38, 57, 58, -1,
      62, 37, 61, -1,
      61, 37, 38, -1,
      61, 38, 60, -1,
      60, 38, 59, -1,
      40, 41, 56, -1,
      56, 41, 42, -1,
      56, 42, 43, -1,
      114, 115, 116, -1,
      116, 115, 117, -1,
      118, 119, 115, -1,
      115, 119, 120, -1,
      115, 120, 117, -1,
      114, 121, 122, -1,
      66, 65, 114, -1,
      114, 65, 123, -1,
      114, 123, 121, -1,
      122, 124, 114, -1,
      114, 124, 125, -1,
      114, 125, 115, -1,
      126, 127, 115, -1,
      115, 127, 128, -1,
      115, 128, 70, -1,
      115, 129, 126, -1,
      126, 129, 130, -1,
      126, 130, 131, -1,
      131, 132, 126, -1,
      126, 132, 133, -1,
      126, 133, 134, -1,
      68, 67, 133, -1,
      133, 67, 135, -1,
      133, 135, 134, -1,
      136, 137, 138, -1,
      139, 63, 140, -1,
      140, 63, 64, -1,
      141, 142, 63, -1,
      63, 142, 143, -1,
      63, 143, 144, -1,
      144, 143, 145, -1,
      144, 145, 146, -1,
      146, 145, 147, -1,
      139, 148, 63, -1,
      63, 148, 149, -1,
      63, 149, 141, -1,
      141, 149, 150, -1,
      141, 150, 118, -1,
      96, 151, 152, -1,
      152, 151, 153, -1,
      152, 153, 154, -1,
      154, 155, 152, -1,
      152, 155, 136, -1,
      152, 136, 156, -1,
      156, 136, 138, -1,
      156, 138, 157, -1,
      157, 138, 158, -1,
      157, 158, 145, -1,
      145, 158, 159, -1,
      145, 159, 147, -1,
    ]
  }
}

Shape {
  appearance Appearance {
    material Material {
      diffuseColor 1.0000 0.9765 0.4667
      specularColor 0.5020 0.4863 0.2314
      ambientIntensity 0.2
      transparency 0.0000
      shininess 0.5
    }
  }
  geometry IndexedFaceSet {
    ccw TRUE
    solid FALSE
    coord DEF co Coordinate {
      point [
        -1.000000 -0.866142 -0.157480,
        1.000000 -0.866142 -0.157480,
        -0.000000 -0.866142 -0.157480,
        1.181102 -0.866142 -0.157480,
        -1.181102 -0.866142 -0.157480,
        -1.181102 -0.866142 -0.059055,
        1.181102 -0.866142 -0.059055,
      ]
    }
    coordIndex [
      4, 0, 5, -1,
      5, 0, 2, -1,
      5, 2, 6, -1,
      6, 2, 1, -1,
      6, 1, 3, -1,
    ]
  }
}

Shape {
  appearance Appearance {
    material Material {
      diffuseColor 0.3725 0.3725 0.3725
      specularColor 0.1882 0.1882 0.1882
      ambientIntensity 0.2
      transparency 0.0000
      shininess 0.5
    }
  }
  geometry IndexedFaceSet {
    ccw TRUE
    solid FALSE
    coord DEF co Coordinate {
      point [
        -1.259843 0.393701 -0.157480,
        -1.259843 0.787402 -0.157480,
        -1.259843 -0.393701 -0.157480,
        -1.259843 0.787402 -0.059055,
        -1.259843 -0.787402 -0.059055,
        -1.259843 -0.787402 -0.157480,
      ]
    }
    coordIndex [
      1, 0, 3, -1,
      3, 0, 2, -1,
      3, 2, 4, -1,
      4, 2, 5, -1,
    ]
  }
}

Shape {
  appearance Appearance {
    material Material {
      diffuseColor 1.0000 0.9765 0.4667
      specularColor 0.5020 0.4863 0.2314
      ambientIntensity 0.2
      transparency 0.0000
      shininess 0.5
    }
  }
  geometry IndexedFaceSet {
    ccw TRUE
    solid FALSE
    coord DEF co Coordinate {
      point [
        -1.181102 0.866142 -0.157480,
        -1.000000 0.866142 -0.157480,
        0.000000 0.866142 -0.157480,
        1.000000 0.866142 -0.157480,
        1.181102 0.866142 -0.157480,
        1.181102 0.866142 -0.059055,
        -1.181102 0.866142 -0.059055,
      ]
    }
    coordIndex [
      4, 3, 5, -1,
      5, 3, 2, -1,
      5, 2, 6, -1,
      6, 2, 1, -1,
      6, 1, 0, -1,
    ]
  }
}

Shape {
  appearance Appearance {
    material Material {
      diffuseColor 0.3725 0.3725 0.3725
      specularColor 0.1882 0.1882 0.1882
      ambientIntensity 0.2
      transparency 0.0000
      shininess 0.5
    }
  }
  geometry IndexedFaceSet {
    ccw TRUE
    solid FALSE
    coord DEF co Coordinate {
      point [
        1.259843 -0.393701 -0.157480,
        1.259843 0.393701 -0.157480,
        1.259843 -0.787402 -0.157480,
        1.259843 0.787402 -0.157480,
        1.259843 0.787402 -0.059055,
        1.259843 -0.787402 -0.059055,
      ]
    }
    coordIndex [
      1, 3, 4, -1,
      1, 4, 0, -1,
      0, 4, 5, -1,
      0, 5, 2, -1,
    ]
  }
}

Shape {
  appearance Appearance {
    material Material {
      diffuseColor 0.7922 0.8196 0.9333
      specularColor 0.3961 0.4118 0.4667
      ambientIntensity 0.2
      transparency 0.0000
      shininess 0.5
    }
  }
  geometry IndexedFaceSet {
    ccw TRUE
    solid FALSE
    coord DEF co Coordinate {
      point [
        1.377953 0.511811 -0.511811,
        1.377953 0.905512 -0.511811,
        1.377953 0.511811 -0.412992,
        1.377953 0.511811 -0.157480,
        1.377953 0.905512 -0.157480,
        1.377953 0.512205 -0.412992,
        1.377953 0.512205 -0.294882,
        1.377953 0.511811 -0.294882,
      ]
    }
    coordIndex [
      2, 0, 5, -1,
      5, 0, 1, -1,
      5, 1, 6, -1,
      6, 1, 4, -1,
      6, 4, 7, -1,
      7, 4, 3, -1,
    ]
  }
}

Shape {
  appearance Appearance {
    material Material {
      diffuseColor 0.3725 0.3725 0.3725
      specularColor 0.1882 0.1882 0.1882
      ambientIntensity 0.2
      transparency 0.0000
      shininess 0.5
    }
  }
  geometry IndexedFaceSet {
    ccw TRUE
    solid FALSE
    coord DEF co Coordinate {
      point [
        -1.377953 -0.905512 -0.511811,
        -1.377953 -0.511811 -0.511811,
        1.275591 -0.984252 -0.511811,
        1.299213 -0.984252 -0.511811,
        -1.377953 -0.511811 -0.412992,
        1.118110 -0.984252 -0.157480,
        1.118110 -0.984252 -0.412992,
        1.299213 -0.984252 -0.157480,
        1.275591 -0.984252 -0.511417,
        1.118110 -0.984252 -0.511417,
        -1.377953 -0.512205 -0.412992,
        -1.377953 -0.512205 -0.294882,
        -1.377953 -0.905512 -0.157480,
        -1.377953 -0.511811 -0.294882,
        -1.377953 -0.511811 -0.157480,
      ]
    }
    coordIndex [
      2, 3, 8, -1,
      8, 3, 7, -1,
      7, 5, 8, -1,
      8, 5, 6, -1,
      8, 6, 9, -1,
      4, 1, 10, -1,
      10, 1, 0, -1,
      10, 0, 11, -1,
      11, 0, 12, -1,
      11, 12, 13, -1,
      13, 12, 14, -1,
    ]
  }
}

Shape {
  appearance Appearance {
    material Material {
      diffuseColor 0.7922 0.8196 0.9333
      specularColor 0.3961 0.4118 0.4667
      ambientIntensity 0.2
      transparency 0.0000
      shininess 0.5
    }
  }
  geometry IndexedFaceSet {
    ccw TRUE
    solid FALSE
    coord DEF co Coordinate {
      point [
        -1.275591 0.984252 -0.511811,
        -1.299213 0.984252 -0.511811,
        -1.118110 0.984252 -0.157480,
        -1.299213 0.984252 -0.157480,
        -1.275591 0.984252 -0.511417,
        -1.118110 0.984252 -0.412992,
        -1.118110 0.984252 -0.511417,
      ]
    }
    coordIndex [
      0, 1, 4, -1,
      4, 1, 3, -1,
      3, 2, 4, -1,
      4, 2, 5, -1,
      4, 5, 6, -1,
    ]
  }
}

Shape {
  appearance Appearance {
    material Material {
      diffuseColor 1.0000 1.0000 0.7529
      specularColor 0.5020 0.5020 0.3765
      ambientIntensity 0.2
      transparency 0.0000
      shininess 0.5
    }
  }
  geometry IndexedFaceSet {
    ccw TRUE
    solid FALSE
    coord DEF co Coordinate {
      point [
        -1.118110 -0.984252 -0.157480,
        -1.114086 -0.953683 -0.157480,
        -1.102287 -0.925197 -0.157480,
        -1.083517 -0.900735 -0.157480,
        -1.059055 -0.881965 -0.157480,
        -1.030569 -0.870166 -0.157480,
        -1.000000 -0.866142 -0.157480,
        -1.299213 -0.984252 -0.157480,
        -1.259843 -0.393701 -0.157480,
        -1.181102 -0.866142 -0.157480,
        -1.259843 -0.787402 -0.157480,
        -1.377953 -0.905512 -0.157480,
        -1.377953 -0.511811 -0.157480,
        -1.347383 -0.507787 -0.157480,
        -1.263867 -0.424270 -0.157480,
        -1.275666 -0.452756 -0.157480,
        -1.294436 -0.477217 -0.157480,
        -1.201482 -0.863459 -0.157480,
        -1.220472 -0.855593 -0.157480,
        -1.319592 -0.981569 -0.157480,
        -1.236780 -0.843079 -0.157480,
        -1.338583 -0.973703 -0.157480,
        -1.354890 -0.961189 -0.157480,
        -1.318898 -0.495987 -0.157480,
        -1.257159 -0.807781 -0.157480,
        -1.249293 -0.826772 -0.157480,
        -1.375270 -0.925891 -0.157480,
        -1.367404 -0.944882 -0.157480,
      ]
    }
    coordIndex [
      13, 12, 11, -1,
      2, 7, 1, -1,
      1, 7, 0, -1,
      8, 14, 10, -1,
      10, 14, 15, -1,
      10, 15, 16, -1,
      2, 3, 7, -1,
      7, 3, 4, -1,
      7, 4, 9, -1,
      9, 4, 5, -1,
      9, 5, 6, -1,
      9, 17, 7, -1,
      7, 17, 18, -1,
      7, 18, 19, -1,
      19, 18, 20, -1,
      19, 20, 21, -1,
      21, 20, 22, -1,
      16, 23, 10, -1,
      10, 23, 13, -1,
      10, 13, 24, -1,
      24, 13, 11, -1,
      24, 11, 25, -1,
      25, 11, 26, -1,
      25, 26, 20, -1,
      20, 26, 27, -1,
      20, 27, 22, -1,
    ]
  }
}

Shape {
  appearance Appearance {
    material Material {
      diffuseColor 1.0000 0.9765 0.4667
      specularColor 0.5020 0.4863 0.2314
      ambientIntensity 0.2
      transparency 0.0000
      shininess 0.5
    }
  }
  geometry IndexedFaceSet {
    ccw TRUE
    solid FALSE
    coord DEF co Coordinate {
      point [
        1.181102 0.826772 -0.039370,
        1.181102 0.846457 -0.039370,
        -1.181102 0.826772 -0.039370,
        -1.181102 0.846457 -0.039370,
        -1.191292 0.825430 -0.039370,
        -1.196387 0.844444 -0.039370,
        -1.200787 0.821497 -0.039370,
        -1.210630 0.838545 -0.039370,
        -1.208941 0.815241 -0.039370,
        -1.222861 0.829160 -0.039370,
        -1.215198 0.807087 -0.039370,
        -1.232246 0.816929 -0.039370,
        -1.219131 0.797591 -0.039370,
        -1.238145 0.802686 -0.039370,
        -1.220472 0.787402 -0.039370,
        -1.240157 0.787402 -0.039370,
        -1.220472 -0.787402 -0.039370,
        -1.240157 -0.787402 -0.039370,
        -1.219131 -0.797591 -0.039370,
        -1.238145 -0.802686 -0.039370,
        -1.215198 -0.807087 -0.039370,
        -1.232246 -0.816929 -0.039370,
        -1.208941 -0.815241 -0.039370,
        -1.222861 -0.829160 -0.039370,
        -1.200787 -0.821497 -0.039370,
        -1.210630 -0.838545 -0.039370,
        -1.191292 -0.825430 -0.039370,
        -1.196387 -0.844444 -0.039370,
        -1.181102 -0.826772 -0.039370,
        -1.181102 -0.846457 -0.039370,
        1.181102 -0.826772 -0.039370,
        1.181102 -0.846457 -0.039370,
        1.191292 -0.825430 -0.039370,
        1.196387 -0.844444 -0.039370,
        1.200787 -0.821497 -0.039370,
        1.210630 -0.838545 -0.039370,
        1.208941 -0.815241 -0.039370,
        1.222861 -0.829160 -0.039370,
        1.215198 -0.807087 -0.039370,
        1.232246 -0.816929 -0.039370,
        1.219131 -0.797591 -0.039370,
        1.238145 -0.802686 -0.039370,
        1.220472 -0.787402 -0.039370,
        1.240157 -0.787402 -0.039370,
        1.220472 0.787402 -0.039370,
        1.240157 0.787402 -0.039370,
        1.219131 0.797591 -0.039370,
        1.238145 0.802686 -0.039370,
        1.215198 0.807087 -0.039370,
        1.232246 0.816929 -0.039370,
        1.208941 0.815241 -0.039370,
        1.222861 0.829160 -0.039370,
        1.200787 0.821497 -0.039370,
        1.210630 0.838545 -0.039370,
        1.191292 0.825430 -0.039370,
        1.196387 0.844444 -0.039370,
      ]
    }
    coordIndex [
      0, 1, 2, -1,
      2, 1, 3, -1,
      2, 3, 4, -1,
      4, 3, 5, -1,
      4, 5, 6, -1,
      6, 5, 7, -1,
      6, 7, 8, -1,
      8, 7, 9, -1,
      8, 9, 10, -1,
      10, 9, 11, -1,
      10, 11, 12, -1,
      12, 11, 13, -1,
      12, 13, 14, -1,
      14, 13, 15, -1,
      14, 15, 16, -1,
      16, 15, 17, -1,
      16, 17, 18, -1,
      18, 17, 19, -1,
      18, 19, 20, -1,
      20, 19, 21, -1,
      20, 21, 22, -1,
      22, 21, 23, -1,
      22, 23, 24, -1,
      24, 23, 25, -1,
      24, 25, 26, -1,
      26, 25, 27, -1,
      26, 27, 28, -1,
      28, 27, 29, -1,
      28, 29, 30, -1,
      30, 29, 31, -1,
      30, 31, 32, -1,
      32, 31, 33, -1,
      32, 33, 34, -1,
      34, 33, 35, -1,
      34, 35, 36, -1,
      36, 35, 37, -1,
      36, 37, 38, -1,
      38, 37, 39, -1,
      38, 39, 40, -1,
      40, 39, 41, -1,
      40, 41, 42, -1,
      42, 41, 43, -1,
      42, 43, 44, -1,
      44, 43, 45, -1,
      44, 45, 46, -1,
      46, 45, 47, -1,
      46, 47, 48, -1,
      48, 47, 49, -1,
      48, 49, 50, -1,
      50, 49, 51, -1,
      50, 51, 52, -1,
      52, 51, 53, -1,
      52, 53, 54, -1,
      54, 53, 55, -1,
      54, 55, 0, -1,
      0, 55, 1, -1,
    ]
  }
}

Shape {
  appearance Appearance {
    material Material {
      diffuseColor 1.0000 1.0000 1.0000
      specularColor 0.5020 0.5020 0.5020
      ambientIntensity 0.2
      transparency 0.0000
      shininess 0.5
    }
  }
  geometry IndexedFaceSet {
    ccw TRUE
    solid FALSE
    coord DEF co Coordinate {
      point [
        1.181102 0.826772 -0.039370,
        -1.181102 0.826772 -0.039370,
        -1.220472 0.787402 -0.039370,
        -1.220472 -0.787402 -0.039370,
        -1.181102 -0.826772 -0.039370,
        1.181102 -0.826772 -0.039370,
        1.220472 -0.787402 -0.039370,
        1.220472 0.787402 -0.039370,
        1.181102 0.826772 -0.019685,
        -1.181102 0.826772 -0.019685,
        1.220472 -0.787402 -0.019685,
        1.220472 0.787402 -0.019685,
        -1.181102 -0.826772 -0.019685,
        1.181102 -0.826772 -0.019685,
        -1.220472 0.787402 -0.019685,
        -1.220472 -0.787402 -0.019685,
        1.200787 -0.787402 0.000000,
        1.200787 0.787402 0.000000,
        -1.200787 0.787402 0.000000,
        1.181102 0.807087 0.000000,
        -1.181102 0.807087 0.000000,
        -1.186197 0.806416 0.000000,
        -1.190945 0.804449 0.000000,
        1.200117 0.792496 0.000000,
        1.198150 0.797244 0.000000,
        -1.195022 0.801321 0.000000,
        -1.198150 0.797244 0.000000,
        -1.200117 0.792496 0.000000,
        -1.200787 -0.787402 0.000000,
        -1.181102 -0.807087 0.000000,
        -1.200117 -0.792496 0.000000,
        -1.198150 -0.797244 0.000000,
        1.186197 -0.806416 0.000000,
        1.190945 -0.804449 0.000000,
        1.195022 0.801321 0.000000,
        1.190945 0.804449 0.000000,
        1.186197 0.806416 0.000000,
        -1.195022 -0.801321 0.000000,
        -1.190945 -0.804449 0.000000,
        -1.186197 -0.806416 0.000000,
        1.181102 -0.807087 0.000000,
        1.195022 -0.801321 0.000000,
        1.198150 -0.797244 0.000000,
        1.200117 -0.792496 0.000000,
      ]
    }
    coordIndex [
      8, 0, 9, -1,
      9, 0, 1, -1,
      10, 6, 11, -1,
      11, 6, 7, -1,
      12, 4, 13, -1,
      13, 4, 5, -1,
      14, 2, 15, -1,
      15, 2, 3, -1,
      16, 17, 18, -1,
      19, 20, 18, -1,
      18, 20, 21, -1,
      18, 21, 22, -1,
      18, 17, 19, -1,
      19, 17, 23, -1,
      19, 23, 24, -1,
      22, 25, 18, -1,
      18, 25, 26, -1,
      18, 26, 27, -1,
      18, 28, 29, -1,
      29, 28, 30, -1,
      29, 30, 31, -1,
      32, 33, 16, -1,
      24, 34, 19, -1,
      19, 34, 35, -1,
      19, 35, 36, -1,
      31, 37, 29, -1,
      29, 37, 38, -1,
      29, 38, 39, -1,
      18, 29, 16, -1,
      16, 29, 40, -1,
      16, 40, 32, -1,
      33, 41, 16, -1,
      16, 41, 42, -1,
      16, 42, 43, -1,
    ]
  }
}

Shape {
  appearance Appearance {
    material Material {
      diffuseColor 1.0000 0.9765 0.4667
      specularColor 0.5020 0.4863 0.2314
      ambientIntensity 0.2
      transparency 0.0000
      shininess 0.5
    }
  }
  geometry IndexedFaceSet {
    ccw TRUE
    solid FALSE
    coord DEF co Coordinate {
      point [
        -1.275591 0.984252 -0.511811,
        -0.724409 0.511811 -0.511811,
        -0.724409 0.984252 -0.511811,
        -0.275591 0.984252 -0.511811,
        -0.275591 0.511811 -0.511811,
        -1.275591 0.511811 -0.511811,
        -0.275591 -0.984252 -0.511811,
        -0.724409 -0.984252 -0.511811,
        -0.275591 -0.511811 -0.511811,
        -0.724409 -0.511811 -0.511811,
        -1.275591 -0.984252 -0.511811,
        -1.275591 -0.511811 -0.511811,
        0.724409 -0.984252 -0.511811,
        0.275591 -0.984252 -0.511811,
        0.724409 -0.511811 -0.511811,
        0.275591 -0.511811 -0.511811,
        1.275591 -0.984252 -0.511811,
        1.275591 -0.511811 -0.511811,
        0.275591 0.511811 -0.511811,
        0.275591 0.984252 -0.511811,
        0.724409 0.984252 -0.511811,
        0.724409 0.708661 -0.511811,
        0.921260 0.511811 -0.511811,
        1.275591 0.984252 -0.511811,
        1.275591 0.511811 -0.511811,
        -1.275591 -0.984252 -0.511417,
        -1.118110 -0.984252 -0.511417,
        0.275591 -0.984252 -0.511417,
        0.724409 -0.984252 -0.511417,
        0.881890 -0.984252 -0.511417,
        0.118110 -0.984252 -0.511417,
        -0.724409 -0.984252 -0.511417,
        -0.275591 -0.984252 -0.511417,
        -0.118110 -0.984252 -0.511417,
        -0.881890 -0.984252 -0.511417,
        1.275591 0.984252 -0.511417,
        1.118110 0.984252 -0.511417,
        0.724409 0.984252 -0.511417,
        0.275591 0.984252 -0.511417,
        0.118110 0.984252 -0.511417,
        0.881890 0.984252 -0.511417,
        -0.275591 0.984252 -0.511417,
        -0.724409 0.984252 -0.511417,
        -0.881890 0.984252 -0.511417,
        -0.118110 0.984252 -0.511417,
        1.275591 -0.984252 -0.511417,
        1.118110 -0.984252 -0.511417,
        -1.275591 0.984252 -0.511417,
        -1.118110 0.984252 -0.511417,
        0.275591 -0.511811 -0.511417,
        -0.275591 -0.511811 -0.511417,
        0.118110 -0.953503 -0.511417,
        -0.042873 -0.869983 -0.511417,
        -0.068735 -0.883400 -0.511417,
        0.090680 -0.902565 -0.511417,
        0.068735 -0.883400 -0.511417,
        -0.090680 -0.902565 -0.511417,
        -0.107457 -0.926385 -0.511417,
        -0.118110 -0.953503 -0.511417,
        0.107457 -0.926385 -0.511417,
        0.042873 -0.869983 -0.511417,
        0.014568 -0.863077 -0.511417,
        -0.014568 -0.863077 -0.511417,
        1.275591 -0.511811 -0.511417,
        0.724409 -0.511811 -0.511417,
        1.118110 -0.953503 -0.511417,
        1.107457 -0.926385 -0.511417,
        1.090680 -0.902565 -0.511417,
        1.068735 -0.883400 -0.511417,
        0.957127 -0.869983 -0.511417,
        0.931265 -0.883400 -0.511417,
        1.042873 -0.869983 -0.511417,
        1.014568 -0.863077 -0.511417,
        0.985432 -0.863077 -0.511417,
        0.909320 -0.902565 -0.511417,
        0.892543 -0.926385 -0.511417,
        0.881890 -0.953503 -0.511417,
        0.724409 0.708661 -0.511417,
        0.921260 0.511811 -0.511417,
        1.275591 0.511811 -0.511417,
        0.892543 0.926385 -0.511417,
        0.881890 0.953503 -0.511417,
        0.909320 0.902565 -0.511417,
        0.931265 0.883400 -0.511417,
        0.957127 0.869983 -0.511417,
        1.068735 0.883400 -0.511417,
        1.090680 0.902565 -0.511417,
        1.107457 0.926385 -0.511417,
        1.118110 0.953503 -0.511417,
        0.985432 0.863077 -0.511417,
        1.014568 0.863077 -0.511417,
        1.042873 0.869983 -0.511417,
        -0.724409 -0.511811 -0.511417,
        -1.275591 -0.511811 -0.511417,
        -0.881890 -0.953503 -0.511417,
        -0.892543 -0.926385 -0.511417,
        -0.909320 -0.902565 -0.511417,
        -0.931265 -0.883400 -0.511417,
        -1.042873 -0.869983 -0.511417,
        -1.068735 -0.883400 -0.511417,
        -0.957127 -0.869983 -0.511417,
        -0.985432 -0.863077 -0.511417,
        -1.014568 -0.863077 -0.511417,
        -1.090680 -0.902565 -0.511417,
        -1.107457 -0.926385 -0.511417,
        -1.118110 -0.953503 -0.511417,
        -1.275591 0.511811 -0.511417,
        -0.724409 0.511811 -0.511417,
        -1.118110 0.953503 -0.511417,
        -0.957127 0.869983 -0.511417,
        -0.931265 0.883400 -0.511417,
        -1.107457 0.926385 -0.511417,
        -1.090680 0.902565 -0.511417,
        -0.909320 0.902565 -0.511417,
        -0.892543 0.926385 -0.511417,
        -0.881890 0.953503 -0.511417,
        -1.014568 0.863077 -0.511417,
        -0.985432 0.863077 -0.511417,
        -1.068735 0.883400 -0.511417,
        -1.042873 0.869983 -0.511417,
        -0.275591 0.511811 -0.511417,
        0.275591 0.511811 -0.511417,
        -0.118110 0.953503 -0.511417,
        -0.090680 0.902565 -0.511417,
        -0.068735 0.883400 -0.511417,
        0.042873 0.869983 -0.511417,
        0.068735 0.883400 -0.511417,
        -0.107457 0.926385 -0.511417,
        0.090680 0.902565 -0.511417,
        0.107457 0.926385 -0.511417,
        0.118110 0.953503 -0.511417,
        -0.042873 0.869983 -0.511417,
        -0.014568 0.863077 -0.511417,
        0.014568 0.863077 -0.511417,
      ]
    }
    coordIndex [
      27, 49, 13, -1,
      13, 49, 15, -1,
      49, 50, 15, -1,
      15, 50, 8, -1,
      50, 32, 8, -1,
      8, 32, 6, -1,
      27, 30, 51, -1,
      52, 53, 50, -1,
      54, 55, 49, -1,
      53, 56, 50, -1,
      50, 56, 57, -1,
      50, 57, 32, -1,
      32, 57, 58, -1,
      32, 58, 33, -1,
      27, 51, 49, -1,
      49, 51, 59, -1,
      49, 59, 54, -1,
      55, 60, 49, -1,
      49, 60, 61, -1,
      49, 61, 50, -1,
      50, 61, 62, -1,
      50, 62, 52, -1,
      45, 63, 16, -1,
      16, 63, 17, -1,
      63, 64, 17, -1,
      17, 64, 14, -1,
      64, 28, 14, -1,
      14, 28, 12, -1,
      45, 46, 65, -1,
      45, 65, 63, -1,
      65, 66, 63, -1,
      63, 66, 67, -1,
      63, 67, 68, -1,
      69, 70, 64, -1,
      68, 71, 63, -1,
      63, 71, 72, -1,
      63, 72, 64, -1,
      64, 72, 73, -1,
      64, 73, 69, -1,
      70, 74, 64, -1,
      64, 74, 75, -1,
      64, 75, 28, -1,
      28, 75, 76, -1,
      28, 76, 29, -1,
      37, 77, 20, -1,
      20, 77, 21, -1,
      77, 78, 21, -1,
      21, 78, 22, -1,
      78, 79, 22, -1,
      22, 79, 24, -1,
      79, 35, 24, -1,
      24, 35, 23, -1,
      80, 77, 81, -1,
      81, 77, 37, -1,
      81, 37, 40, -1,
      80, 82, 77, -1,
      77, 82, 83, -1,
      77, 83, 78, -1,
      78, 83, 84, -1,
      85, 86, 79, -1,
      79, 86, 87, -1,
      79, 87, 35, -1,
      35, 87, 88, -1,
      35, 88, 36, -1,
      84, 89, 78, -1,
      78, 89, 90, -1,
      78, 90, 79, -1,
      79, 90, 91, -1,
      79, 91, 85, -1,
      31, 92, 7, -1,
      7, 92, 9, -1,
      92, 93, 9, -1,
      9, 93, 11, -1,
      93, 25, 11, -1,
      11, 25, 10, -1,
      31, 34, 94, -1,
      31, 94, 92, -1,
      94, 95, 92, -1,
      92, 95, 96, -1,
      92, 96, 97, -1,
      98, 99, 93, -1,
      97, 100, 92, -1,
      92, 100, 101, -1,
      92, 101, 93, -1,
      93, 101, 102, -1,
      93, 102, 98, -1,
      99, 103, 93, -1,
      93, 103, 104, -1,
      93, 104, 25, -1,
      25, 104, 105, -1,
      25, 105, 26, -1,
      47, 106, 0, -1,
      0, 106, 5, -1,
      106, 107, 5, -1,
      5, 107, 1, -1,
      107, 42, 1, -1,
      1, 42, 2, -1,
      47, 48, 108, -1,
      109, 110, 107, -1,
      47, 108, 106, -1,
      106, 108, 111, -1,
      106, 111, 112, -1,
      110, 113, 107, -1,
      107, 113, 114, -1,
      107, 114, 42, -1,
      42, 114, 115, -1,
      42, 115, 43, -1,
      106, 116, 107, -1,
      107, 116, 117, -1,
      107, 117, 109, -1,
      112, 118, 106, -1,
      106, 118, 119, -1,
      106, 119, 116, -1,
      41, 120, 3, -1,
      3, 120, 4, -1,
      120, 121, 4, -1,
      4, 121, 18, -1,
      121, 38, 18, -1,
      18, 38, 19, -1,
      41, 44, 122, -1,
      123, 124, 120, -1,
      121, 125, 126, -1,
      41, 122, 120, -1,
      120, 122, 127, -1,
      120, 127, 123, -1,
      126, 128, 121, -1,
      121, 128, 129, -1,
      121, 129, 38, -1,
      38, 129, 130, -1,
      38, 130, 39, -1,
      124, 131, 120, -1,
      120, 131, 132, -1,
      120, 132, 121, -1,
      121, 132, 133, -1,
      121, 133, 125, -1,
    ]
  }
}

Shape {
  appearance Appearance {
    material Material {
      diffuseColor 0.3725 0.3725 0.3725
      specularColor 0.1882 0.1882 0.1882
      ambientIntensity 0.2
      transparency 0.0000
      shininess 0.5
    }
  }
  geometry IndexedFaceSet {
    ccw TRUE
    solid FALSE
    coord DEF co Coordinate {
      point [
        1.118110 0.984252 -0.412992,
        1.118110 0.984252 -0.157480,
        0.118110 0.984252 -0.157480,
        0.881890 0.984252 -0.157480,
        0.881890 0.984252 -0.412992,
        0.118110 0.984252 -0.412992,
        -0.881890 0.984252 -0.157480,
        -0.118110 0.984252 -0.157480,
        -0.118110 0.984252 -0.412992,
        -0.881890 0.984252 -0.412992,
        -1.000000 0.866142 -0.157480,
        -1.030569 0.870166 -0.157480,
        -1.059055 0.881965 -0.157480,
        -1.083517 0.900735 -0.157480,
        -1.102287 0.925197 -0.157480,
        -1.118110 0.984252 -0.157480,
        -1.114086 0.953683 -0.157480,
        0.885914 0.953683 -0.157480,
        0.000000 0.866142 -0.157480,
        0.897713 0.925197 -0.157480,
        0.916483 0.900735 -0.157480,
        1.000000 0.866142 -0.157480,
        0.969431 0.870166 -0.157480,
        0.940945 0.881965 -0.157480,
        0.102287 0.925197 -0.157480,
        0.083517 0.900735 -0.157480,
        0.114086 0.953683 -0.157480,
        0.059055 0.881965 -0.157480,
        0.030569 0.870166 -0.157480,
        -0.916483 0.900735 -0.157480,
        -0.940945 0.881965 -0.157480,
        -0.969431 0.870166 -0.157480,
        -0.030569 0.870166 -0.157480,
        -0.059055 0.881965 -0.157480,
        -0.083517 0.900735 -0.157480,
        -0.102287 0.925197 -0.157480,
        -0.114086 0.953683 -0.157480,
        -0.897713 0.925197 -0.157480,
        -0.885914 0.953683 -0.157480,
        1.102287 0.925197 -0.157480,
        1.114086 0.953683 -0.157480,
        1.083517 0.900735 -0.157480,
        1.059055 0.881965 -0.157480,
        1.030569 0.870166 -0.157480,
        -1.118110 0.984252 -0.412992,
        0.114086 0.953683 -0.412992,
        0.102287 0.925197 -0.412992,
        0.083517 0.900735 -0.412992,
        0.059055 0.881965 -0.412992,
        0.030569 0.870166 -0.412992,
        0.000000 0.866142 -0.412992,
        -0.030569 0.870166 -0.412992,
        -0.059055 0.881965 -0.412992,
        -0.083517 0.900735 -0.412992,
        -0.102287 0.925197 -0.412992,
        -0.114086 0.953683 -0.412992,
        -0.885914 0.953683 -0.412992,
        -0.897713 0.925197 -0.412992,
        -0.916483 0.900735 -0.412992,
        -0.940945 0.881965 -0.412992,
        -0.969431 0.870166 -0.412992,
        -1.000000 0.866142 -0.412992,
        -1.030569 0.870166 -0.412992,
        -1.059055 0.881965 -0.412992,
        -1.083517 0.900735 -0.412992,
        -1.102287 0.925197 -0.412992,
        -1.114086 0.953683 -0.412992,
        1.114086 0.953683 -0.412992,
        1.102287 0.925197 -0.412992,
        1.083517 0.900735 -0.412992,
        1.059055 0.881965 -0.412992,
        1.030569 0.870166 -0.412992,
        1.000000 0.866142 -0.412992,
        0.969431 0.870166 -0.412992,
        0.940945 0.881965 -0.412992,
        0.916483 0.900735 -0.412992,
        0.897713 0.925197 -0.412992,
        0.885914 0.953683 -0.412992,
      ]
    }
    coordIndex [
      2, 5, 26, -1,
      26, 5, 45, -1,
      26, 45, 24, -1,
      24, 45, 46, -1,
      24, 46, 25, -1,
      25, 46, 47, -1,
      25, 47, 27, -1,
      27, 47, 48, -1,
      27, 48, 28, -1,
      28, 48, 49, -1,
      28, 49, 18, -1,
      18, 49, 50, -1,
      18, 50, 32, -1,
      32, 50, 51, -1,
      32, 51, 33, -1,
      33, 51, 52, -1,
      33, 52, 34, -1,
      34, 52, 53, -1,
      34, 53, 35, -1,
      35, 53, 54, -1,
      35, 54, 36, -1,
      36, 54, 55, -1,
      36, 55, 7, -1,
      7, 55, 8, -1,
      6, 9, 38, -1,
      38, 9, 56, -1,
      38, 56, 37, -1,
      37, 56, 57, -1,
      37, 57, 29, -1,
      29, 57, 58, -1,
      29, 58, 30, -1,
      30, 58, 59, -1,
      30, 59, 31, -1,
      31, 59, 60, -1,
      31, 60, 10, -1,
      10, 60, 61, -1,
      10, 61, 11, -1,
      11, 61, 62, -1,
      11, 62, 12, -1,
      12, 62, 63, -1,
      12, 63, 13, -1,
      13, 63, 64, -1,
      13, 64, 14, -1,
      14, 64, 65, -1,
      14, 65, 16, -1,
      16, 65, 66, -1,
      16, 66, 15, -1,
      15, 66, 44, -1,
      1, 0, 40, -1,
      40, 0, 67, -1,
      40, 67, 39, -1,
      39, 67, 68, -1,
      39, 68, 41, -1,
      41, 68, 69, -1,
      41, 69, 42, -1,
      42, 69, 70, -1,
      42, 70, 43, -1,
      43, 70, 71, -1,
      43, 71, 21, -1,
      21, 71, 72, -1,
      21, 72, 22, -1,
      22, 72, 73, -1,
      22, 73, 23, -1,
      23, 73, 74, -1,
      23, 74, 20, -1,
      20, 74, 75, -1,
      20, 75, 19, -1,
      19, 75, 76, -1,
      19, 76, 17, -1,
      17, 76, 77, -1,
      17, 77, 3, -1,
      3, 77, 4, -1,
    ]
  }
}

Shape {
  appearance Appearance {
    material Material {
      diffuseColor 0.5020 0.5020 0.5020
      specularColor 0.2510 0.2510 0.2510
      ambientIntensity 0.2
      transparency 0.0000
      shininess 0.5
    }
  }
  geometry IndexedFaceSet {
    ccw TRUE
    solid FALSE
    coord DEF co Coordinate {
      point [
        1.347383 -0.507787 -0.511811,
        1.377953 -0.511811 -0.511811,
        1.259843 -0.393701 -0.511811,
        1.263867 -0.424270 -0.511811,
        1.275666 -0.452756 -0.511811,
        1.294436 -0.477217 -0.511811,
        1.318898 -0.495987 -0.511811,
        1.377953 -0.275591 -0.511811,
        1.347383 -0.279615 -0.511811,
        1.318898 -0.291414 -0.511811,
        1.294436 -0.310184 -0.511811,
        1.275666 -0.334646 -0.511811,
        1.263867 -0.363131 -0.511811,
        1.377953 -0.511811 -0.412992,
        1.377953 -0.275591 -0.412992,
        1.377953 0.275591 -0.157480,
        1.377953 0.275591 -0.294882,
        1.263867 0.363131 -0.157480,
        1.259843 0.393701 -0.157480,
        1.275666 0.334646 -0.157480,
        1.347383 0.279615 -0.157480,
        1.318898 0.291414 -0.157480,
        1.294436 0.310184 -0.157480,
        1.347383 0.507787 -0.157480,
        1.377953 0.511811 -0.157480,
        1.263867 0.424270 -0.157480,
        1.275666 0.452756 -0.157480,
        1.294436 0.477217 -0.157480,
        1.318898 0.495987 -0.157480,
        1.377953 0.511811 -0.294882,
        1.347383 0.279615 -0.294882,
        1.318898 0.291414 -0.294882,
        1.294436 0.310184 -0.294882,
        1.275666 0.334646 -0.294882,
        1.263867 0.363131 -0.294882,
        1.259843 0.393701 -0.294882,
        1.263867 0.424270 -0.294882,
        1.275666 0.452756 -0.294882,
        1.294436 0.477217 -0.294882,
        1.318898 0.495987 -0.294882,
        1.347383 0.507787 -0.294882,
        1.347383 -0.507787 -0.412992,
        1.318898 -0.495987 -0.412992,
        1.294436 -0.477217 -0.412992,
        1.275666 -0.452756 -0.412992,
        1.263867 -0.424270 -0.412992,
        1.259843 -0.393701 -0.412992,
        1.263867 -0.363131 -0.412992,
        1.275666 -0.334646 -0.412992,
        1.294436 -0.310184 -0.412992,
        1.318898 -0.291414 -0.412992,
        1.347383 -0.279615 -0.412992,
      ]
    }
    coordIndex [
      15, 16, 20, -1,
      20, 16, 30, -1,
      20, 30, 21, -1,
      21, 30, 31, -1,
      21, 31, 22, -1,
      22, 31, 32, -1,
      22, 32, 19, -1,
      19, 32, 33, -1,
      19, 33, 17, -1,
      17, 33, 34, -1,
      17, 34, 18, -1,
      18, 34, 35, -1,
      18, 35, 25, -1,
      25, 35, 36, -1,
      25, 36, 26, -1,
      26, 36, 37, -1,
      26, 37, 27, -1,
      27, 37, 38, -1,
      27, 38, 28, -1,
      28, 38, 39, -1,
      28, 39, 23, -1,
      23, 39, 40, -1,
      23, 40, 24, -1,
      24, 40, 29, -1,
      13, 1, 41, -1,
      41, 1, 0, -1,
      41, 0, 42, -1,
      42, 0, 6, -1,
      42, 6, 43, -1,
      43, 6, 5, -1,
      43, 5, 44, -1,
      44, 5, 4, -1,
      44, 4, 45, -1,
      45, 4, 3, -1,
      45, 3, 46, -1,
      46, 3, 2, -1,
      46, 2, 47, -1,
      47, 2, 12, -1,
      47, 12, 48, -1,
      48, 12, 11, -1,
      48, 11, 49, -1,
      49, 11, 10, -1,
      49, 10, 50, -1,
      50, 10, 9, -1,
      50, 9, 51, -1,
      51, 9, 8, -1,
      51, 8, 14, -1,
      14, 8, 7, -1,
    ]
  }
}

Shape {
  appearance Appearance {
    material Material {
      diffuseColor 0.3725 0.3725 0.3725
      specularColor 0.1882 0.1882 0.1882
      ambientIntensity 0.2
      transparency 0.0000
      shininess 0.5
    }
  }
  geometry IndexedFaceSet {
    ccw TRUE
    solid FALSE
    coord DEF co Coordinate {
      point [
        -1.377953 -0.275591 -0.157480,
        -1.377953 -0.275591 -0.294882,
        -1.259843 -0.393701 -0.157480,
        -1.263867 -0.363131 -0.157480,
        -1.275666 -0.334646 -0.157480,
        -1.318898 -0.291414 -0.157480,
        -1.294436 -0.310184 -0.157480,
        -1.347383 -0.279615 -0.157480,
        -1.377953 -0.511811 -0.294882,
        -1.377953 -0.511811 -0.157480,
        -1.347383 -0.507787 -0.157480,
        -1.263867 -0.424270 -0.157480,
        -1.275666 -0.452756 -0.157480,
        -1.294436 -0.477217 -0.157480,
        -1.318898 -0.495987 -0.157480,
        -1.347383 -0.279615 -0.294882,
        -1.318898 -0.291414 -0.294882,
        -1.294436 -0.310184 -0.294882,
        -1.275666 -0.334646 -0.294882,
        -1.263867 -0.363131 -0.294882,
        -1.259843 -0.393701 -0.294882,
        -1.263867 -0.424270 -0.294882,
        -1.275666 -0.452756 -0.294882,
        -1.294436 -0.477217 -0.294882,
        -1.318898 -0.495987 -0.294882,
        -1.347383 -0.507787 -0.294882,
      ]
    }
    coordIndex [
      0, 1, 7, -1,
      7, 1, 15, -1,
      7, 15, 5, -1,
      5, 15, 16, -1,
      5, 16, 6, -1,
      6, 16, 17, -1,
      6, 17, 4, -1,
      4, 17, 18, -1,
      4, 18, 3, -1,
      3, 18, 19, -1,
      3, 19, 2, -1,
      2, 19, 20, -1,
      2, 20, 11, -1,
      11, 20, 21, -1,
      11, 21, 12, -1,
      12, 21, 22, -1,
      12, 22, 13, -1,
      13, 22, 23, -1,
      13, 23, 14, -1,
      14, 23, 24, -1,
      14, 24, 10, -1,
      10, 24, 25, -1,
      10, 25, 9, -1,
      9, 25, 8, -1,
    ]
  }
}

Shape {
  appearance Appearance {
    material Material {
      diffuseColor 0.5020 0.5020 0.5020
      specularColor 0.2510 0.2510 0.2510
      ambientIntensity 0.2
      transparency 0.0000
      shininess 0.5
    }
  }
  geometry IndexedFaceSet {
    ccw TRUE
    solid FALSE
    coord DEF co Coordinate {
      point [
        -1.318898 0.495987 -0.511811,
        -1.347383 0.507787 -0.511811,
        -1.377953 0.511811 -0.511811,
        -1.377953 0.275591 -0.511811,
        -1.347383 0.279615 -0.511811,
        -1.294436 0.477217 -0.511811,
        -1.275666 0.452756 -0.511811,
        -1.263867 0.424270 -0.511811,
        -1.318898 0.291414 -0.511811,
        -1.294436 0.310184 -0.511811,
        -1.275666 0.334646 -0.511811,
        -1.263867 0.363131 -0.511811,
        -1.259843 0.393701 -0.511811,
        -1.377953 0.511811 -0.412992,
        -1.377953 0.275591 -0.412992,
        -1.347383 0.507787 -0.412992,
        -1.318898 0.495987 -0.412992,
        -1.294436 0.477217 -0.412992,
        -1.275666 0.452756 -0.412992,
        -1.263867 0.424270 -0.412992,
        -1.259843 0.393701 -0.412992,
        -1.263867 0.363131 -0.412992,
        -1.275666 0.334646 -0.412992,
        -1.294436 0.310184 -0.412992,
        -1.318898 0.291414 -0.412992,
        -1.347383 0.279615 -0.412992,
      ]
    }
    coordIndex [
      13, 2, 15, -1,
      15, 2, 1, -1,
      15, 1, 16, -1,
      16, 1, 0, -1,
      16, 0, 17, -1,
      17, 0, 5, -1,
      17, 5, 18, -1,
      18, 5, 6, -1,
      18, 6, 19, -1,
      19, 6, 7, -1,
      19, 7, 20, -1,
      20, 7, 12, -1,
      20, 12, 21, -1,
      21, 12, 11, -1,
      21, 11, 22, -1,
      22, 11, 10, -1,
      22, 10, 23, -1,
      23, 10, 9, -1,
      23, 9, 24, -1,
      24, 9, 8, -1,
      24, 8, 25, -1,
      25, 8, 4, -1,
      25, 4, 14, -1,
      14, 4, 3, -1,
    ]
  }
}

Shape {
  appearance Appearance {
    material Material {
      diffuseColor 1.0000 0.9765 0.4667
      specularColor 0.5020 0.4863 0.2314
      ambientIntensity 0.2
      transparency 0.0000
      shininess 0.5
    }
  }
  geometry IndexedFaceSet {
    ccw TRUE
    solid FALSE
    coord DEF co Coordinate {
      point [
        1.377953 -0.511811 -0.412992,
        1.377953 -0.512205 -0.412992,
        1.377953 -0.511811 -0.294882,
        1.377953 -0.512205 -0.294882,
        1.377953 -0.275197 -0.412992,
        1.377953 -0.275591 -0.412992,
        1.377953 -0.275197 -0.294882,
        1.377953 -0.275591 -0.294882,
        1.377953 0.275591 -0.412992,
        1.377953 0.275197 -0.412992,
        1.377953 0.275591 -0.294882,
        1.377953 0.275197 -0.294882,
        -1.377953 0.511811 -0.412992,
        -1.377953 0.512205 -0.412992,
        -1.377953 0.511811 -0.294882,
        -1.377953 0.512205 -0.294882,
        -1.377953 0.275197 -0.412992,
        -1.377953 0.275591 -0.412992,
        -1.377953 0.275197 -0.294882,
        -1.377953 0.275591 -0.294882,
        -1.377953 -0.275591 -0.412992,
        -1.377953 -0.275197 -0.412992,
        -1.377953 -0.275591 -0.294882,
        -1.377953 -0.275197 -0.294882,
        1.347383 0.279615 -0.412992,
        1.318898 0.291414 -0.412992,
        1.294436 0.310184 -0.412992,
        1.275666 0.334646 -0.412992,
        1.263867 0.363131 -0.412992,
        1.259843 0.393701 -0.412992,
        1.263867 0.424270 -0.412992,
        1.275666 0.452756 -0.412992,
        1.294436 0.477217 -0.412992,
        1.318898 0.495987 -0.412992,
        1.347383 0.507787 -0.412992,
        1.377953 0.511811 -0.412992,
        1.347383 -0.507787 -0.294882,
        1.318898 -0.495987 -0.294882,
        1.294436 -0.477217 -0.294882,
        1.275666 -0.452756 -0.294882,
        1.263867 -0.424270 -0.294882,
        1.259843 -0.393701 -0.294882,
        1.263867 -0.363131 -0.294882,
        1.275666 -0.334646 -0.294882,
        1.294436 -0.310184 -0.294882,
        1.318898 -0.291414 -0.294882,
        1.347383 -0.279615 -0.294882,
        -1.347383 -0.279615 -0.412992,
        -1.318898 -0.291414 -0.412992,
        -1.294436 -0.310184 -0.412992,
        -1.275666 -0.334646 -0.412992,
        -1.263867 -0.363131 -0.412992,
        -1.259843 -0.393701 -0.412992,
        -1.263867 -0.424270 -0.412992,
        -1.275666 -0.452756 -0.412992,
        -1.294436 -0.477217 -0.412992,
        -1.318898 -0.495987 -0.412992,
        -1.347383 -0.507787 -0.412992,
        -1.377953 -0.511811 -0.412992,
        -1.347383 0.507787 -0.294882,
        -1.318898 0.495987 -0.294882,
        -1.294436 0.477217 -0.294882,
        -1.275666 0.452756 -0.294882,
        -1.263867 0.424270 -0.294882,
        -1.259843 0.393701 -0.294882,
        -1.263867 0.363131 -0.294882,
        -1.275666 0.334646 -0.294882,
        -1.294436 0.310184 -0.294882,
        -1.318898 0.291414 -0.294882,
        -1.347383 0.279615 -0.294882,
        -1.118110 -0.984252 -0.412992,
        -1.114086 -0.953683 -0.412992,
        -1.102287 -0.925197 -0.412992,
        -1.083517 -0.900735 -0.412992,
        -1.059055 -0.881965 -0.412992,
        -1.030569 -0.870166 -0.412992,
        -1.000000 -0.866142 -0.412992,
        -0.969431 -0.870166 -0.412992,
        -0.940945 -0.881965 -0.412992,
        -0.916483 -0.900735 -0.412992,
        -0.897713 -0.925197 -0.412992,
        -0.885914 -0.953683 -0.412992,
        -0.881890 -0.984252 -0.412992,
        0.881890 -0.984252 -0.412992,
        0.885914 -0.953683 -0.412992,
        0.897713 -0.925197 -0.412992,
        0.916483 -0.900735 -0.412992,
        0.940945 -0.881965 -0.412992,
        0.969431 -0.870166 -0.412992,
        1.000000 -0.866142 -0.412992,
        1.030569 -0.870166 -0.412992,
        1.059055 -0.881965 -0.412992,
        1.083517 -0.900735 -0.412992,
        1.102287 -0.925197 -0.412992,
        1.114086 -0.953683 -0.412992,
        1.118110 -0.984252 -0.412992,
        -0.118110 -0.984252 -0.412992,
        -0.114086 -0.953683 -0.412992,
        -0.102287 -0.925197 -0.412992,
        -0.083517 -0.900735 -0.412992,
        -0.059055 -0.881965 -0.412992,
        -0.030569 -0.870166 -0.412992,
        -0.000000 -0.866142 -0.412992,
        0.030569 -0.870166 -0.412992,
        0.059055 -0.881965 -0.412992,
        0.083517 -0.900735 -0.412992,
        0.102287 -0.925197 -0.412992,
        0.114086 -0.953683 -0.412992,
        0.118110 -0.984252 -0.412992,
        -1.118110 -0.984252 -0.511417,
        0.881890 -0.984252 -0.511417,
        0.118110 -0.984252 -0.511417,
        -0.118110 -0.984252 -0.511417,
        -0.881890 -0.984252 -0.511417,
        1.118110 0.984252 -0.511417,
        1.118110 0.984252 -0.412992,
        0.881890 0.984252 -0.412992,
        0.118110 0.984252 -0.511417,
        0.118110 0.984252 -0.412992,
        0.881890 0.984252 -0.511417,
        -0.118110 0.984252 -0.412992,
        -0.881890 0.984252 -0.511417,
        -0.881890 0.984252 -0.412992,
        -0.118110 0.984252 -0.511417,
        -1.181102 0.866142 -0.157480,
        -1.259843 0.787402 -0.157480,
        -1.257159 0.807781 -0.157480,
        -1.249293 0.826772 -0.157480,
        -1.236780 0.843079 -0.157480,
        -1.220472 0.855593 -0.157480,
        -1.201482 0.863459 -0.157480,
        1.259843 -0.787402 -0.157480,
        1.181102 -0.866142 -0.157480,
        1.257159 -0.807781 -0.157480,
        1.236780 -0.843079 -0.157480,
        1.220472 -0.855593 -0.157480,
        1.249293 -0.826772 -0.157480,
        1.201482 -0.863459 -0.157480,
        1.181102 0.866142 -0.157480,
        1.201482 0.863459 -0.157480,
        1.220472 0.855593 -0.157480,
        1.236780 0.843079 -0.157480,
        1.259843 0.787402 -0.157480,
        1.257159 0.807781 -0.157480,
        1.249293 0.826772 -0.157480,
        -1.181102 -0.866142 -0.157480,
        -1.181102 -0.866142 -0.059055,
        1.181102 -0.866142 -0.059055,
        -1.259843 0.787402 -0.059055,
        -1.259843 -0.787402 -0.059055,
        -1.259843 -0.787402 -0.157480,
        1.181102 0.866142 -0.059055,
        -1.181102 0.866142 -0.059055,
        1.259843 0.787402 -0.059055,
        1.259843 -0.787402 -0.059055,
        1.377953 0.512205 -0.412992,
        1.377953 0.512205 -0.294882,
        1.377953 0.511811 -0.294882,
        1.118110 -0.984252 -0.511417,
        -1.377953 -0.512205 -0.412992,
        -1.377953 -0.512205 -0.294882,
        -1.377953 -0.511811 -0.294882,
        -1.118110 0.984252 -0.412992,
        -1.118110 0.984252 -0.511417,
        -1.201482 -0.863459 -0.157480,
        -1.220472 -0.855593 -0.157480,
        -1.236780 -0.843079 -0.157480,
        -1.257159 -0.807781 -0.157480,
        -1.249293 -0.826772 -0.157480,
        0.118110 -0.953503 -0.511417,
        -0.042873 -0.869983 -0.511417,
        -0.068735 -0.883400 -0.511417,
        0.090680 -0.902565 -0.511417,
        0.068735 -0.883400 -0.511417,
        -0.090680 -0.902565 -0.511417,
        -0.107457 -0.926385 -0.511417,
        -0.118110 -0.953503 -0.511417,
        0.107457 -0.926385 -0.511417,
        0.042873 -0.869983 -0.511417,
        0.014568 -0.863077 -0.511417,
        -0.014568 -0.863077 -0.511417,
        1.118110 -0.953503 -0.511417,
        1.107457 -0.926385 -0.511417,
        1.090680 -0.902565 -0.511417,
        1.068735 -0.883400 -0.511417,
        0.957127 -0.869983 -0.511417,
        0.931265 -0.883400 -0.511417,
        1.042873 -0.869983 -0.511417,
        1.014568 -0.863077 -0.511417,
        0.985432 -0.863077 -0.511417,
        0.909320 -0.902565 -0.511417,
        0.892543 -0.926385 -0.511417,
        0.881890 -0.953503 -0.511417,
        0.892543 0.926385 -0.511417,
        0.881890 0.953503 -0.511417,
        0.909320 0.902565 -0.511417,
        0.931265 0.883400 -0.511417,
        0.957127 0.869983 -0.511417,
        1.068735 0.883400 -0.511417,
        1.090680 0.902565 -0.511417,
        1.107457 0.926385 -0.511417,
        1.118110 0.953503 -0.511417,
        0.985432 0.863077 -0.511417,
        1.014568 0.863077 -0.511417,
        1.042873 0.869983 -0.511417,
        -0.881890 -0.953503 -0.511417,
        -0.892543 -0.926385 -0.511417,
        -0.909320 -0.902565 -0.511417,
        -0.931265 -0.883400 -0.511417,
        -1.042873 -0.869983 -0.511417,
        -1.068735 -0.883400 -0.511417,
        -0.957127 -0.869983 -0.511417,
        -0.985432 -0.863077 -0.511417,
        -1.014568 -0.863077 -0.511417,
        -1.090680 -0.902565 -0.511417,
        -1.107457 -0.926385 -0.511417,
        -1.118110 -0.953503 -0.511417,
        -1.118110 0.953503 -0.511417,
        -0.957127 0.869983 -0.511417,
        -0.931265 0.883400 -0.511417,
        -1.107457 0.926385 -0.511417,
        -1.090680 0.902565 -0.511417,
        -0.909320 0.902565 -0.511417,
        -0.892543 0.926385 -0.511417,
        -0.881890 0.953503 -0.511417,
        -1.014568 0.863077 -0.511417,
        -0.985432 0.863077 -0.511417,
        -1.068735 0.883400 -0.511417,
        -1.042873 0.869983 -0.511417,
        -0.118110 0.953503 -0.511417,
        -0.090680 0.902565 -0.511417,
        -0.068735 0.883400 -0.511417,
        0.042873 0.869983 -0.511417,
        0.068735 0.883400 -0.511417,
        -0.107457 0.926385 -0.511417,
        0.090680 0.902565 -0.511417,
        0.107457 0.926385 -0.511417,
        0.118110 0.953503 -0.511417,
        -0.042873 0.869983 -0.511417,
        -0.014568 0.863077 -0.511417,
        0.014568 0.863077 -0.511417,
        0.114086 0.953683 -0.412992,
        0.102287 0.925197 -0.412992,
        0.083517 0.900735 -0.412992,
        0.059055 0.881965 -0.412992,
        0.030569 0.870166 -0.412992,
        0.000000 0.866142 -0.412992,
        -0.030569 0.870166 -0.412992,
        -0.059055 0.881965 -0.412992,
        -0.083517 0.900735 -0.412992,
        -0.102287 0.925197 -0.412992,
        -0.114086 0.953683 -0.412992,
        -0.885914 0.953683 -0.412992,
        -0.897713 0.925197 -0.412992,
        -0.916483 0.900735 -0.412992,
        -0.940945 0.881965 -0.412992,
        -0.969431 0.870166 -0.412992,
        -1.000000 0.866142 -0.412992,
        -1.030569 0.870166 -0.412992,
        -1.059055 0.881965 -0.412992,
        -1.083517 0.900735 -0.412992,
        -1.102287 0.925197 -0.412992,
        -1.114086 0.953683 -0.412992,
        1.114086 0.953683 -0.412992,
        1.102287 0.925197 -0.412992,
        1.083517 0.900735 -0.412992,
        1.059055 0.881965 -0.412992,
        1.030569 0.870166 -0.412992,
        1.000000 0.866142 -0.412992,
        0.969431 0.870166 -0.412992,
        0.940945 0.881965 -0.412992,
        0.916483 0.900735 -0.412992,
        0.897713 0.925197 -0.412992,
        0.885914 0.953683 -0.412992,
        1.347383 0.279615 -0.294882,
        1.318898 0.291414 -0.294882,
        1.294436 0.310184 -0.294882,
        1.275666 0.334646 -0.294882,
        1.263867 0.363131 -0.294882,
        1.259843 0.393701 -0.294882,
        1.263867 0.424270 -0.294882,
        1.275666 0.452756 -0.294882,
        1.294436 0.477217 -0.294882,
        1.318898 0.495987 -0.294882,
        1.347383 0.507787 -0.294882,
        1.347383 -0.507787 -0.412992,
        1.318898 -0.495987 -0.412992,
        1.294436 -0.477217 -0.412992,
        1.275666 -0.452756 -0.412992,
        1.263867 -0.424270 -0.412992,
        1.259843 -0.393701 -0.412992,
        1.263867 -0.363131 -0.412992,
        1.275666 -0.334646 -0.412992,
        1.294436 -0.310184 -0.412992,
        1.318898 -0.291414 -0.412992,
        1.347383 -0.279615 -0.412992,
        -1.347383 -0.279615 -0.294882,
        -1.318898 -0.291414 -0.294882,
        -1.294436 -0.310184 -0.294882,
        -1.275666 -0.334646 -0.294882,
        -1.263867 -0.363131 -0.294882,
        -1.259843 -0.393701 -0.294882,
        -1.263867 -0.424270 -0.294882,
        -1.275666 -0.452756 -0.294882,
        -1.294436 -0.477217 -0.294882,
        -1.318898 -0.495987 -0.294882,
        -1.347383 -0.507787 -0.294882,
        -1.347383 0.507787 -0.412992,
        -1.318898 0.495987 -0.412992,
        -1.294436 0.477217 -0.412992,
        -1.275666 0.452756 -0.412992,
        -1.263867 0.424270 -0.412992,
        -1.259843 0.393701 -0.412992,
        -1.263867 0.363131 -0.412992,
        -1.275666 0.334646 -0.412992,
        -1.294436 0.310184 -0.412992,
        -1.318898 0.291414 -0.412992,
        -1.347383 0.279615 -0.412992,
        -0.118110 -0.953503 -0.412992,
        -0.107457 -0.926385 -0.412992,
        -0.090680 -0.902565 -0.412992,
        -0.068735 -0.883400 -0.412992,
        -0.042873 -0.869983 -0.412992,
        -0.014568 -0.863077 -0.412992,
        0.014568 -0.863077 -0.412992,
        0.042873 -0.869983 -0.412992,
        0.068735 -0.883400 -0.412992,
        0.090680 -0.902565 -0.412992,
        0.107457 -0.926385 -0.412992,
        0.118110 -0.953503 -0.412992,
        0.881890 -0.953503 -0.412992,
        0.892543 -0.926385 -0.412992,
        0.909320 -0.902565 -0.412992,
        0.931265 -0.883400 -0.412992,
        0.957127 -0.869983 -0.412992,
        0.985432 -0.863077 -0.412992,
        1.014568 -0.863077 -0.412992,
        1.042873 -0.869983 -0.412992,
        1.068735 -0.883400 -0.412992,
        1.090680 -0.902565 -0.412992,
        1.107457 -0.926385 -0.412992,
        1.118110 -0.953503 -0.412992,
        1.118110 0.953503 -0.412992,
        1.107457 0.926385 -0.412992,
        1.090680 0.902565 -0.412992,
        1.068735 0.883400 -0.412992,
        1.042873 0.869983 -0.412992,
        1.014568 0.863077 -0.412992,
        0.985432 0.863077 -0.412992,
        0.957127 0.869983 -0.412992,
        0.931265 0.883400 -0.412992,
        0.909320 0.902565 -0.412992,
        0.892543 0.926385 -0.412992,
        0.881890 0.953503 -0.412992,
        -1.118110 -0.953503 -0.412992,
        -1.107457 -0.926385 -0.412992,
        -1.090680 -0.902565 -0.412992,
        -1.068735 -0.883400 -0.412992,
        -1.042873 -0.869983 -0.412992,
        -1.014568 -0.863077 -0.412992,
        -0.985432 -0.863077 -0.412992,
        -0.957127 -0.869983 -0.412992,
        -0.931265 -0.883400 -0.412992,
        -0.909320 -0.902565 -0.412992,
        -0.892543 -0.926385 -0.412992,
        -0.881890 -0.953503 -0.412992,
        -0.881890 0.953503 -0.412992,
        -0.892543 0.926385 -0.412992,
        -0.909320 0.902565 -0.412992,
        -0.931265 0.883400 -0.412992,
        -0.957127 0.869983 -0.412992,
        -0.985432 0.863077 -0.412992,
        -1.014568 0.863077 -0.412992,
        -1.042873 0.869983 -0.412992,
        -1.068735 0.883400 -0.412992,
        -1.090680 0.902565 -0.412992,
        -1.107457 0.926385 -0.412992,
        -1.118110 0.953503 -0.412992,
        0.118110 0.953503 -0.412992,
        0.107457 0.926385 -0.412992,
        0.090680 0.902565 -0.412992,
        0.068735 0.883400 -0.412992,
        0.042873 0.869983 -0.412992,
        0.014568 0.863077 -0.412992,
        -0.014568 0.863077 -0.412992,
        -0.042873 0.869983 -0.412992,
        -0.068735 0.883400 -0.412992,
        -0.090680 0.902565 -0.412992,
        -0.107457 0.926385 -0.412992,
        -0.118110 0.953503 -0.412992,
        -1.347282 0.508167 -0.294882,
        -1.347282 0.508167 -0.412992,
        -1.318701 0.496328 -0.294882,
        -1.318701 0.496328 -0.412992,
        -1.294158 0.477496 -0.294882,
        -1.294158 0.477496 -0.412992,
        -1.275325 0.452953 -0.294882,
        -1.275325 0.452953 -0.412992,
        -1.263487 0.424372 -0.294882,
        -1.263487 0.424372 -0.412992,
        -1.259449 0.393701 -0.294882,
        -1.259449 0.393701 -0.412992,
        -1.263487 0.363030 -0.294882,
        -1.263487 0.363030 -0.412992,
        -1.275325 0.334449 -0.294882,
        -1.275325 0.334449 -0.412992,
        -1.294158 0.309906 -0.294882,
        -1.294158 0.309906 -0.412992,
        -1.318701 0.291073 -0.294882,
        -1.318701 0.291073 -0.412992,
        -1.347282 0.279235 -0.294882,
        -1.347282 0.279235 -0.412992,
        -1.347282 -0.279235 -0.294882,
        -1.347282 -0.279235 -0.412992,
        -1.318701 -0.291073 -0.294882,
        -1.318701 -0.291073 -0.412992,
        -1.294158 -0.309906 -0.294882,
        -1.294158 -0.309906 -0.412992,
        -1.275325 -0.334449 -0.294882,
        -1.275325 -0.334449 -0.412992,
        -1.263487 -0.363030 -0.294882,
        -1.263487 -0.363030 -0.412992,
        -1.259449 -0.393701 -0.294882,
        -1.259449 -0.393701 -0.412992,
        -1.263487 -0.424372 -0.294882,
        -1.263487 -0.424372 -0.412992,
        -1.275325 -0.452953 -0.294882,
        -1.275325 -0.452953 -0.412992,
        -1.294158 -0.477496 -0.294882,
        -1.294158 -0.477496 -0.412992,
        -1.318701 -0.496328 -0.294882,
        -1.318701 -0.496328 -0.412992,
        -1.347282 -0.508167 -0.294882,
        -1.347282 -0.508167 -0.412992,
        1.347282 -0.508167 -0.294882,
        1.347282 -0.508167 -0.412992,
        1.318701 -0.496328 -0.294882,
        1.318701 -0.496328 -0.412992,
        1.294158 -0.477496 -0.294882,
        1.294158 -0.477496 -0.412992,
        1.275325 -0.452953 -0.294882,
        1.275325 -0.452953 -0.412992,
        1.263487 -0.424372 -0.294882,
        1.263487 -0.424372 -0.412992,
        1.259449 -0.393701 -0.294882,
        1.259449 -0.393701 -0.412992,
        1.263487 -0.363030 -0.294882,
        1.263487 -0.363030 -0.412992,
        1.275325 -0.334449 -0.294882,
        1.275325 -0.334449 -0.412992,
        1.294158 -0.309906 -0.294882,
        1.294158 -0.309906 -0.412992,
        1.318701 -0.291073 -0.294882,
        1.318701 -0.291073 -0.412992,
        1.347282 -0.279235 -0.294882,
        1.347282 -0.279235 -0.412992,
        1.347282 0.279235 -0.294882,
        1.347282 0.279235 -0.412992,
        1.318701 0.291073 -0.294882,
        1.318701 0.291073 -0.412992,
        1.294158 0.309906 -0.294882,
        1.294158 0.309906 -0.412992,
        1.275325 0.334449 -0.294882,
        1.275325 0.334449 -0.412992,
        1.263487 0.363030 -0.294882,
        1.263487 0.363030 -0.412992,
        1.259449 0.393701 -0.294882,
        1.259449 0.393701 -0.412992,
        1.263487 0.424372 -0.294882,
        1.263487 0.424372 -0.412992,
        1.275325 0.452953 -0.294882,
        1.275325 0.452953 -0.412992,
        1.294158 0.477496 -0.294882,
        1.294158 0.477496 -0.412992,
        1.318701 0.496328 -0.294882,
        1.318701 0.496328 -0.412992,
        1.347282 0.508167 -0.294882,
        1.347282 0.508167 -0.412992,
        1.257159 -0.807781 -0.059055,
        1.249293 -0.826772 -0.059055,
        1.236780 -0.843079 -0.059055,
        1.220472 -0.855593 -0.059055,
        1.201482 -0.863459 -0.059055,
        -1.201482 -0.863459 -0.059055,
        -1.220472 -0.855593 -0.059055,
        -1.236780 -0.843079 -0.059055,
        -1.249293 -0.826772 -0.059055,
        -1.257159 -0.807781 -0.059055,
        -1.257159 0.807781 -0.059055,
        -1.249293 0.826772 -0.059055,
        -1.236780 0.843079 -0.059055,
        -1.220472 0.855593 -0.059055,
        -1.201482 0.863459 -0.059055,
        1.201482 0.863459 -0.059055,
        1.220472 0.855593 -0.059055,
        1.236780 0.843079 -0.059055,
        1.249293 0.826772 -0.059055,
        1.257159 0.807781 -0.059055,
      ]
    }
    coordIndex [
      97, 96, 318, -1,
      97, 318, 98, -1,
      98, 318, 319, -1,
      98, 319, 99, -1,
      99, 319, 320, -1,
      99, 320, 100, -1,
      320, 321, 100, -1,
      100, 321, 322, -1,
      100, 322, 101, -1,
      101, 322, 323, -1,
      101, 323, 102, -1,
      102, 323, 324, -1,
      102, 324, 103, -1,
      103, 324, 325, -1,
      103, 325, 104, -1,
      104, 325, 326, -1,
      104, 326, 105, -1,
      105, 326, 327, -1,
      105, 327, 106, -1,
      106, 327, 328, -1,
      106, 328, 107, -1,
      107, 328, 329, -1,
      107, 329, 108, -1,
      108, 329, 111, -1,
      111, 329, 169, -1,
      318, 176, 319, -1,
      319, 176, 175, -1,
      319, 175, 320, -1,
      320, 175, 174, -1,
      320, 174, 321, -1,
      321, 174, 171, -1,
      321, 171, 322, -1,
      322, 171, 170, -1,
      322, 170, 323, -1,
      323, 170, 180, -1,
      323, 180, 324, -1,
      324, 180, 179, -1,
      324, 179, 325, -1,
      325, 179, 178, -1,
      325, 178, 326, -1,
      326, 178, 173, -1,
      326, 173, 327, -1,
      327, 173, 172, -1,
      327, 172, 328, -1,
      328, 172, 177, -1,
      328, 177, 329, -1,
      329, 177, 169, -1,
      318, 96, 176, -1,
      176, 96, 112, -1,
      84, 83, 330, -1,
      84, 330, 85, -1,
      85, 330, 331, -1,
      85, 331, 86, -1,
      86, 331, 332, -1,
      86, 332, 87, -1,
      332, 333, 87, -1,
      87, 333, 334, -1,
      87, 334, 88, -1,
      88, 334, 335, -1,
      88, 335, 89, -1,
      89, 335, 336, -1,
      89, 336, 90, -1,
      90, 336, 337, -1,
      90, 337, 91, -1,
      91, 337, 338, -1,
      91, 338, 92, -1,
      92, 338, 339, -1,
      92, 339, 93, -1,
      93, 339, 340, -1,
      93, 340, 94, -1,
      94, 340, 341, -1,
      94, 341, 95, -1,
      95, 341, 158, -1,
      158, 341, 181, -1,
      330, 192, 331, -1,
      331, 192, 191, -1,
      331, 191, 332, -1,
      332, 191, 190, -1,
      332, 190, 333, -1,
      333, 190, 186, -1,
      333, 186, 334, -1,
      334, 186, 185, -1,
      334, 185, 335, -1,
      335, 185, 189, -1,
      335, 189, 336, -1,
      336, 189, 188, -1,
      336, 188, 337, -1,
      337, 188, 187, -1,
      337, 187, 338, -1,
      338, 187, 184, -1,
      338, 184, 339, -1,
      339, 184, 183, -1,
      339, 183, 340, -1,
      340, 183, 182, -1,
      340, 182, 341, -1,
      341, 182, 181, -1,
      330, 83, 192, -1,
      192, 83, 110, -1,
      263, 115, 342, -1,
      263, 342, 264, -1,
      264, 342, 343, -1,
      264, 343, 265, -1,
      265, 343, 344, -1,
      265, 344, 266, -1,
      344, 345, 266, -1,
      266, 345, 346, -1,
      266, 346, 267, -1,
      267, 346, 347, -1,
      267, 347, 268, -1,
      268, 347, 348, -1,
      268, 348, 269, -1,
      269, 348, 349, -1,
      269, 349, 270, -1,
      270, 349, 350, -1,
      270, 350, 271, -1,
      271, 350, 351, -1,
      271, 351, 272, -1,
      272, 351, 352, -1,
      272, 352, 273, -1,
      273, 352, 353, -1,
      273, 353, 116, -1,
      342, 201, 343, -1,
      343, 201, 200, -1,
      343, 200, 344, -1,
      344, 200, 199, -1,
      344, 199, 345, -1,
      345, 199, 198, -1,
      345, 198, 346, -1,
      346, 198, 204, -1,
      346, 204, 347, -1,
      347, 204, 203, -1,
      347, 203, 348, -1,
      348, 203, 202, -1,
      348, 202, 349, -1,
      349, 202, 197, -1,
      349, 197, 350, -1,
      350, 197, 196, -1,
      350, 196, 351, -1,
      351, 196, 195, -1,
      351, 195, 352, -1,
      352, 195, 193, -1,
      352, 193, 353, -1,
      353, 193, 194, -1,
      342, 115, 201, -1,
      201, 115, 114, -1,
      116, 353, 119, -1,
      119, 353, 194, -1,
      71, 70, 354, -1,
      71, 354, 72, -1,
      72, 354, 355, -1,
      72, 355, 73, -1,
      73, 355, 356, -1,
      73, 356, 74, -1,
      356, 357, 74, -1,
      74, 357, 358, -1,
      74, 358, 75, -1,
      75, 358, 359, -1,
      75, 359, 76, -1,
      76, 359, 360, -1,
      76, 360, 77, -1,
      77, 360, 361, -1,
      77, 361, 78, -1,
      78, 361, 362, -1,
      78, 362, 79, -1,
      79, 362, 363, -1,
      79, 363, 80, -1,
      80, 363, 364, -1,
      80, 364, 81, -1,
      81, 364, 365, -1,
      81, 365, 82, -1,
      82, 365, 113, -1,
      113, 365, 205, -1,
      354, 216, 355, -1,
      355, 216, 215, -1,
      355, 215, 356, -1,
      356, 215, 214, -1,
      356, 214, 357, -1,
      357, 214, 210, -1,
      357, 210, 358, -1,
      358, 210, 209, -1,
      358, 209, 359, -1,
      359, 209, 213, -1,
      359, 213, 360, -1,
      360, 213, 212, -1,
      360, 212, 361, -1,
      361, 212, 211, -1,
      361, 211, 362, -1,
      362, 211, 208, -1,
      362, 208, 363, -1,
      363, 208, 207, -1,
      363, 207, 364, -1,
      364, 207, 206, -1,
      364, 206, 365, -1,
      365, 206, 205, -1,
      354, 70, 216, -1,
      216, 70, 109, -1,
      252, 122, 366, -1,
      252, 366, 253, -1,
      253, 366, 367, -1,
      253, 367, 254, -1,
      254, 367, 368, -1,
      254, 368, 255, -1,
      368, 369, 255, -1,
      255, 369, 370, -1,
      255, 370, 256, -1,
      256, 370, 371, -1,
      256, 371, 257, -1,
      257, 371, 372, -1,
      257, 372, 258, -1,
      258, 372, 373, -1,
      258, 373, 259, -1,
      259, 373, 374, -1,
      259, 374, 260, -1,
      260, 374, 375, -1,
      260, 375, 261, -1,
      261, 375, 376, -1,
      261, 376, 262, -1,
      262, 376, 377, -1,
      262, 377, 162, -1,
      366, 224, 367, -1,
      367, 224, 223, -1,
      367, 223, 368, -1,
      368, 223, 222, -1,
      368, 222, 369, -1,
      369, 222, 219, -1,
      369, 219, 370, -1,
      370, 219, 218, -1,
      370, 218, 371, -1,
      371, 218, 226, -1,
      371, 226, 372, -1,
      372, 226, 225, -1,
      372, 225, 373, -1,
      373, 225, 228, -1,
      373, 228, 374, -1,
      374, 228, 227, -1,
      374, 227, 375, -1,
      375, 227, 221, -1,
      375, 221, 376, -1,
      376, 221, 220, -1,
      376, 220, 377, -1,
      377, 220, 217, -1,
      366, 122, 224, -1,
      224, 122, 121, -1,
      162, 377, 163, -1,
      163, 377, 217, -1,
      241, 118, 378, -1,
      241, 378, 242, -1,
      242, 378, 379, -1,
      242, 379, 243, -1,
      243, 379, 380, -1,
      243, 380, 244, -1,
      380, 381, 244, -1,
      244, 381, 382, -1,
      244, 382, 245, -1,
      245, 382, 383, -1,
      245, 383, 246, -1,
      246, 383, 384, -1,
      246, 384, 247, -1,
      247, 384, 385, -1,
      247, 385, 248, -1,
      248, 385, 386, -1,
      248, 386, 249, -1,
      249, 386, 387, -1,
      249, 387, 250, -1,
      250, 387, 388, -1,
      250, 388, 251, -1,
      251, 388, 389, -1,
      251, 389, 120, -1,
      378, 237, 379, -1,
      379, 237, 236, -1,
      379, 236, 380, -1,
      380, 236, 235, -1,
      380, 235, 381, -1,
      381, 235, 233, -1,
      381, 233, 382, -1,
      382, 233, 232, -1,
      382, 232, 383, -1,
      383, 232, 240, -1,
      383, 240, 384, -1,
      384, 240, 239, -1,
      384, 239, 385, -1,
      385, 239, 238, -1,
      385, 238, 386, -1,
      386, 238, 231, -1,
      386, 231, 387, -1,
      387, 231, 230, -1,
      387, 230, 388, -1,
      388, 230, 234, -1,
      388, 234, 389, -1,
      389, 234, 229, -1,
      378, 118, 237, -1,
      237, 118, 117, -1,
      120, 389, 123, -1,
      123, 389, 229, -1,
      15, 13, 390, -1,
      390, 13, 391, -1,
      390, 391, 392, -1,
      392, 391, 393, -1,
      392, 393, 394, -1,
      394, 393, 395, -1,
      394, 395, 396, -1,
      396, 395, 397, -1,
      396, 397, 398, -1,
      398, 397, 399, -1,
      398, 399, 400, -1,
      400, 399, 401, -1,
      400, 401, 402, -1,
      402, 401, 403, -1,
      402, 403, 404, -1,
      404, 403, 405, -1,
      404, 405, 406, -1,
      406, 405, 407, -1,
      406, 407, 408, -1,
      408, 407, 409, -1,
      408, 409, 410, -1,
      410, 409, 411, -1,
      410, 411, 18, -1,
      18, 411, 16, -1,
      14, 15, 59, -1,
      59, 15, 390, -1,
      59, 390, 60, -1,
      60, 390, 392, -1,
      60, 392, 61, -1,
      61, 392, 394, -1,
      61, 394, 62, -1,
      62, 394, 396, -1,
      62, 396, 63, -1,
      63, 396, 398, -1,
      63, 398, 64, -1,
      64, 398, 400, -1,
      64, 400, 65, -1,
      65, 400, 402, -1,
      65, 402, 66, -1,
      66, 402, 404, -1,
      66, 404, 67, -1,
      67, 404, 406, -1,
      67, 406, 68, -1,
      68, 406, 408, -1,
      68, 408, 69, -1,
      69, 408, 410, -1,
      69, 410, 19, -1,
      19, 410, 18, -1,
      17, 16, 317, -1,
      317, 16, 411, -1,
      317, 411, 316, -1,
      316, 411, 409, -1,
      316, 409, 315, -1,
      315, 409, 407, -1,
      315, 407, 314, -1,
      314, 407, 405, -1,
      314, 405, 313, -1,
      313, 405, 403, -1,
      313, 403, 312, -1,
      312, 403, 401, -1,
      312, 401, 311, -1,
      311, 401, 399, -1,
      311, 399, 310, -1,
      310, 399, 397, -1,
      310, 397, 309, -1,
      309, 397, 395, -1,
      309, 395, 308, -1,
      308, 395, 393, -1,
      308, 393, 307, -1,
      307, 393, 391, -1,
      307, 391, 12, -1,
      12, 391, 13, -1,
      23, 21, 412, -1,
      412, 21, 413, -1,
      412, 413, 414, -1,
      414, 413, 415, -1,
      414, 415, 416, -1,
      416, 415, 417, -1,
      416, 417, 418, -1,
      418, 417, 419, -1,
      418, 419, 420, -1,
      420, 419, 421, -1,
      420, 421, 422, -1,
      422, 421, 423, -1,
      422, 423, 424, -1,
      424, 423, 425, -1,
      424, 425, 426, -1,
      426, 425, 427, -1,
      426, 427, 428, -1,
      428, 427, 429, -1,
      428, 429, 430, -1,
      430, 429, 431, -1,
      430, 431, 432, -1,
      432, 431, 433, -1,
      432, 433, 160, -1,
      160, 433, 159, -1,
      22, 23, 296, -1,
      296, 23, 412, -1,
      296, 412, 297, -1,
      297, 412, 414, -1,
      297, 414, 298, -1,
      298, 414, 416, -1,
      298, 416, 299, -1,
      299, 416, 418, -1,
      299, 418, 300, -1,
      300, 418, 420, -1,
      300, 420, 301, -1,
      301, 420, 422, -1,
      301, 422, 302, -1,
      302, 422, 424, -1,
      302, 424, 303, -1,
      303, 424, 426, -1,
      303, 426, 304, -1,
      304, 426, 428, -1,
      304, 428, 305, -1,
      305, 428, 430, -1,
      305, 430, 306, -1,
      306, 430, 432, -1,
      306, 432, 161, -1,
      161, 432, 160, -1,
      58, 159, 57, -1,
      57, 159, 433, -1,
      57, 433, 56, -1,
      56, 433, 431, -1,
      56, 431, 55, -1,
      55, 431, 429, -1,
      55, 429, 54, -1,
      54, 429, 427, -1,
      54, 427, 53, -1,
      53, 427, 425, -1,
      53, 425, 52, -1,
      52, 425, 423, -1,
      52, 423, 51, -1,
      51, 423, 421, -1,
      51, 421, 50, -1,
      50, 421, 419, -1,
      50, 419, 49, -1,
      49, 419, 417, -1,
      49, 417, 48, -1,
      48, 417, 415, -1,
      48, 415, 47, -1,
      47, 415, 413, -1,
      47, 413, 20, -1,
      20, 413, 21, -1,
      3, 1, 434, -1,
      434, 1, 435, -1,
      434, 435, 436, -1,
      436, 435, 437, -1,
      436, 437, 438, -1,
      438, 437, 439, -1,
      438, 439, 440, -1,
      440, 439, 441, -1,
      440, 441, 442, -1,
      442, 441, 443, -1,
      442, 443, 444, -1,
      444, 443, 445, -1,
      444, 445, 446, -1,
      446, 445, 447, -1,
      446, 447, 448, -1,
      448, 447, 449, -1,
      448, 449, 450, -1,
      450, 449, 451, -1,
      450, 451, 452, -1,
      452, 451, 453, -1,
      452, 453, 454, -1,
      454, 453, 455, -1,
      454, 455, 6, -1,
      6, 455, 4, -1,
      2, 3, 36, -1,
      36, 3, 434, -1,
      36, 434, 37, -1,
      37, 434, 436, -1,
      37, 436, 38, -1,
      38, 436, 438, -1,
      38, 438, 39, -1,
      39, 438, 440, -1,
      39, 440, 40, -1,
      40, 440, 442, -1,
      40, 442, 41, -1,
      41, 442, 444, -1,
      41, 444, 42, -1,
      42, 444, 446, -1,
      42, 446, 43, -1,
      43, 446, 448, -1,
      43, 448, 44, -1,
      44, 448, 450, -1,
      44, 450, 45, -1,
      45, 450, 452, -1,
      45, 452, 46, -1,
      46, 452, 454, -1,
      46, 454, 7, -1,
      7, 454, 6, -1,
      5, 4, 295, -1,
      295, 4, 455, -1,
      295, 455, 294, -1,
      294, 455, 453, -1,
      294, 453, 293, -1,
      293, 453, 451, -1,
      293, 451, 292, -1,
      292, 451, 449, -1,
      292, 449, 291, -1,
      291, 449, 447, -1,
      291, 447, 290, -1,
      290, 447, 445, -1,
      290, 445, 289, -1,
      289, 445, 443, -1,
      289, 443, 288, -1,
      288, 443, 441, -1,
      288, 441, 287, -1,
      287, 441, 439, -1,
      287, 439, 286, -1,
      286, 439, 437, -1,
      286, 437, 285, -1,
      285, 437, 435, -1,
      285, 435, 0, -1,
      0, 435, 1, -1,
      11, 9, 456, -1,
      456, 9, 457, -1,
      456, 457, 458, -1,
      458, 457, 459, -1,
      458, 459, 460, -1,
      460, 459, 461, -1,
      460, 461, 462, -1,
      462, 461, 463, -1,
      462, 463, 464, -1,
      464, 463, 465, -1,
      464, 465, 466, -1,
      466, 465, 467, -1,
      466, 467, 468, -1,
      468, 467, 469, -1,
      468, 469, 470, -1,
      470, 469, 471, -1,
      470, 471, 472, -1,
      472, 471, 473, -1,
      472, 473, 474, -1,
      474, 473, 475, -1,
      474, 475, 476, -1,
      476, 475, 477, -1,
      476, 477, 156, -1,
      156, 477, 155, -1,
      10, 11, 274, -1,
      274, 11, 456, -1,
      274, 456, 275, -1,
      275, 456, 458, -1,
      275, 458, 276, -1,
      276, 458, 460, -1,
      276, 460, 277, -1,
      277, 460, 462, -1,
      277, 462, 278, -1,
      278, 462, 464, -1,
      278, 464, 279, -1,
      279, 464, 466, -1,
      279, 466, 280, -1,
      280, 466, 468, -1,
      280, 468, 281, -1,
      281, 468, 470, -1,
      281, 470, 282, -1,
      282, 470, 472, -1,
      282, 472, 283, -1,
      283, 472, 474, -1,
      283, 474, 284, -1,
      284, 474, 476, -1,
      284, 476, 157, -1,
      157, 476, 156, -1,
      35, 155, 34, -1,
      34, 155, 477, -1,
      34, 477, 33, -1,
      33, 477, 475, -1,
      33, 475, 32, -1,
      32, 475, 473, -1,
      32, 473, 31, -1,
      31, 473, 471, -1,
      31, 471, 30, -1,
      30, 471, 469, -1,
      30, 469, 29, -1,
      29, 469, 467, -1,
      29, 467, 28, -1,
      28, 467, 465, -1,
      28, 465, 27, -1,
      27, 465, 463, -1,
      27, 463, 26, -1,
      26, 463, 461, -1,
      26, 461, 25, -1,
      25, 461, 459, -1,
      25, 459, 24, -1,
      24, 459, 457, -1,
      24, 457, 8, -1,
      8, 457, 9, -1,
      131, 154, 478, -1,
      131, 478, 133, -1,
      133, 478, 479, -1,
      133, 479, 136, -1,
      136, 479, 480, -1,
      136, 480, 134, -1,
      134, 480, 481, -1,
      134, 481, 135, -1,
      135, 481, 482, -1,
      135, 482, 137, -1,
      137, 482, 147, -1,
      137, 147, 132, -1,
      145, 146, 483, -1,
      145, 483, 164, -1,
      164, 483, 484, -1,
      164, 484, 165, -1,
      165, 484, 485, -1,
      165, 485, 166, -1,
      166, 485, 486, -1,
      166, 486, 168, -1,
      168, 486, 487, -1,
      168, 487, 167, -1,
      167, 487, 149, -1,
      167, 149, 150, -1,
      125, 148, 488, -1,
      125, 488, 126, -1,
      126, 488, 489, -1,
      126, 489, 127, -1,
      127, 489, 490, -1,
      127, 490, 128, -1,
      128, 490, 491, -1,
      128, 491, 129, -1,
      129, 491, 492, -1,
      129, 492, 130, -1,
      130, 492, 152, -1,
      130, 152, 124, -1,
      138, 151, 493, -1,
      138, 493, 139, -1,
      139, 493, 494, -1,
      139, 494, 140, -1,
      140, 494, 495, -1,
      140, 495, 141, -1,
      141, 495, 496, -1,
      141, 496, 144, -1,
      144, 496, 497, -1,
      144, 497, 143, -1,
      143, 497, 153, -1,
      143, 153, 142, -1,
    ]
  }
}

Shape {
  appearance Appearance {
    material Material {
      diffuseColor 1.0000 1.0000 1.0000
      specularColor 0.5020 0.5020 0.5020
      ambientIntensity 0.2
      transparency 0.0000
      shininess 0.5
    }
  }
  geometry IndexedFaceSet {
    ccw TRUE
    solid FALSE
    coord DEF co Coordinate {
      point [
        1.181102 0.826772 -0.039370,
        -1.181102 0.826772 -0.039370,
        -1.191292 0.825430 -0.039370,
        -1.200787 0.821497 -0.039370,
        -1.208941 0.815241 -0.039370,
        -1.215198 0.807087 -0.039370,
        -1.219131 0.797591 -0.039370,
        -1.220472 0.787402 -0.039370,
        -1.220472 -0.787402 -0.039370,
        -1.219131 -0.797591 -0.039370,
        -1.215198 -0.807087 -0.039370,
        -1.208941 -0.815241 -0.039370,
        -1.200787 -0.821497 -0.039370,
        -1.191292 -0.825430 -0.039370,
        -1.181102 -0.826772 -0.039370,
        1.181102 -0.826772 -0.039370,
        1.191292 -0.825430 -0.039370,
        1.200787 -0.821497 -0.039370,
        1.208941 -0.815241 -0.039370,
        1.215198 -0.807087 -0.039370,
        1.219131 -0.797591 -0.039370,
        1.220472 -0.787402 -0.039370,
        1.220472 0.787402 -0.039370,
        1.219131 0.797591 -0.039370,
        1.215198 0.807087 -0.039370,
        1.208941 0.815241 -0.039370,
        1.200787 0.821497 -0.039370,
        1.191292 0.825430 -0.039370,
        1.181102 0.826772 -0.019685,
        -1.181102 0.826772 -0.019685,
        1.220472 -0.787402 -0.019685,
        1.220472 0.787402 -0.019685,
        -1.181102 -0.826772 -0.019685,
        1.181102 -0.826772 -0.019685,
        -1.220472 0.787402 -0.019685,
        -1.220472 -0.787402 -0.019685,
        -1.191292 -0.825430 -0.019685,
        -1.200787 -0.821497 -0.019685,
        -1.208941 -0.815241 -0.019685,
        -1.215198 -0.807087 -0.019685,
        -1.219131 -0.797591 -0.019685,
        1.219131 -0.797591 -0.019685,
        1.215198 -0.807087 -0.019685,
        1.208941 -0.815241 -0.019685,
        1.200787 -0.821497 -0.019685,
        1.191292 -0.825430 -0.019685,
        1.191292 0.825430 -0.019685,
        1.200787 0.821497 -0.019685,
        1.208941 0.815241 -0.019685,
        1.215198 0.807087 -0.019685,
        1.219131 0.797591 -0.019685,
        -1.219131 0.797591 -0.019685,
        -1.215198 0.807087 -0.019685,
        -1.208941 0.815241 -0.019685,
        -1.200787 0.821497 -0.019685,
        -1.191292 0.825430 -0.019685,
      ]
    }
    coordIndex [
      14, 32, 36, -1,
      14, 36, 13, -1,
      13, 36, 37, -1,
      13, 37, 12, -1,
      12, 37, 38, -1,
      12, 38, 11, -1,
      11, 38, 39, -1,
      11, 39, 10, -1,
      10, 39, 40, -1,
      10, 40, 9, -1,
      9, 40, 35, -1,
      9, 35, 8, -1,
      21, 30, 41, -1,
      21, 41, 20, -1,
      20, 41, 42, -1,
      20, 42, 19, -1,
      19, 42, 43, -1,
      19, 43, 18, -1,
      18, 43, 44, -1,
      18, 44, 17, -1,
      17, 44, 45, -1,
      17, 45, 16, -1,
      16, 45, 33, -1,
      16, 33, 15, -1,
      0, 28, 46, -1,
      0, 46, 27, -1,
      27, 46, 47, -1,
      27, 47, 26, -1,
      26, 47, 48, -1,
      26, 48, 25, -1,
      25, 48, 49, -1,
      25, 49, 24, -1,
      24, 49, 50, -1,
      24, 50, 23, -1,
      23, 50, 31, -1,
      23, 31, 22, -1,
      7, 34, 51, -1,
      7, 51, 6, -1,
      6, 51, 52, -1,
      6, 52, 5, -1,
      5, 52, 53, -1,
      5, 53, 4, -1,
      4, 53, 54, -1,
      4, 54, 3, -1,
      3, 54, 55, -1,
      3, 55, 2, -1,
      2, 55, 29, -1,
      2, 29, 1, -1,
    ]
  }
}

Shape {
  appearance Appearance {
    material Material {
      diffuseColor 1.0000 0.9765 0.4667
      specularColor 0.5020 0.4863 0.2314
      ambientIntensity 0.2
      transparency 0.0000
      shininess 0.5
    }
  }
  geometry IndexedFaceSet {
    ccw TRUE
    solid FALSE
    coord DEF co Coordinate {
      point [
        -1.181102 -0.866142 -0.059055,
        1.181102 -0.866142 -0.059055,
        -1.259843 0.787402 -0.059055,
        -1.259843 -0.787402 -0.059055,
        1.181102 0.866142 -0.059055,
        -1.181102 0.866142 -0.059055,
        1.259843 0.787402 -0.059055,
        1.259843 -0.787402 -0.059055,
        1.181102 0.846457 -0.039370,
        -1.181102 0.846457 -0.039370,
        -1.196387 0.844444 -0.039370,
        -1.210630 0.838545 -0.039370,
        -1.222861 0.829160 -0.039370,
        -1.232246 0.816929 -0.039370,
        -1.238145 0.802686 -0.039370,
        -1.240157 0.787402 -0.039370,
        -1.240157 -0.787402 -0.039370,
        -1.238145 -0.802686 -0.039370,
        -1.232246 -0.816929 -0.039370,
        -1.222861 -0.829160 -0.039370,
        -1.210630 -0.838545 -0.039370,
        -1.196387 -0.844444 -0.039370,
        -1.181102 -0.846457 -0.039370,
        1.181102 -0.846457 -0.039370,
        1.196387 -0.844444 -0.039370,
        1.210630 -0.838545 -0.039370,
        1.222861 -0.829160 -0.039370,
        1.232246 -0.816929 -0.039370,
        1.238145 -0.802686 -0.039370,
        1.240157 -0.787402 -0.039370,
        1.240157 0.787402 -0.039370,
        1.238145 0.802686 -0.039370,
        1.232246 0.816929 -0.039370,
        1.222861 0.829160 -0.039370,
        1.210630 0.838545 -0.039370,
        1.196387 0.844444 -0.039370,
        1.257159 -0.807781 -0.059055,
        1.249293 -0.826772 -0.059055,
        1.236780 -0.843079 -0.059055,
        1.220472 -0.855593 -0.059055,
        1.201482 -0.863459 -0.059055,
        -1.201482 -0.863459 -0.059055,
        -1.220472 -0.855593 -0.059055,
        -1.236780 -0.843079 -0.059055,
        -1.249293 -0.826772 -0.059055,
        -1.257159 -0.807781 -0.059055,
        -1.257159 0.807781 -0.059055,
        -1.249293 0.826772 -0.059055,
        -1.236780 0.843079 -0.059055,
        -1.220472 0.855593 -0.059055,
        -1.201482 0.863459 -0.059055,
        1.201482 0.863459 -0.059055,
        1.220472 0.855593 -0.059055,
        1.236780 0.843079 -0.059055,
        1.249293 0.826772 -0.059055,
        1.257159 0.807781 -0.059055,
        -1.244527 -0.787402 -0.039945,
        -1.243067 -0.804005 -0.040041,
        -1.245252 -0.787402 -0.040041,
        -1.248646 -0.787402 -0.041446,
        -1.247652 -0.805233 -0.042007,
        -1.250000 -0.787402 -0.042007,
        -1.252330 -0.787402 -0.043796,
        -1.251590 -0.806289 -0.045136,
        -1.254077 -0.787402 -0.045136,
        -1.255417 -0.787402 -0.046882,
        -1.254612 -0.807098 -0.049213,
        -1.181102 -0.851552 -0.040041,
        -1.197706 -0.849366 -0.040041,
        -1.181102 -0.856299 -0.042007,
        -1.198934 -0.853952 -0.042007,
        -1.181102 -0.860376 -0.045136,
        -1.199989 -0.857889 -0.045136,
        -1.181102 -0.863504 -0.049213,
        -1.200799 -0.860911 -0.049213,
        -1.181102 -0.865471 -0.053960,
        -1.201308 -0.862811 -0.053960,
        -1.213177 -0.842957 -0.040041,
        -1.215551 -0.847069 -0.042007,
        -1.217590 -0.850599 -0.045136,
        -1.219154 -0.853309 -0.049213,
        -1.220137 -0.855012 -0.053960,
        -1.226463 -0.832762 -0.040041,
        -1.229820 -0.836120 -0.042007,
        -1.232703 -0.839002 -0.045136,
        -1.234915 -0.841215 -0.049213,
        -1.236306 -0.842605 -0.053960,
        -1.236658 -0.819476 -0.040041,
        -1.240769 -0.821850 -0.042007,
        -1.244300 -0.823889 -0.045136,
        -1.247009 -0.825453 -0.049213,
        -1.248713 -0.826436 -0.053960,
        -1.256512 -0.807607 -0.053960,
        -1.257205 -0.787402 -0.049213,
        -1.257766 -0.787402 -0.050567,
        -1.259172 -0.787402 -0.053960,
        -1.259267 -0.787402 -0.054685,
        1.181102 -0.851552 -0.040041,
        1.181102 -0.856299 -0.042007,
        1.181102 -0.860376 -0.045136,
        1.181102 -0.863504 -0.049213,
        1.181102 -0.865471 -0.053960,
        -1.244527 0.787402 -0.039945,
        -1.245252 0.787402 -0.040041,
        -1.248646 0.787402 -0.041446,
        -1.250000 0.787402 -0.042007,
        -1.252330 0.787402 -0.043796,
        -1.254077 0.787402 -0.045136,
        -1.255417 0.787402 -0.046882,
        -1.257205 0.787402 -0.049213,
        -1.257766 0.787402 -0.050567,
        -1.259172 0.787402 -0.053960,
        -1.259267 0.787402 -0.054685,
        1.244527 -0.787402 -0.039945,
        1.243067 -0.804005 -0.040041,
        1.245252 -0.787402 -0.040041,
        1.248646 -0.787402 -0.041446,
        1.247652 -0.805233 -0.042007,
        1.250000 -0.787402 -0.042007,
        1.252330 -0.787402 -0.043796,
        1.251590 -0.806289 -0.045136,
        1.254077 -0.787402 -0.045136,
        1.255417 -0.787402 -0.046882,
        1.254612 -0.807098 -0.049213,
        1.257205 -0.787402 -0.049213,
        1.257766 -0.787402 -0.050567,
        1.256512 -0.807607 -0.053960,
        1.259172 -0.787402 -0.053960,
        1.259267 -0.787402 -0.054685,
        1.236658 -0.819476 -0.040041,
        1.240769 -0.821850 -0.042007,
        1.244300 -0.823889 -0.045136,
        1.247009 -0.825453 -0.049213,
        1.248713 -0.826436 -0.053960,
        1.226463 -0.832762 -0.040041,
        1.229820 -0.836120 -0.042007,
        1.232703 -0.839002 -0.045136,
        1.234915 -0.841215 -0.049213,
        1.236306 -0.842605 -0.053960,
        1.213177 -0.842957 -0.040041,
        1.215551 -0.847069 -0.042007,
        1.217590 -0.850599 -0.045136,
        1.219154 -0.853309 -0.049213,
        1.220137 -0.855012 -0.053960,
        1.197706 -0.849366 -0.040041,
        1.198934 -0.853952 -0.042007,
        1.199989 -0.857889 -0.045136,
        1.200799 -0.860911 -0.049213,
        1.201308 -0.862811 -0.053960,
        -1.243067 0.804005 -0.040041,
        -1.247652 0.805233 -0.042007,
        -1.251590 0.806289 -0.045136,
        -1.254612 0.807098 -0.049213,
        -1.256512 0.807607 -0.053960,
        -1.236658 0.819476 -0.040041,
        -1.240769 0.821850 -0.042007,
        -1.244300 0.823889 -0.045136,
        -1.247009 0.825453 -0.049213,
        -1.248713 0.826436 -0.053960,
        -1.226463 0.832762 -0.040041,
        -1.229820 0.836120 -0.042007,
        -1.232703 0.839002 -0.045136,
        -1.234915 0.841215 -0.049213,
        -1.236306 0.842605 -0.053960,
        -1.213177 0.842957 -0.040041,
        -1.215551 0.847069 -0.042007,
        -1.217590 0.850599 -0.045136,
        -1.219154 0.853309 -0.049213,
        -1.220137 0.855012 -0.053960,
        -1.197706 0.849366 -0.040041,
        -1.198934 0.853952 -0.042007,
        -1.199989 0.857889 -0.045136,
        -1.200799 0.860911 -0.049213,
        -1.201308 0.862811 -0.053960,
        -1.181102 0.851552 -0.040041,
        -1.181102 0.856299 -0.042007,
        -1.181102 0.860376 -0.045136,
        -1.181102 0.863504 -0.049213,
        -1.181102 0.865471 -0.053960,
        1.244527 0.787402 -0.039945,
        1.245252 0.787402 -0.040041,
        1.248646 0.787402 -0.041446,
        1.250000 0.787402 -0.042007,
        1.252330 0.787402 -0.043796,
        1.254077 0.787402 -0.045136,
        1.255417 0.787402 -0.046882,
        1.257205 0.787402 -0.049213,
        1.257766 0.787402 -0.050567,
        1.259172 0.787402 -0.053960,
        1.259267 0.787402 -0.054685,
        1.181102 0.851552 -0.040041,
        1.181102 0.856299 -0.042007,
        1.181102 0.860376 -0.045136,
        1.181102 0.863504 -0.049213,
        1.181102 0.865471 -0.053960,
        1.243067 0.804005 -0.040041,
        1.247652 0.805233 -0.042007,
        1.251590 0.806289 -0.045136,
        1.254612 0.807098 -0.049213,
        1.197706 0.849366 -0.040041,
        1.198934 0.853952 -0.042007,
        1.199989 0.857889 -0.045136,
        1.200799 0.860911 -0.049213,
        1.201308 0.862811 -0.053960,
        1.213177 0.842957 -0.040041,
        1.215551 0.847069 -0.042007,
        1.217590 0.850599 -0.045136,
        1.219154 0.853309 -0.049213,
        1.220137 0.855012 -0.053960,
        1.226463 0.832762 -0.040041,
        1.229820 0.836120 -0.042007,
        1.232703 0.839002 -0.045136,
        1.234915 0.841215 -0.049213,
        1.236306 0.842605 -0.053960,
        1.236658 0.819476 -0.040041,
        1.240769 0.821850 -0.042007,
        1.244300 0.823889 -0.045136,
        1.247009 0.825453 -0.049213,
        1.248713 0.826436 -0.053960,
        1.256512 0.807607 -0.053960,
      ]
    }
    coordIndex [
      16, 56, 17, -1,
      17, 56, 57, -1,
      56, 58, 57, -1,
      57, 58, 59, -1,
      57, 59, 60, -1,
      59, 61, 60, -1,
      60, 61, 62, -1,
      60, 62, 63, -1,
      62, 64, 63, -1,
      63, 64, 65, -1,
      63, 65, 66, -1,
      22, 21, 67, -1,
      67, 21, 68, -1,
      67, 68, 69, -1,
      69, 68, 70, -1,
      69, 70, 71, -1,
      71, 70, 72, -1,
      71, 72, 73, -1,
      73, 72, 74, -1,
      73, 74, 75, -1,
      75, 74, 76, -1,
      75, 76, 0, -1,
      21, 20, 68, -1,
      68, 20, 77, -1,
      68, 77, 70, -1,
      70, 77, 78, -1,
      70, 78, 72, -1,
      72, 78, 79, -1,
      72, 79, 74, -1,
      74, 79, 80, -1,
      74, 80, 76, -1,
      76, 80, 81, -1,
      20, 19, 77, -1,
      77, 19, 82, -1,
      77, 82, 78, -1,
      78, 82, 83, -1,
      78, 83, 79, -1,
      79, 83, 84, -1,
      79, 84, 80, -1,
      80, 84, 85, -1,
      80, 85, 81, -1,
      81, 85, 86, -1,
      19, 18, 82, -1,
      82, 18, 87, -1,
      82, 87, 83, -1,
      83, 87, 88, -1,
      83, 88, 84, -1,
      84, 88, 89, -1,
      84, 89, 85, -1,
      85, 89, 90, -1,
      85, 90, 86, -1,
      86, 90, 91, -1,
      18, 17, 87, -1,
      87, 17, 57, -1,
      87, 57, 88, -1,
      88, 57, 60, -1,
      88, 60, 89, -1,
      89, 60, 63, -1,
      89, 63, 90, -1,
      90, 63, 66, -1,
      90, 66, 91, -1,
      91, 66, 92, -1,
      65, 93, 66, -1,
      66, 93, 94, -1,
      66, 94, 92, -1,
      92, 94, 95, -1,
      92, 95, 96, -1,
      0, 76, 41, -1,
      41, 76, 81, -1,
      41, 81, 42, -1,
      42, 81, 86, -1,
      42, 86, 43, -1,
      43, 86, 91, -1,
      43, 91, 44, -1,
      44, 91, 92, -1,
      44, 92, 45, -1,
      45, 92, 96, -1,
      45, 96, 3, -1,
      23, 22, 67, -1,
      23, 67, 97, -1,
      97, 67, 69, -1,
      97, 69, 98, -1,
      98, 69, 71, -1,
      98, 71, 99, -1,
      99, 71, 73, -1,
      99, 73, 100, -1,
      100, 73, 75, -1,
      100, 75, 101, -1,
      101, 75, 0, -1,
      101, 0, 1, -1,
      15, 102, 16, -1,
      16, 102, 56, -1,
      56, 102, 58, -1,
      58, 102, 103, -1,
      58, 103, 59, -1,
      59, 103, 104, -1,
      59, 104, 61, -1,
      61, 104, 105, -1,
      61, 105, 62, -1,
      62, 105, 106, -1,
      62, 106, 64, -1,
      64, 106, 107, -1,
      64, 107, 65, -1,
      65, 107, 108, -1,
      65, 108, 93, -1,
      93, 108, 109, -1,
      93, 109, 94, -1,
      94, 109, 110, -1,
      94, 110, 95, -1,
      95, 110, 111, -1,
      95, 111, 96, -1,
      111, 112, 96, -1,
      96, 112, 2, -1,
      96, 2, 3, -1,
      29, 28, 113, -1,
      113, 28, 114, -1,
      113, 114, 115, -1,
      115, 114, 116, -1,
      116, 114, 117, -1,
      116, 117, 118, -1,
      118, 117, 119, -1,
      119, 117, 120, -1,
      119, 120, 121, -1,
      121, 120, 122, -1,
      122, 120, 123, -1,
      122, 123, 124, -1,
      124, 123, 125, -1,
      125, 123, 126, -1,
      125, 126, 127, -1,
      127, 126, 128, -1,
      128, 126, 36, -1,
      128, 36, 7, -1,
      28, 27, 114, -1,
      114, 27, 129, -1,
      114, 129, 117, -1,
      117, 129, 130, -1,
      117, 130, 120, -1,
      120, 130, 131, -1,
      120, 131, 123, -1,
      123, 131, 132, -1,
      123, 132, 126, -1,
      126, 132, 133, -1,
      126, 133, 36, -1,
      36, 133, 37, -1,
      27, 26, 129, -1,
      129, 26, 134, -1,
      129, 134, 130, -1,
      130, 134, 135, -1,
      130, 135, 131, -1,
      131, 135, 136, -1,
      131, 136, 132, -1,
      132, 136, 137, -1,
      132, 137, 133, -1,
      133, 137, 138, -1,
      133, 138, 37, -1,
      37, 138, 38, -1,
      26, 25, 134, -1,
      134, 25, 139, -1,
      134, 139, 135, -1,
      135, 139, 140, -1,
      135, 140, 136, -1,
      136, 140, 141, -1,
      136, 141, 137, -1,
      137, 141, 142, -1,
      137, 142, 138, -1,
      138, 142, 143, -1,
      138, 143, 38, -1,
      38, 143, 39, -1,
      25, 24, 139, -1,
      139, 24, 144, -1,
      139, 144, 140, -1,
      140, 144, 145, -1,
      140, 145, 141, -1,
      141, 145, 146, -1,
      141, 146, 142, -1,
      142, 146, 147, -1,
      142, 147, 143, -1,
      143, 147, 148, -1,
      143, 148, 39, -1,
      39, 148, 40, -1,
      24, 23, 144, -1,
      144, 23, 97, -1,
      144, 97, 145, -1,
      145, 97, 98, -1,
      145, 98, 146, -1,
      146, 98, 99, -1,
      146, 99, 147, -1,
      147, 99, 100, -1,
      147, 100, 148, -1,
      148, 100, 101, -1,
      148, 101, 40, -1,
      40, 101, 1, -1,
      15, 14, 102, -1,
      102, 14, 149, -1,
      102, 149, 103, -1,
      103, 149, 104, -1,
      104, 149, 150, -1,
      104, 150, 105, -1,
      105, 150, 106, -1,
      106, 150, 151, -1,
      106, 151, 107, -1,
      107, 151, 108, -1,
      108, 151, 152, -1,
      108, 152, 109, -1,
      109, 152, 110, -1,
      110, 152, 153, -1,
      110, 153, 111, -1,
      111, 153, 112, -1,
      112, 153, 46, -1,
      112, 46, 2, -1,
      14, 13, 149, -1,
      149, 13, 154, -1,
      149, 154, 150, -1,
      150, 154, 155, -1,
      150, 155, 151, -1,
      151, 155, 156, -1,
      151, 156, 152, -1,
      152, 156, 157, -1,
      152, 157, 153, -1,
      153, 157, 158, -1,
      153, 158, 46, -1,
      46, 158, 47, -1,
      13, 12, 154, -1,
      154, 12, 159, -1,
      154, 159, 155, -1,
      155, 159, 160, -1,
      155, 160, 156, -1,
      156, 160, 161, -1,
      156, 161, 157, -1,
      157, 161, 162, -1,
      157, 162, 158, -1,
      158, 162, 163, -1,
      158, 163, 47, -1,
      47, 163, 48, -1,
      12, 11, 159, -1,
      159, 11, 164, -1,
      159, 164, 160, -1,
      160, 164, 165, -1,
      160, 165, 161, -1,
      161, 165, 166, -1,
      161, 166, 162, -1,
      162, 166, 167, -1,
      162, 167, 163, -1,
      163, 167, 168, -1,
      163, 168, 48, -1,
      48, 168, 49, -1,
      11, 10, 164, -1,
      164, 10, 169, -1,
      164, 169, 165, -1,
      165, 169, 170, -1,
      165, 170, 166, -1,
      166, 170, 171, -1,
      166, 171, 167, -1,
      167, 171, 172, -1,
      167, 172, 168, -1,
      168, 172, 173, -1,
      168, 173, 49, -1,
      49, 173, 50, -1,
      10, 9, 169, -1,
      169, 9, 174, -1,
      169, 174, 170, -1,
      170, 174, 175, -1,
      170, 175, 171, -1,
      171, 175, 176, -1,
      171, 176, 172, -1,
      172, 176, 177, -1,
      172, 177, 173, -1,
      173, 177, 178, -1,
      173, 178, 50, -1,
      50, 178, 5, -1,
      29, 113, 30, -1,
      30, 113, 179, -1,
      179, 113, 180, -1,
      180, 113, 115, -1,
      180, 115, 181, -1,
      181, 115, 116, -1,
      181, 116, 182, -1,
      182, 116, 118, -1,
      182, 118, 183, -1,
      183, 118, 119, -1,
      183, 119, 184, -1,
      184, 119, 121, -1,
      184, 121, 185, -1,
      185, 121, 122, -1,
      185, 122, 186, -1,
      186, 122, 124, -1,
      186, 124, 187, -1,
      187, 124, 125, -1,
      187, 125, 188, -1,
      188, 125, 127, -1,
      188, 127, 189, -1,
      127, 128, 189, -1,
      189, 128, 7, -1,
      189, 7, 6, -1,
      9, 8, 190, -1,
      9, 190, 174, -1,
      174, 190, 191, -1,
      174, 191, 175, -1,
      175, 191, 192, -1,
      175, 192, 176, -1,
      176, 192, 193, -1,
      176, 193, 177, -1,
      177, 193, 194, -1,
      177, 194, 178, -1,
      178, 194, 4, -1,
      178, 4, 5, -1,
      30, 179, 31, -1,
      31, 179, 195, -1,
      179, 180, 195, -1,
      195, 180, 181, -1,
      195, 181, 196, -1,
      181, 182, 196, -1,
      196, 182, 183, -1,
      196, 183, 197, -1,
      183, 184, 197, -1,
      197, 184, 185, -1,
      197, 185, 198, -1,
      8, 35, 190, -1,
      190, 35, 199, -1,
      190, 199, 191, -1,
      191, 199, 200, -1,
      191, 200, 192, -1,
      192, 200, 201, -1,
      192, 201, 193, -1,
      193, 201, 202, -1,
      193, 202, 194, -1,
      194, 202, 203, -1,
      194, 203, 4, -1,
      35, 34, 199, -1,
      199, 34, 204, -1,
      199, 204, 200, -1,
      200, 204, 205, -1,
      200, 205, 201, -1,
      201, 205, 206, -1,
      201, 206, 202, -1,
      202, 206, 207, -1,
      202, 207, 203, -1,
      203, 207, 208, -1,
      34, 33, 204, -1,
      204, 33, 209, -1,
      204, 209, 205, -1,
      205, 209, 210, -1,
      205, 210, 206, -1,
      206, 210, 211, -1,
      206, 211, 207, -1,
      207, 211, 212, -1,
      207, 212, 208, -1,
      208, 212, 213, -1,
      33, 32, 209, -1,
      209, 32, 214, -1,
      209, 214, 210, -1,
      210, 214, 215, -1,
      210, 215, 211, -1,
      211, 215, 216, -1,
      211, 216, 212, -1,
      212, 216, 217, -1,
      212, 217, 213, -1,
      213, 217, 218, -1,
      32, 31, 214, -1,
      214, 31, 195, -1,
      214, 195, 215, -1,
      215, 195, 196, -1,
      215, 196, 216, -1,
      216, 196, 197, -1,
      216, 197, 217, -1,
      217, 197, 198, -1,
      217, 198, 218, -1,
      218, 198, 219, -1,
      185, 186, 198, -1,
      198, 186, 187, -1,
      198, 187, 219, -1,
      219, 187, 188, -1,
      219, 188, 189, -1,
      4, 203, 51, -1,
      51, 203, 208, -1,
      51, 208, 52, -1,
      52, 208, 213, -1,
      52, 213, 53, -1,
      53, 213, 218, -1,
      53, 218, 54, -1,
      54, 218, 219, -1,
      54, 219, 55, -1,
      55, 219, 189, -1,
      55, 189, 6, -1,
    ]
  }
}

Shape {
  appearance Appearance {
    material Material {
      diffuseColor 1.0000 1.0000 1.0000
      specularColor 0.5020 0.5020 0.5020
      ambientIntensity 0.2
      transparency 0.0000
      shininess 0.5
    }
  }
  geometry IndexedFaceSet {
    ccw TRUE
    solid FALSE
    coord DEF co Coordinate {
      point [
        -0.209393 0.056055 -0.511811,
        -0.225237 0.056055 -0.511811,
        -0.111430 0.054231 -0.511811,
        -0.125248 0.049379 -0.511811,
        -0.138104 0.040763 -0.511811,
        -0.093150 -0.062055 -0.511811,
        -0.061035 -0.062055 -0.511811,
        -0.061035 0.056055 -0.511811,
        -0.094366 0.056055 -0.511811,
        -0.138228 0.040655 -0.511811,
        -0.146580 0.031394 -0.511811,
        -0.152069 0.021236 -0.511811,
        -0.155241 0.009599 -0.511811,
        -0.156099 -0.001515 -0.511811,
        -0.164741 -0.062055 -0.511811,
        -0.154442 -0.017321 -0.511811,
        -0.150201 -0.029683 -0.511811,
        -0.143428 -0.040248 -0.511811,
        -0.133706 -0.049556 -0.511811,
        -0.121374 -0.056723 -0.511811,
        -0.107765 -0.060780 -0.511811,
        -0.271329 -0.062055 -0.511811,
        -0.254044 -0.062055 -0.511811,
        -0.182026 -0.062055 -0.511811,
        -0.193301 -0.028926 -0.511811,
        -0.242094 -0.028926 -0.511811,
        0.087878 -0.062775 -0.511811,
        0.072958 -0.062775 -0.511811,
        0.077702 -0.063440 -0.511811,
        0.080931 -0.063495 -0.511811,
        -0.037989 -0.049092 -0.511811,
        -0.037989 -0.062055 -0.511811,
        0.025387 -0.062055 -0.511811,
        0.048433 -0.055933 -0.511811,
        0.048433 -0.042970 -0.511811,
        0.025387 0.056055 -0.511811,
        0.061023 -0.061103 -0.511811,
        0.009543 0.043092 -0.511811,
        0.009543 0.004202 -0.511811,
        -0.035108 0.043092 -0.511811,
        -0.032228 0.004202 -0.511811,
        0.009543 -0.008761 -0.511811,
        0.009543 -0.049092 -0.511811,
        -0.032228 -0.008761 -0.511811,
        0.206874 -0.062055 -0.511811,
        0.146378 -0.062055 -0.511811,
        0.095487 -0.061986 -0.511811,
        0.106935 -0.058046 -0.511811,
        -0.035108 0.056055 -0.511811,
        0.087723 0.043226 -0.511811,
        0.096563 0.040036 -0.511811,
        0.050550 -0.044143 -0.511811,
        0.104738 0.034567 -0.511811,
        0.111871 0.026693 -0.511811,
        0.120452 -0.004260 -0.511811,
        0.119256 -0.017046 -0.511811,
        0.116047 -0.027206 -0.511811,
        0.089765 -0.049296 -0.511811,
        0.078748 -0.050532 -0.511811,
        0.098371 -0.046128 -0.511811,
        0.105620 -0.041243 -0.511811,
        0.111162 -0.035395 -0.511811,
        0.063070 -0.048792 -0.511811,
        0.130062 0.024946 -0.511811,
        0.123140 0.035989 -0.511811,
        0.191030 0.056055 -0.511811,
        0.116740 0.017574 -0.511811,
        0.119888 0.004930 -0.511811,
        0.112476 0.046244 -0.511811,
        0.206874 0.056055 -0.511811,
        0.116435 -0.051979 -0.511811,
        0.125307 -0.042639 -0.511811,
        0.146378 -0.049092 -0.511811,
        0.131599 -0.031408 -0.511811,
        0.191030 -0.049092 -0.511811,
        0.135154 -0.018907 -0.511811,
        0.136296 -0.005228 -0.511811,
        0.134597 0.011564 -0.511811,
        0.101258 0.052702 -0.511811,
        0.088091 0.056527 -0.511811,
        0.076228 0.057496 -0.511811,
        0.062089 0.056520 -0.511811,
        0.048433 0.052815 -0.511811,
        0.048433 0.036970 -0.511811,
        0.061737 0.042667 -0.511811,
        0.076093 0.044532 -0.511811,
        1.181102 0.826772 -0.019685,
        -1.181102 0.826772 -0.019685,
        1.220472 -0.787402 -0.019685,
        1.220472 0.787402 -0.019685,
        -1.181102 -0.826772 -0.019685,
        1.181102 -0.826772 -0.019685,
        -1.220472 0.787402 -0.019685,
        -1.220472 -0.787402 -0.019685,
        1.200787 -0.787402 0.000000,
        1.200787 0.787402 0.000000,
        -1.200787 0.787402 0.000000,
        1.181102 0.807087 0.000000,
        -1.181102 0.807087 0.000000,
        -1.186197 0.806416 0.000000,
        -1.190945 0.804449 0.000000,
        1.200117 0.792496 0.000000,
        1.198150 0.797244 0.000000,
        -1.195022 0.801321 0.000000,
        -1.198150 0.797244 0.000000,
        -1.200117 0.792496 0.000000,
        -1.200787 -0.787402 0.000000,
        -1.181102 -0.807087 0.000000,
        -1.200117 -0.792496 0.000000,
        -1.198150 -0.797244 0.000000,
        1.186197 -0.806416 0.000000,
        1.190945 -0.804449 0.000000,
        1.195022 0.801321 0.000000,
        1.190945 0.804449 0.000000,
        1.186197 0.806416 0.000000,
        -1.195022 -0.801321 0.000000,
        -1.190945 -0.804449 0.000000,
        -1.186197 -0.806416 0.000000,
        1.181102 -0.807087 0.000000,
        1.195022 -0.801321 0.000000,
        1.198150 -0.797244 0.000000,
        1.200117 -0.792496 0.000000,
        -1.191292 -0.825430 -0.019685,
        -1.200787 -0.821497 -0.019685,
        -1.208941 -0.815241 -0.019685,
        -1.215198 -0.807087 -0.019685,
        -1.219131 -0.797591 -0.019685,
        1.219131 -0.797591 -0.019685,
        1.215198 -0.807087 -0.019685,
        1.208941 -0.815241 -0.019685,
        1.200787 -0.821497 -0.019685,
        1.191292 -0.825430 -0.019685,
        1.191292 0.825430 -0.019685,
        1.200787 0.821497 -0.019685,
        1.208941 0.815241 -0.019685,
        1.215198 0.807087 -0.019685,
        1.219131 0.797591 -0.019685,
        -1.219131 0.797591 -0.019685,
        -1.215198 0.807087 -0.019685,
        -1.208941 0.815241 -0.019685,
        -1.200787 0.821497 -0.019685,
        -1.191292 0.825430 -0.019685,
        1.205882 -0.787402 -0.000671,
        1.205038 -0.793815 -0.000671,
        1.210630 -0.787402 -0.002637,
        1.209624 -0.795044 -0.002637,
        1.214707 -0.787402 -0.005766,
        1.213562 -0.796099 -0.005766,
        1.217835 -0.787402 -0.009843,
        1.216583 -0.796909 -0.009843,
        1.219802 -0.787402 -0.014590,
        1.218483 -0.797418 -0.014590,
        1.202562 -0.799791 -0.000671,
        1.206674 -0.802165 -0.002637,
        1.210205 -0.804204 -0.005766,
        1.212914 -0.805768 -0.009843,
        1.214617 -0.806751 -0.014590,
        1.198624 -0.804924 -0.000671,
        1.201981 -0.808281 -0.002637,
        1.204864 -0.811163 -0.005766,
        1.207076 -0.813376 -0.009843,
        1.208467 -0.814766 -0.014590,
        1.193493 -0.808861 -0.000671,
        1.195866 -0.812973 -0.002637,
        1.197905 -0.816504 -0.005766,
        1.199469 -0.819213 -0.009843,
        1.200452 -0.820916 -0.014590,
        1.187516 -0.811337 -0.000671,
        1.188744 -0.815923 -0.002637,
        1.189800 -0.819861 -0.005766,
        1.190609 -0.822883 -0.009843,
        1.191119 -0.824782 -0.014590,
        1.181102 -0.812181 -0.000671,
        1.181102 -0.816929 -0.002637,
        1.181102 -0.821006 -0.005766,
        1.181102 -0.824134 -0.009843,
        1.181102 -0.826101 -0.014590,
        1.219802 0.787402 -0.014590,
        1.217835 0.787402 -0.009843,
        1.214707 0.787402 -0.005766,
        1.210630 0.787402 -0.002637,
        1.205882 0.787402 -0.000671,
        -1.181102 -0.826101 -0.014590,
        -1.181102 -0.824134 -0.009843,
        -1.181102 -0.821006 -0.005766,
        -1.181102 -0.816929 -0.002637,
        -1.181102 -0.812181 -0.000671,
        1.181102 0.812181 -0.000671,
        1.187516 0.811337 -0.000671,
        1.181102 0.816929 -0.002637,
        1.188744 0.815923 -0.002637,
        1.181102 0.821006 -0.005766,
        1.189800 0.819861 -0.005766,
        1.181102 0.824134 -0.009843,
        1.190609 0.822883 -0.009843,
        1.181102 0.826101 -0.014590,
        1.191119 0.824782 -0.014590,
        1.193493 0.808861 -0.000671,
        1.195866 0.812973 -0.002637,
        1.197905 0.816504 -0.005766,
        1.199469 0.819213 -0.009843,
        1.200452 0.820916 -0.014590,
        1.198624 0.804924 -0.000671,
        1.201981 0.808281 -0.002637,
        1.204864 0.811163 -0.005766,
        1.207076 0.813376 -0.009843,
        1.208467 0.814766 -0.014590,
        1.202562 0.799791 -0.000671,
        1.206674 0.802165 -0.002637,
        1.210205 0.804204 -0.005766,
        1.212914 0.805768 -0.009843,
        1.214617 0.806751 -0.014590,
        1.205038 0.793815 -0.000671,
        1.209624 0.795044 -0.002637,
        1.213562 0.796099 -0.005766,
        1.216583 0.796909 -0.009843,
        1.218483 0.797418 -0.014590,
        -1.187516 -0.811337 -0.000671,
        -1.188744 -0.815923 -0.002637,
        -1.189800 -0.819861 -0.005766,
        -1.190609 -0.822883 -0.009843,
        -1.191119 -0.824782 -0.014590,
        -1.193493 -0.808861 -0.000671,
        -1.195866 -0.812973 -0.002637,
        -1.197905 -0.816504 -0.005766,
        -1.199469 -0.819213 -0.009843,
        -1.200452 -0.820916 -0.014590,
        -1.198624 -0.804924 -0.000671,
        -1.201981 -0.808281 -0.002637,
        -1.204864 -0.811163 -0.005766,
        -1.207076 -0.813376 -0.009843,
        -1.208467 -0.814766 -0.014590,
        -1.202562 -0.799791 -0.000671,
        -1.206674 -0.802165 -0.002637,
        -1.210205 -0.804204 -0.005766,
        -1.212914 -0.805768 -0.009843,
        -1.214617 -0.806751 -0.014590,
        -1.205038 -0.793815 -0.000671,
        -1.209624 -0.795044 -0.002637,
        -1.213562 -0.796099 -0.005766,
        -1.216583 -0.796909 -0.009843,
        -1.218483 -0.797418 -0.014590,
        -1.205882 -0.787402 -0.000671,
        -1.210630 -0.787402 -0.002637,
        -1.214707 -0.787402 -0.005766,
        -1.217835 -0.787402 -0.009843,
        -1.219802 -0.787402 -0.014590,
        -1.181102 0.826101 -0.014590,
        -1.181102 0.824134 -0.009843,
        -1.181102 0.821006 -0.005766,
        -1.181102 0.816929 -0.002637,
        -1.181102 0.812181 -0.000671,
        -1.219802 0.787402 -0.014590,
        -1.217835 0.787402 -0.009843,
        -1.214707 0.787402 -0.005766,
        -1.210630 0.787402 -0.002637,
        -1.205882 0.787402 -0.000671,
        -1.205038 0.793815 -0.000671,
        -1.209624 0.795044 -0.002637,
        -1.213562 0.796099 -0.005766,
        -1.216583 0.796909 -0.009843,
        -1.218483 0.797418 -0.014590,
        -1.202562 0.799791 -0.000671,
        -1.206674 0.802165 -0.002637,
        -1.210205 0.804204 -0.005766,
        -1.212914 0.805768 -0.009843,
        -1.214617 0.806751 -0.014590,
        -1.198624 0.804924 -0.000671,
        -1.201981 0.808281 -0.002637,
        -1.204864 0.811163 -0.005766,
        -1.207076 0.813376 -0.009843,
        -1.208467 0.814766 -0.014590,
        -1.193493 0.808861 -0.000671,
        -1.195866 0.812973 -0.002637,
        -1.197905 0.816504 -0.005766,
        -1.199469 0.819213 -0.009843,
        -1.200452 0.820916 -0.014590,
        -1.187516 0.811337 -0.000671,
        -1.188744 0.815923 -0.002637,
        -1.189800 0.819861 -0.005766,
        -1.190609 0.822883 -0.009843,
        -1.191119 0.824782 -0.014590,
        -0.225237 0.056055 -0.507874,
        -0.271329 -0.062055 -0.507874,
        -0.254044 -0.062055 -0.507874,
        -0.242094 -0.028926 -0.507874,
        -0.193301 -0.028926 -0.507874,
        -0.182026 -0.062055 -0.507874,
        -0.164741 -0.062055 -0.507874,
        -0.209393 0.056055 -0.507874,
        -0.197285 -0.015963 -0.507874,
        -0.236782 -0.015963 -0.507874,
        -0.214907 0.033369 -0.507874,
        -0.216043 0.037466 -0.507874,
        -0.216797 0.041652 -0.507874,
        -0.217180 0.041652 -0.507874,
        -0.217950 0.037478 -0.507874,
        -0.219003 0.033369 -0.507874,
        -0.197285 -0.015963 -0.511811,
        -0.236782 -0.015963 -0.511811,
        -0.214907 0.033369 -0.511811,
        -0.216043 0.037466 -0.511811,
        -0.216797 0.041652 -0.511811,
        -0.217180 0.041652 -0.511811,
        -0.217950 0.037478 -0.511811,
        -0.219003 0.033369 -0.511811,
        -0.093150 -0.062055 -0.507874,
        -0.061035 -0.062055 -0.507874,
        -0.061035 0.056055 -0.507874,
        -0.094366 0.056055 -0.507874,
        -0.156099 -0.001515 -0.507874,
        -0.155241 0.009599 -0.507874,
        -0.152069 0.021236 -0.507874,
        -0.146580 0.031394 -0.507874,
        -0.138228 0.040655 -0.507874,
        -0.138104 0.040763 -0.507874,
        -0.125248 0.049379 -0.507874,
        -0.111430 0.054231 -0.507874,
        -0.107765 -0.060780 -0.507874,
        -0.121374 -0.056723 -0.507874,
        -0.133706 -0.049556 -0.507874,
        -0.143428 -0.040248 -0.507874,
        -0.150201 -0.029683 -0.507874,
        -0.154442 -0.017321 -0.507874,
        -0.132391 0.026529 -0.507874,
        -0.126654 0.032621 -0.507874,
        -0.118027 0.038194 -0.507874,
        -0.108278 0.041606 -0.507874,
        -0.094298 0.043092 -0.507874,
        -0.076879 0.043092 -0.507874,
        -0.076879 -0.049092 -0.507874,
        -0.093646 -0.049092 -0.507874,
        -0.106106 -0.047932 -0.507874,
        -0.116046 -0.044830 -0.507874,
        -0.124100 -0.040046 -0.507874,
        -0.130725 -0.033503 -0.507874,
        -0.135707 -0.025360 -0.507874,
        -0.139170 -0.014257 -0.507874,
        -0.140255 -0.001852 -0.507874,
        -0.139252 0.009903 -0.507874,
        -0.136494 0.019244 -0.507874,
        -0.094298 0.043092 -0.511811,
        -0.076879 0.043092 -0.511811,
        -0.108278 0.041606 -0.511811,
        -0.118027 0.038194 -0.511811,
        -0.126654 0.032621 -0.511811,
        -0.132391 0.026529 -0.511811,
        -0.136494 0.019244 -0.511811,
        -0.139252 0.009903 -0.511811,
        -0.140255 -0.001852 -0.511811,
        -0.139170 -0.014257 -0.511811,
        -0.135707 -0.025360 -0.511811,
        -0.130725 -0.033503 -0.511811,
        -0.124100 -0.040046 -0.511811,
        -0.116046 -0.044830 -0.511811,
        -0.106106 -0.047932 -0.511811,
        -0.093646 -0.049092 -0.511811,
        -0.076879 -0.049092 -0.511811,
        -0.037989 -0.049092 -0.507874,
        -0.037989 -0.062055 -0.507874,
        0.025387 -0.062055 -0.507874,
        0.025387 0.056055 -0.507874,
        -0.035108 0.056055 -0.507874,
        -0.035108 0.043092 -0.507874,
        0.009543 0.043092 -0.507874,
        0.009543 0.004202 -0.507874,
        -0.032228 0.004202 -0.507874,
        -0.032228 -0.008761 -0.507874,
        0.009543 -0.008761 -0.507874,
        0.009543 -0.049092 -0.507874,
        0.048433 -0.042970 -0.507874,
        0.048433 -0.055933 -0.507874,
        0.061023 -0.061103 -0.507874,
        0.080931 -0.063495 -0.507874,
        0.077702 -0.063440 -0.507874,
        0.136296 -0.005228 -0.507874,
        0.135154 -0.018907 -0.507874,
        0.131599 -0.031408 -0.507874,
        0.125307 -0.042639 -0.507874,
        0.116435 -0.051979 -0.507874,
        0.106935 -0.058046 -0.507874,
        0.095487 -0.061986 -0.507874,
        0.076228 0.057496 -0.507874,
        0.088091 0.056527 -0.507874,
        0.101258 0.052702 -0.507874,
        0.112476 0.046244 -0.507874,
        0.123140 0.035989 -0.507874,
        0.130062 0.024946 -0.507874,
        0.134597 0.011564 -0.507874,
        0.048433 0.052815 -0.507874,
        0.062089 0.056520 -0.507874,
        0.048433 0.036970 -0.507874,
        0.076093 0.044532 -0.507874,
        0.061737 0.042667 -0.507874,
        0.120452 -0.004260 -0.507874,
        0.119888 0.004930 -0.507874,
        0.116740 0.017574 -0.507874,
        0.111871 0.026693 -0.507874,
        0.104738 0.034567 -0.507874,
        0.096563 0.040036 -0.507874,
        0.087723 0.043226 -0.507874,
        0.078748 -0.050532 -0.507874,
        0.089765 -0.049296 -0.507874,
        0.098371 -0.046128 -0.507874,
        0.105620 -0.041243 -0.507874,
        0.111162 -0.035395 -0.507874,
        0.116047 -0.027206 -0.507874,
        0.119256 -0.017046 -0.507874,
        0.050550 -0.044143 -0.507874,
        0.063070 -0.048792 -0.507874,
        0.146378 -0.049092 -0.507874,
        0.146378 -0.062055 -0.507874,
        0.206874 -0.062055 -0.507874,
        0.206874 0.056055 -0.507874,
        0.191030 0.056055 -0.507874,
        0.191030 -0.049092 -0.507874,
      ]
    }
    coordIndex [
      94, 121, 142, -1,
      142, 121, 143, -1,
      142, 143, 144, -1,
      144, 143, 145, -1,
      144, 145, 146, -1,
      146, 145, 147, -1,
      146, 147, 148, -1,
      148, 147, 149, -1,
      148, 149, 150, -1,
      150, 149, 151, -1,
      150, 151, 88, -1,
      88, 151, 127, -1,
      121, 120, 143, -1,
      143, 120, 152, -1,
      143, 152, 145, -1,
      145, 152, 153, -1,
      145, 153, 147, -1,
      147, 153, 154, -1,
      147, 154, 149, -1,
      149, 154, 155, -1,
      149, 155, 151, -1,
      151, 155, 156, -1,
      151, 156, 127, -1,
      127, 156, 128, -1,
      120, 119, 152, -1,
      152, 119, 157, -1,
      152, 157, 153, -1,
      153, 157, 158, -1,
      153, 158, 154, -1,
      154, 158, 159, -1,
      154, 159, 155, -1,
      155, 159, 160, -1,
      155, 160, 156, -1,
      156, 160, 161, -1,
      156, 161, 128, -1,
      128, 161, 129, -1,
      119, 111, 157, -1,
      157, 111, 162, -1,
      157, 162, 158, -1,
      158, 162, 163, -1,
      158, 163, 159, -1,
      159, 163, 164, -1,
      159, 164, 160, -1,
      160, 164, 165, -1,
      160, 165, 161, -1,
      161, 165, 166, -1,
      161, 166, 129, -1,
      129, 166, 130, -1,
      111, 110, 162, -1,
      162, 110, 167, -1,
      162, 167, 163, -1,
      163, 167, 168, -1,
      163, 168, 164, -1,
      164, 168, 169, -1,
      164, 169, 165, -1,
      165, 169, 170, -1,
      165, 170, 166, -1,
      166, 170, 171, -1,
      166, 171, 130, -1,
      130, 171, 131, -1,
      110, 118, 167, -1,
      167, 118, 172, -1,
      167, 172, 168, -1,
      168, 172, 173, -1,
      168, 173, 169, -1,
      169, 173, 174, -1,
      169, 174, 170, -1,
      170, 174, 175, -1,
      170, 175, 171, -1,
      171, 175, 176, -1,
      171, 176, 131, -1,
      131, 176, 91, -1,
      88, 89, 177, -1,
      88, 177, 150, -1,
      150, 177, 178, -1,
      150, 178, 148, -1,
      148, 178, 179, -1,
      148, 179, 146, -1,
      146, 179, 180, -1,
      146, 180, 144, -1,
      144, 180, 181, -1,
      144, 181, 142, -1,
      142, 181, 95, -1,
      142, 95, 94, -1,
      90, 91, 176, -1,
      90, 176, 182, -1,
      182, 176, 175, -1,
      182, 175, 183, -1,
      183, 175, 174, -1,
      183, 174, 184, -1,
      184, 174, 173, -1,
      184, 173, 185, -1,
      185, 173, 172, -1,
      185, 172, 186, -1,
      186, 172, 118, -1,
      186, 118, 107, -1,
      97, 114, 187, -1,
      187, 114, 188, -1,
      187, 188, 189, -1,
      189, 188, 190, -1,
      189, 190, 191, -1,
      191, 190, 192, -1,
      191, 192, 193, -1,
      193, 192, 194, -1,
      193, 194, 195, -1,
      195, 194, 196, -1,
      195, 196, 86, -1,
      86, 196, 132, -1,
      114, 113, 188, -1,
      188, 113, 197, -1,
      188, 197, 190, -1,
      190, 197, 198, -1,
      190, 198, 192, -1,
      192, 198, 199, -1,
      192, 199, 194, -1,
      194, 199, 200, -1,
      194, 200, 196, -1,
      196, 200, 201, -1,
      196, 201, 132, -1,
      132, 201, 133, -1,
      113, 112, 197, -1,
      197, 112, 202, -1,
      197, 202, 198, -1,
      198, 202, 203, -1,
      198, 203, 199, -1,
      199, 203, 204, -1,
      199, 204, 200, -1,
      200, 204, 205, -1,
      200, 205, 201, -1,
      201, 205, 206, -1,
      201, 206, 133, -1,
      133, 206, 134, -1,
      112, 102, 202, -1,
      202, 102, 207, -1,
      202, 207, 203, -1,
      203, 207, 208, -1,
      203, 208, 204, -1,
      204, 208, 209, -1,
      204, 209, 205, -1,
      205, 209, 210, -1,
      205, 210, 206, -1,
      206, 210, 211, -1,
      206, 211, 134, -1,
      134, 211, 135, -1,
      102, 101, 207, -1,
      207, 101, 212, -1,
      207, 212, 208, -1,
      208, 212, 213, -1,
      208, 213, 209, -1,
      209, 213, 214, -1,
      209, 214, 210, -1,
      210, 214, 215, -1,
      210, 215, 211, -1,
      211, 215, 216, -1,
      211, 216, 135, -1,
      135, 216, 136, -1,
      101, 95, 212, -1,
      212, 95, 181, -1,
      212, 181, 213, -1,
      213, 181, 180, -1,
      213, 180, 214, -1,
      214, 180, 179, -1,
      214, 179, 215, -1,
      215, 179, 178, -1,
      215, 178, 216, -1,
      216, 178, 177, -1,
      216, 177, 136, -1,
      136, 177, 89, -1,
      107, 117, 186, -1,
      186, 117, 217, -1,
      186, 217, 185, -1,
      185, 217, 218, -1,
      185, 218, 184, -1,
      184, 218, 219, -1,
      184, 219, 183, -1,
      183, 219, 220, -1,
      183, 220, 182, -1,
      182, 220, 221, -1,
      182, 221, 90, -1,
      90, 221, 122, -1,
      117, 116, 217, -1,
      217, 116, 222, -1,
      217, 222, 218, -1,
      218, 222, 223, -1,
      218, 223, 219, -1,
      219, 223, 224, -1,
      219, 224, 220, -1,
      220, 224, 225, -1,
      220, 225, 221, -1,
      221, 225, 226, -1,
      221, 226, 122, -1,
      122, 226, 123, -1,
      116, 115, 222, -1,
      222, 115, 227, -1,
      222, 227, 223, -1,
      223, 227, 228, -1,
      223, 228, 224, -1,
      224, 228, 229, -1,
      224, 229, 225, -1,
      225, 229, 230, -1,
      225, 230, 226, -1,
      226, 230, 231, -1,
      226, 231, 123, -1,
      123, 231, 124, -1,
      115, 109, 227, -1,
      227, 109, 232, -1,
      227, 232, 228, -1,
      228, 232, 233, -1,
      228, 233, 229, -1,
      229, 233, 234, -1,
      229, 234, 230, -1,
      230, 234, 235, -1,
      230, 235, 231, -1,
      231, 235, 236, -1,
      231, 236, 124, -1,
      124, 236, 125, -1,
      109, 108, 232, -1,
      232, 108, 237, -1,
      232, 237, 233, -1,
      233, 237, 238, -1,
      233, 238, 234, -1,
      234, 238, 239, -1,
      234, 239, 235, -1,
      235, 239, 240, -1,
      235, 240, 236, -1,
      236, 240, 241, -1,
      236, 241, 125, -1,
      125, 241, 126, -1,
      108, 106, 237, -1,
      237, 106, 242, -1,
      237, 242, 238, -1,
      238, 242, 243, -1,
      238, 243, 239, -1,
      239, 243, 244, -1,
      239, 244, 240, -1,
      240, 244, 245, -1,
      240, 245, 241, -1,
      241, 245, 246, -1,
      241, 246, 126, -1,
      126, 246, 93, -1,
      86, 87, 247, -1,
      86, 247, 195, -1,
      195, 247, 248, -1,
      195, 248, 193, -1,
      193, 248, 249, -1,
      193, 249, 191, -1,
      191, 249, 250, -1,
      191, 250, 189, -1,
      189, 250, 251, -1,
      189, 251, 187, -1,
      187, 251, 98, -1,
      187, 98, 97, -1,
      92, 93, 246, -1,
      92, 246, 252, -1,
      252, 246, 245, -1,
      252, 245, 253, -1,
      253, 245, 244, -1,
      253, 244, 254, -1,
      254, 244, 243, -1,
      254, 243, 255, -1,
      255, 243, 242, -1,
      255, 242, 256, -1,
      256, 242, 106, -1,
      256, 106, 96, -1,
      96, 105, 256, -1,
      256, 105, 257, -1,
      256, 257, 255, -1,
      255, 257, 258, -1,
      255, 258, 254, -1,
      254, 258, 259, -1,
      254, 259, 253, -1,
      253, 259, 260, -1,
      253, 260, 252, -1,
      252, 260, 261, -1,
      252, 261, 92, -1,
      92, 261, 137, -1,
      105, 104, 257, -1,
      257, 104, 262, -1,
      257, 262, 258, -1,
      258, 262, 263, -1,
      258, 263, 259, -1,
      259, 263, 264, -1,
      259, 264, 260, -1,
      260, 264, 265, -1,
      260, 265, 261, -1,
      261, 265, 266, -1,
      261, 266, 137, -1,
      137, 266, 138, -1,
      104, 103, 262, -1,
      262, 103, 267, -1,
      262, 267, 263, -1,
      263, 267, 268, -1,
      263, 268, 264, -1,
      264, 268, 269, -1,
      264, 269, 265, -1,
      265, 269, 270, -1,
      265, 270, 266, -1,
      266, 270, 271, -1,
      266, 271, 138, -1,
      138, 271, 139, -1,
      103, 100, 267, -1,
      267, 100, 272, -1,
      267, 272, 268, -1,
      268, 272, 273, -1,
      268, 273, 269, -1,
      269, 273, 274, -1,
      269, 274, 270, -1,
      270, 274, 275, -1,
      270, 275, 271, -1,
      271, 275, 276, -1,
      271, 276, 139, -1,
      139, 276, 140, -1,
      100, 99, 272, -1,
      272, 99, 277, -1,
      272, 277, 273, -1,
      273, 277, 278, -1,
      273, 278, 274, -1,
      274, 278, 279, -1,
      274, 279, 275, -1,
      275, 279, 280, -1,
      275, 280, 276, -1,
      276, 280, 281, -1,
      276, 281, 140, -1,
      140, 281, 141, -1,
      99, 98, 277, -1,
      277, 98, 251, -1,
      277, 251, 278, -1,
      278, 251, 250, -1,
      278, 250, 279, -1,
      279, 250, 249, -1,
      279, 249, 280, -1,
      280, 249, 248, -1,
      280, 248, 281, -1,
      281, 248, 247, -1,
      281, 247, 141, -1,
      141, 247, 87, -1,
      282, 283, 1, -1,
      1, 283, 21, -1,
      283, 284, 21, -1,
      21, 284, 22, -1,
      284, 285, 22, -1,
      22, 285, 25, -1,
      285, 286, 25, -1,
      25, 286, 24, -1,
      286, 287, 24, -1,
      24, 287, 23, -1,
      287, 288, 23, -1,
      23, 288, 14, -1,
      288, 289, 14, -1,
      14, 289, 0, -1,
      289, 282, 0, -1,
      0, 282, 1, -1,
      290, 286, 291, -1,
      291, 286, 285, -1,
      292, 289, 290, -1,
      290, 289, 288, -1,
      290, 288, 286, -1,
      286, 288, 287, -1,
      292, 293, 289, -1,
      289, 293, 294, -1,
      289, 294, 282, -1,
      282, 294, 295, -1,
      282, 295, 296, -1,
      296, 297, 282, -1,
      282, 297, 291, -1,
      282, 291, 283, -1,
      283, 291, 285, -1,
      283, 285, 284, -1,
      290, 291, 298, -1,
      298, 291, 299, -1,
      292, 290, 300, -1,
      300, 290, 298, -1,
      292, 300, 301, -1,
      292, 301, 293, -1,
      293, 301, 302, -1,
      293, 302, 294, -1,
      295, 294, 303, -1,
      303, 294, 302, -1,
      295, 303, 304, -1,
      295, 304, 296, -1,
      296, 304, 305, -1,
      296, 305, 297, -1,
      291, 297, 299, -1,
      299, 297, 305, -1,
      306, 307, 5, -1,
      5, 307, 6, -1,
      307, 308, 6, -1,
      6, 308, 7, -1,
      308, 309, 7, -1,
      7, 309, 8, -1,
      310, 13, 12, -1,
      310, 12, 311, -1,
      311, 12, 11, -1,
      311, 11, 312, -1,
      312, 11, 10, -1,
      312, 10, 313, -1,
      313, 10, 9, -1,
      313, 9, 314, -1,
      314, 9, 4, -1,
      314, 4, 315, -1,
      315, 4, 3, -1,
      315, 3, 316, -1,
      316, 3, 2, -1,
      316, 2, 317, -1,
      317, 2, 8, -1,
      317, 8, 309, -1,
      306, 5, 20, -1,
      306, 20, 318, -1,
      318, 20, 19, -1,
      318, 19, 319, -1,
      319, 19, 18, -1,
      319, 18, 320, -1,
      320, 18, 17, -1,
      320, 17, 321, -1,
      321, 17, 16, -1,
      321, 16, 322, -1,
      322, 16, 15, -1,
      322, 15, 323, -1,
      323, 15, 13, -1,
      323, 13, 310, -1,
      312, 313, 324, -1,
      324, 313, 314, -1,
      324, 314, 325, -1,
      325, 314, 315, -1,
      325, 315, 326, -1,
      326, 315, 316, -1,
      326, 316, 327, -1,
      327, 316, 317, -1,
      327, 317, 328, -1,
      328, 317, 309, -1,
      328, 309, 329, -1,
      329, 309, 308, -1,
      329, 308, 330, -1,
      330, 308, 307, -1,
      330, 307, 331, -1,
      331, 307, 306, -1,
      331, 306, 332, -1,
      332, 306, 318, -1,
      332, 318, 333, -1,
      333, 318, 319, -1,
      333, 319, 334, -1,
      334, 319, 320, -1,
      334, 320, 335, -1,
      335, 320, 321, -1,
      335, 321, 336, -1,
      336, 321, 322, -1,
      336, 322, 337, -1,
      337, 322, 323, -1,
      337, 323, 338, -1,
      338, 323, 310, -1,
      338, 310, 339, -1,
      339, 310, 311, -1,
      339, 311, 340, -1,
      340, 311, 312, -1,
      340, 312, 324, -1,
      328, 329, 341, -1,
      341, 329, 342, -1,
      328, 341, 343, -1,
      328, 343, 327, -1,
      327, 343, 344, -1,
      327, 344, 326, -1,
      326, 344, 345, -1,
      326, 345, 325, -1,
      325, 345, 346, -1,
      325, 346, 324, -1,
      324, 346, 347, -1,
      324, 347, 340, -1,
      340, 347, 348, -1,
      340, 348, 339, -1,
      339, 348, 349, -1,
      339, 349, 338, -1,
      338, 349, 350, -1,
      338, 350, 337, -1,
      337, 350, 351, -1,
      337, 351, 336, -1,
      336, 351, 352, -1,
      336, 352, 335, -1,
      335, 352, 353, -1,
      335, 353, 334, -1,
      334, 353, 354, -1,
      334, 354, 333, -1,
      333, 354, 355, -1,
      333, 355, 332, -1,
      332, 355, 356, -1,
      332, 356, 331, -1,
      330, 331, 357, -1,
      357, 331, 356, -1,
      329, 330, 342, -1,
      342, 330, 357, -1,
      358, 359, 30, -1,
      30, 359, 31, -1,
      359, 360, 31, -1,
      31, 360, 32, -1,
      360, 361, 32, -1,
      32, 361, 35, -1,
      361, 362, 35, -1,
      35, 362, 48, -1,
      362, 363, 48, -1,
      48, 363, 39, -1,
      363, 364, 39, -1,
      39, 364, 37, -1,
      364, 365, 37, -1,
      37, 365, 38, -1,
      365, 366, 38, -1,
      38, 366, 40, -1,
      366, 367, 40, -1,
      40, 367, 43, -1,
      367, 368, 43, -1,
      43, 368, 41, -1,
      368, 369, 41, -1,
      41, 369, 42, -1,
      369, 358, 42, -1,
      42, 358, 30, -1,
      360, 359, 358, -1,
      358, 369, 360, -1,
      360, 369, 368, -1,
      360, 368, 361, -1,
      363, 362, 364, -1,
      364, 362, 361, -1,
      364, 361, 365, -1,
      365, 361, 368, -1,
      365, 368, 366, -1,
      366, 368, 367, -1,
      370, 371, 34, -1,
      34, 371, 33, -1,
      33, 371, 372, -1,
      373, 29, 28, -1,
      373, 28, 374, -1,
      374, 28, 27, -1,
      374, 27, 372, -1,
      372, 27, 36, -1,
      372, 36, 33, -1,
      375, 76, 75, -1,
      375, 75, 376, -1,
      376, 75, 73, -1,
      376, 73, 377, -1,
      377, 73, 71, -1,
      377, 71, 378, -1,
      378, 71, 70, -1,
      378, 70, 379, -1,
      379, 70, 47, -1,
      379, 47, 380, -1,
      380, 47, 46, -1,
      380, 46, 381, -1,
      381, 46, 373, -1,
      373, 46, 26, -1,
      373, 26, 29, -1,
      382, 80, 79, -1,
      382, 79, 383, -1,
      383, 79, 78, -1,
      383, 78, 384, -1,
      384, 78, 68, -1,
      384, 68, 385, -1,
      385, 68, 64, -1,
      385, 64, 386, -1,
      386, 64, 63, -1,
      386, 63, 387, -1,
      387, 63, 77, -1,
      387, 77, 388, -1,
      388, 77, 76, -1,
      388, 76, 375, -1,
      389, 82, 81, -1,
      389, 81, 390, -1,
      390, 81, 80, -1,
      390, 80, 382, -1,
      389, 391, 82, -1,
      82, 391, 83, -1,
      392, 85, 84, -1,
      392, 84, 393, -1,
      393, 84, 83, -1,
      393, 83, 391, -1,
      394, 54, 67, -1,
      394, 67, 395, -1,
      395, 67, 66, -1,
      395, 66, 396, -1,
      396, 66, 53, -1,
      396, 53, 397, -1,
      397, 53, 52, -1,
      397, 52, 398, -1,
      398, 52, 50, -1,
      398, 50, 399, -1,
      399, 50, 49, -1,
      399, 49, 400, -1,
      400, 49, 85, -1,
      400, 85, 392, -1,
      401, 58, 57, -1,
      401, 57, 402, -1,
      402, 57, 59, -1,
      402, 59, 403, -1,
      403, 59, 60, -1,
      403, 60, 404, -1,
      404, 60, 61, -1,
      404, 61, 405, -1,
      405, 61, 56, -1,
      405, 56, 406, -1,
      406, 56, 55, -1,
      406, 55, 407, -1,
      407, 55, 54, -1,
      407, 54, 394, -1,
      370, 34, 51, -1,
      370, 51, 408, -1,
      408, 51, 62, -1,
      408, 62, 409, -1,
      409, 62, 58, -1,
      409, 58, 401, -1,
      402, 373, 401, -1,
      401, 373, 374, -1,
      401, 374, 409, -1,
      409, 374, 372, -1,
      409, 372, 408, -1,
      408, 372, 371, -1,
      408, 371, 370, -1,
      391, 389, 393, -1,
      393, 389, 390, -1,
      393, 390, 392, -1,
      392, 390, 382, -1,
      392, 382, 400, -1,
      400, 382, 383, -1,
      400, 383, 399, -1,
      399, 383, 384, -1,
      399, 384, 398, -1,
      398, 384, 385, -1,
      398, 385, 397, -1,
      397, 385, 386, -1,
      397, 386, 396, -1,
      396, 386, 387, -1,
      396, 387, 395, -1,
      395, 387, 388, -1,
      395, 388, 394, -1,
      394, 388, 375, -1,
      394, 375, 407, -1,
      407, 375, 376, -1,
      407, 376, 406, -1,
      406, 376, 377, -1,
      406, 377, 405, -1,
      405, 377, 378, -1,
      405, 378, 404, -1,
      404, 378, 379, -1,
      404, 379, 403, -1,
      403, 379, 380, -1,
      403, 380, 402, -1,
      402, 380, 381, -1,
      402, 381, 373, -1,
      410, 411, 72, -1,
      72, 411, 45, -1,
      411, 412, 45, -1,
      45, 412, 44, -1,
      412, 413, 44, -1,
      44, 413, 69, -1,
      413, 414, 69, -1,
      69, 414, 65, -1,
      414, 415, 65, -1,
      65, 415, 74, -1,
      415, 410, 74, -1,
      74, 410, 72, -1,
      414, 413, 415, -1,
      415, 413, 412, -1,
      415, 412, 410, -1,
      410, 412, 411, -1,
    ]
  }
}

Shape {
  appearance Appearance {
    material Material {
      diffuseColor 0.3725 0.3725 0.3725
      specularColor 0.1882 0.1882 0.1882
      ambientIntensity 0.2
      transparency 0.0000
      shininess 0.5
    }
  }
  geometry IndexedFaceSet {
    ccw TRUE
    solid FALSE
    coord DEF co Coordinate {
      point [
        -0.197285 -0.015963 -0.511811,
        -0.236782 -0.015963 -0.511811,
        -0.214907 0.033369 -0.511811,
        -0.216043 0.037466 -0.511811,
        -0.216797 0.041652 -0.511811,
        -0.217180 0.041652 -0.511811,
        -0.217950 0.037478 -0.511811,
        -0.219003 0.033369 -0.511811,
        -0.094298 0.043092 -0.511811,
        -0.076879 0.043092 -0.511811,
        -0.108278 0.041606 -0.511811,
        -0.118027 0.038194 -0.511811,
        -0.126654 0.032621 -0.511811,
        -0.132391 0.026529 -0.511811,
        -0.136494 0.019244 -0.511811,
        -0.139252 0.009903 -0.511811,
        -0.140255 -0.001852 -0.511811,
        -0.139170 -0.014257 -0.511811,
        -0.135707 -0.025360 -0.511811,
        -0.130725 -0.033503 -0.511811,
        -0.124100 -0.040046 -0.511811,
        -0.116046 -0.044830 -0.511811,
        -0.106106 -0.047932 -0.511811,
        -0.093646 -0.049092 -0.511811,
        -0.076879 -0.049092 -0.511811,
      ]
    }
    coordIndex [
      0, 1, 2, -1,
      2, 1, 7, -1,
      2, 7, 3, -1,
      3, 7, 6, -1,
      3, 6, 4, -1,
      4, 6, 5, -1,
      9, 24, 8, -1,
      8, 24, 23, -1,
      8, 23, 22, -1,
      16, 15, 8, -1,
      8, 15, 14, -1,
      8, 14, 10, -1,
      22, 21, 8, -1,
      8, 21, 20, -1,
      8, 20, 19, -1,
      19, 18, 8, -1,
      8, 18, 17, -1,
      8, 17, 16, -1,
      13, 12, 14, -1,
      14, 12, 11, -1,
      14, 11, 10, -1,
    ]
  }
}

Shape {
  appearance Appearance {
    material Material {
      diffuseColor 0.5020 0.5020 0.5020
      specularColor 0.2510 0.2510 0.2510
      ambientIntensity 0.2
      transparency 0.0000
      shininess 0.5
    }
  }
  geometry IndexedFaceSet {
    ccw TRUE
    solid FALSE
    coord DEF co Coordinate {
      point [
        -1.377953 0.905512 -0.511811,
        -1.299213 0.984252 -0.511811,
        -1.367404 0.944882 -0.511811,
        -1.354890 0.961189 -0.511811,
        -1.338583 0.973703 -0.511811,
        -1.375270 0.925891 -0.511811,
        -1.319592 0.981569 -0.511811,
        -1.375270 -0.925891 -0.511811,
        -1.377953 -0.905512 -0.511811,
        -1.299213 -0.984252 -0.511811,
        -1.338583 -0.973703 -0.511811,
        -1.354890 -0.961189 -0.511811,
        -1.367404 -0.944882 -0.511811,
        -1.319592 -0.981569 -0.511811,
        1.377953 -0.905512 -0.511811,
        1.299213 -0.984252 -0.511811,
        1.367404 -0.944882 -0.511811,
        1.354890 -0.961189 -0.511811,
        1.338583 -0.973703 -0.511811,
        1.375270 -0.925891 -0.511811,
        1.319592 -0.981569 -0.511811,
        1.299213 0.984252 -0.511811,
        1.367404 0.944882 -0.511811,
        1.354890 0.961189 -0.511811,
        1.319592 0.981569 -0.511811,
        1.338583 0.973703 -0.511811,
        1.377953 0.905512 -0.511811,
        1.375270 0.925891 -0.511811,
        1.377953 -0.905512 -0.157480,
        -1.377953 0.905512 -0.157480,
        -1.299213 -0.984252 -0.157480,
        1.299213 0.984252 -0.157480,
        -1.354890 0.961189 -0.157480,
        -1.375270 0.925891 -0.157480,
        -1.367404 0.944882 -0.157480,
        -1.299213 0.984252 -0.157480,
        -1.319592 0.981569 -0.157480,
        -1.338583 0.973703 -0.157480,
        1.354890 -0.961189 -0.157480,
        1.367404 -0.944882 -0.157480,
        1.375270 -0.925891 -0.157480,
        1.319592 -0.981569 -0.157480,
        1.338583 -0.973703 -0.157480,
        1.299213 -0.984252 -0.157480,
        1.377953 0.905512 -0.157480,
        1.319592 0.981569 -0.157480,
        1.338583 0.973703 -0.157480,
        1.354890 0.961189 -0.157480,
        1.375270 0.925891 -0.157480,
        1.367404 0.944882 -0.157480,
        -1.377953 -0.905512 -0.157480,
        -1.319592 -0.981569 -0.157480,
        -1.338583 -0.973703 -0.157480,
        -1.354890 -0.961189 -0.157480,
        -1.375270 -0.925891 -0.157480,
        -1.367404 -0.944882 -0.157480,
      ]
    }
    coordIndex [
      0, 29, 33, -1,
      0, 33, 5, -1,
      5, 33, 34, -1,
      5, 34, 2, -1,
      2, 34, 32, -1,
      2, 32, 3, -1,
      3, 32, 37, -1,
      3, 37, 4, -1,
      4, 37, 36, -1,
      4, 36, 6, -1,
      6, 36, 35, -1,
      6, 35, 1, -1,
      21, 31, 45, -1,
      21, 45, 24, -1,
      24, 45, 46, -1,
      24, 46, 25, -1,
      25, 46, 47, -1,
      25, 47, 23, -1,
      23, 47, 49, -1,
      23, 49, 22, -1,
      22, 49, 48, -1,
      22, 48, 27, -1,
      27, 48, 44, -1,
      27, 44, 26, -1,
      14, 28, 40, -1,
      14, 40, 19, -1,
      19, 40, 39, -1,
      19, 39, 16, -1,
      16, 39, 38, -1,
      16, 38, 17, -1,
      17, 38, 42, -1,
      17, 42, 18, -1,
      18, 42, 41, -1,
      18, 41, 20, -1,
      20, 41, 43, -1,
      20, 43, 15, -1,
      9, 30, 51, -1,
      9, 51, 13, -1,
      13, 51, 52, -1,
      13, 52, 10, -1,
      10, 52, 53, -1,
      10, 53, 11, -1,
      11, 53, 55, -1,
      11, 55, 12, -1,
      12, 55, 54, -1,
      12, 54, 7, -1,
      7, 54, 50, -1,
      7, 50, 8, -1,
    ]
  }
}
